source_file,charge_factor_raw,charge_factor_mean_one,unit,description
near\59v-17.5ns-15.0v\C2--C1--00018.trc,1.2310243052975698,1.1647111042653413,relative p.e. charge,empirical clean-SPE charge factor rescaled to exact mean one
near\59v-17.5ns-15.0v\C2--C1--00022.trc,1.0217964027622826,0.9667539556076717,relative p.e. charge,empirical clean-SPE charge factor rescaled to exact mean one
near\59v-17.5ns-15.0v\C2--C1--00023.trc,0.992283197886379,0.9388305772523485,relative p.e. charge,empirical clean-SPE charge factor rescaled to exact mean one
near\59v-17.5ns-15.0v\C2--C1--00036.trc,1.0958846913171105,1.0368512331386495,relative p.e. charge,empirical clean-SPE charge factor rescaled to exact mean one
near\59v-17.5ns-15.0v\C2--C1--00037.trc,0.9109528727529957,0.8618813794268317,relative p.e. charge,empirical clean-SPE charge factor rescaled to exact mean one
near\59v-17.5ns-15.0v\C2--C1--00039.trc,1.1135762471120074,1.053589774690894,relative p.e. charge,empirical clean-SPE charge factor rescaled to exact mean one
near\59v-17.5ns-15.0v\C2--C1--00048.trc,1.1001607850430937,1.0408969809147894,relative p.e. charge,empirical clean-SPE charge factor rescaled to exact mean one
near\59v-17.5ns-15.0v\C2--C1--00051.trc,1.3988521065928035,1.3234983052424543,relative p.e. charge,empirical clean-SPE charge factor rescaled to exact mean one
near\59v-17.5ns-15.0v\C2--C1--00056.trc,1.2724490670581654,1.2039043840458323,relative p.e. charge,empirical clean-SPE charge factor rescaled to exact mean one
near\59v-17.5ns-15.0v\C2--C1--00069.trc,1.052357271619878,0.9956685620547264,relative p.e. charge,empirical clean-SPE charge factor rescaled to exact mean one
near\59v-17.5ns-15.0v\C2--C1--00071.trc,0.8799473795146155,0.8325460997637417,relative p.e. charge,empirical clean-SPE charge factor rescaled to exact mean one
near\59v-17.5ns-15.0v\C2--C1--00095.trc,0.8684062957702446,0.8216267147162826,relative p.e. charge,empirical clean-SPE charge factor rescaled to exact mean one
near\59v-17.5ns-15.0v\C2--C1--00101.trc,1.3334532198051825,1.2616223460754892,relative p.e. charge,empirical clean-SPE charge factor rescaled to exact mean one
near\59v-17.5ns-15.0v\C2--C1--00128.trc,0.8413851311216766,0.7960611345884704,relative p.e. charge,empirical clean-SPE charge factor rescaled to exact mean one
near\59v-17.5ns-15.0v\C2--C1--00138.trc,1.4492396553423894,1.3711715618083902,relative p.e. charge,empirical clean-SPE charge factor rescaled to exact mean one
near\59v-17.5ns-15.0v\C2--C1--00141.trc,0.9473277066506258,0.896296762432723,relative p.e. charge,empirical clean-SPE charge factor rescaled to exact mean one
near\59v-17.5ns-15.0v\C2--C1--00144.trc,1.1808530000521245,1.1172424425310543,relative p.e. charge,empirical clean-SPE charge factor rescaled to exact mean one
near\59v-17.5ns-15.0v\C2--C1--00152.trc,1.209914924399201,1.1447388500777576,relative p.e. charge,empirical clean-SPE charge factor rescaled to exact mean one
near\59v-17.5ns-15.0v\C2--C1--00162.trc,1.0154145435020157,0.9607158763314915,relative p.e. charge,empirical clean-SPE charge factor rescaled to exact mean one
near\59v-17.5ns-15.0v\C2--C1--00169.trc,1.1561608870430935,1.0938804519630116,relative p.e. charge,empirical clean-SPE charge factor rescaled to exact mean one
near\59v-17.5ns-15.0v\C2--C1--00170.trc,0.5663972735571419,0.5358864086588069,relative p.e. charge,empirical clean-SPE charge factor rescaled to exact mean one
near\59v-17.5ns-15.0v\C2--C1--00172.trc,0.9516718901783117,0.9004069321279016,relative p.e. charge,empirical clean-SPE charge factor rescaled to exact mean one
near\59v-17.5ns-15.0v\C2--C1--00173.trc,1.0500742361519655,0.9935085098531036,relative p.e. charge,empirical clean-SPE charge factor rescaled to exact mean one
near\59v-17.5ns-15.0v\C2--C1--00175.trc,1.041272056066751,0.9851804883486749,relative p.e. charge,empirical clean-SPE charge factor rescaled to exact mean one
near\59v-17.5ns-15.0v\C2--C1--00184.trc,0.8306642442572081,0.7859177637997024,relative p.e. charge,empirical clean-SPE charge factor rescaled to exact mean one
near\59v-17.5ns-15.0v\C2--C1--00193.trc,0.9503847624344015,0.8991891397825442,relative p.e. charge,empirical clean-SPE charge factor rescaled to exact mean one
near\59v-17.5ns-15.0v\C2--C1--00198.trc,0.9848390971511212,0.9317874776560909,relative p.e. charge,empirical clean-SPE charge factor rescaled to exact mean one
near\59v-17.5ns-15.0v\C2--C1--00200.trc,1.320198546137039,1.2490816793004587,relative p.e. charge,empirical clean-SPE charge factor rescaled to exact mean one
near\59v-17.5ns-15.0v\C2--C1--00202.trc,0.9936568097094859,0.9401301949255642,relative p.e. charge,empirical clean-SPE charge factor rescaled to exact mean one
near\59v-17.5ns-15.0v\C2--C1--00205.trc,1.4448619175066846,1.367029645319117,relative p.e. charge,empirical clean-SPE charge factor rescaled to exact mean one
near\59v-17.5ns-15.0v\C2--C1--00206.trc,0.9582881738354155,0.9066668077544314,relative p.e. charge,empirical clean-SPE charge factor rescaled to exact mean one
near\59v-17.5ns-15.0v\C2--C1--00217.trc,0.9265630910355582,0.8766507016046838,relative p.e. charge,empirical clean-SPE charge factor rescaled to exact mean one
near\59v-17.5ns-15.0v\C2--C1--00263.trc,0.9291736497816191,0.879120633958407,relative p.e. charge,empirical clean-SPE charge factor rescaled to exact mean one
near\59v-17.5ns-15.0v\C2--C1--00264.trc,0.8660773972140873,0.8194232699935495,relative p.e. charge,empirical clean-SPE charge factor rescaled to exact mean one
near\59v-17.5ns-15.0v\C2--C1--00265.trc,1.4139009167029821,1.3377364613583635,relative p.e. charge,empirical clean-SPE charge factor rescaled to exact mean one
near\59v-17.5ns-15.0v\C2--C1--00270.trc,0.9255575648544114,0.8756993414213217,relative p.e. charge,empirical clean-SPE charge factor rescaled to exact mean one
near\59v-17.5ns-15.0v\C2--C1--00274.trc,1.0883244685882392,1.0296982668445298,relative p.e. charge,empirical clean-SPE charge factor rescaled to exact mean one
near\59v-17.5ns-15.0v\C2--C1--00275.trc,1.3805360338204604,1.306168888387989,relative p.e. charge,empirical clean-SPE charge factor rescaled to exact mean one
near\59v-17.5ns-15.0v\C2--C1--00284.trc,1.3782921214391541,1.304045851778347,relative p.e. charge,empirical clean-SPE charge factor rescaled to exact mean one
near\59v-17.5ns-15.0v\C2--C1--00298.trc,0.8227619165465269,0.7784411211415793,relative p.e. charge,empirical clean-SPE charge factor rescaled to exact mean one
near\59v-17.5ns-15.0v\C2--C1--00305.trc,0.8901627753189817,0.8422112094424127,relative p.e. charge,empirical clean-SPE charge factor rescaled to exact mean one
near\59v-17.5ns-15.0v\C2--C1--00312.trc,1.1334770422546132,1.0724185475969659,relative p.e. charge,empirical clean-SPE charge factor rescaled to exact mean one
near\59v-17.5ns-15.0v\C2--C1--00313.trc,1.081285624981975,1.023038593859908,relative p.e. charge,empirical clean-SPE charge factor rescaled to exact mean one
near\59v-17.5ns-15.0v\C2--C1--00321.trc,0.9248837019392795,0.8750617783637693,relative p.e. charge,empirical clean-SPE charge factor rescaled to exact mean one
near\59v-17.5ns-15.0v\C2--C1--00335.trc,1.0272602909921633,0.9719235134030951,relative p.e. charge,empirical clean-SPE charge factor rescaled to exact mean one
near\59v-17.5ns-15.0v\C2--C1--00351.trc,1.2576184114984954,1.1898726308630982,relative p.e. charge,empirical clean-SPE charge factor rescaled to exact mean one
near\59v-17.5ns-15.0v\C2--C1--00372.trc,1.2230999001277985,1.157213573423577,relative p.e. charge,empirical clean-SPE charge factor rescaled to exact mean one
near\59v-17.5ns-15.0v\C2--C1--00380.trc,1.1014215613661165,1.0420898413458144,relative p.e. charge,empirical clean-SPE charge factor rescaled to exact mean one
near\59v-17.5ns-15.0v\C2--C1--00399.trc,1.0684888306816733,1.010931141264195,relative p.e. charge,empirical clean-SPE charge factor rescaled to exact mean one
near\59v-17.5ns-15.0v\C2--C1--00401.trc,1.0564350060308236,0.9995266357972471,relative p.e. charge,empirical clean-SPE charge factor rescaled to exact mean one
near\59v-17.5ns-15.0v\C2--C1--00402.trc,1.2666962267081725,1.1984614394931796,relative p.e. charge,empirical clean-SPE charge factor rescaled to exact mean one
near\59v-17.5ns-15.0v\C2--C1--00423.trc,1.2185631622995305,1.1529212220029061,relative p.e. charge,empirical clean-SPE charge factor rescaled to exact mean one
near\59v-17.5ns-15.0v\C2--C1--00424.trc,1.4533940318448526,1.3751021490623503,relative p.e. charge,empirical clean-SPE charge factor rescaled to exact mean one
near\59v-17.5ns-15.0v\C2--C1--00448.trc,1.367937430677881,1.294248950726931,relative p.e. charge,empirical clean-SPE charge factor rescaled to exact mean one
near\59v-17.5ns-15.0v\C2--C1--00449.trc,1.099945828407741,1.0406936036304797,relative p.e. charge,empirical clean-SPE charge factor rescaled to exact mean one
near\59v-17.5ns-15.0v\C2--C1--00454.trc,1.0453621090124448,0.9890502170472737,relative p.e. charge,empirical clean-SPE charge factor rescaled to exact mean one
near\59v-17.5ns-15.0v\C2--C1--00463.trc,0.8495264898729638,0.8037639320885895,relative p.e. charge,empirical clean-SPE charge factor rescaled to exact mean one
near\59v-17.5ns-15.0v\C2--C1--00465.trc,1.4554555805694405,1.3770526456375833,relative p.e. charge,empirical clean-SPE charge factor rescaled to exact mean one
near\59v-17.5ns-15.0v\C2--C1--00470.trc,1.0707422419918768,1.0130631651114714,relative p.e. charge,empirical clean-SPE charge factor rescaled to exact mean one
near\59v-17.5ns-15.0v\C2--C1--00472.trc,1.072985084910251,1.0151851898683437,relative p.e. charge,empirical clean-SPE charge factor rescaled to exact mean one
near\59v-17.5ns-15.0v\C2--C1--00490.trc,0.9511005684029987,0.8998663864920827,relative p.e. charge,empirical clean-SPE charge factor rescaled to exact mean one
near\59v-17.5ns-15.0v\C2--C1--00498.trc,0.9662044252309033,0.9141566240519674,relative p.e. charge,empirical clean-SPE charge factor rescaled to exact mean one
near\59v-17.5ns-15.0v\C2--C1--00534.trc,0.8093952895700227,0.7657945317939028,relative p.e. charge,empirical clean-SPE charge factor rescaled to exact mean one
near\59v-17.5ns-15.0v\C2--C1--00535.trc,1.416203963525991,1.3399154469371684,relative p.e. charge,empirical clean-SPE charge factor rescaled to exact mean one
near\59v-17.5ns-15.0v\C2--C1--00547.trc,1.0079208055304112,0.9536258133730084,relative p.e. charge,empirical clean-SPE charge factor rescaled to exact mean one
near\59v-17.5ns-15.0v\C2--C1--00560.trc,0.8759918180828299,0.828803617748254,relative p.e. charge,empirical clean-SPE charge factor rescaled to exact mean one
near\59v-17.5ns-15.0v\C2--C1--00584.trc,0.930512037187682,0.8803869246944568,relative p.e. charge,empirical clean-SPE charge factor rescaled to exact mean one
near\59v-17.5ns-15.0v\C2--C1--00587.trc,1.2901045412023704,1.2206087876049923,relative p.e. charge,empirical clean-SPE charge factor rescaled to exact mean one
near\59v-17.5ns-15.0v\C2--C1--00607.trc,1.0477910876804375,0.9913483507351791,relative p.e. charge,empirical clean-SPE charge factor rescaled to exact mean one
near\59v-17.5ns-15.0v\C2--C1--00609.trc,0.65472909710445,0.619459945999069,relative p.e. charge,empirical clean-SPE charge factor rescaled to exact mean one
near\59v-17.5ns-15.0v\C2--C1--00632.trc,0.80679039530012,0.7633299587805702,relative p.e. charge,empirical clean-SPE charge factor rescaled to exact mean one
near\59v-17.5ns-15.0v\C2--C1--00634.trc,1.0491853068845685,0.9926674657045939,relative p.e. charge,empirical clean-SPE charge factor rescaled to exact mean one
near\59v-17.5ns-15.0v\C2--C1--00636.trc,1.1427943814728743,1.0812339774816686,relative p.e. charge,empirical clean-SPE charge factor rescaled to exact mean one
near\59v-17.5ns-15.0v\C2--C1--00638.trc,1.1640505015710931,1.101345066276141,relative p.e. charge,empirical clean-SPE charge factor rescaled to exact mean one
near\59v-17.5ns-15.0v\C2--C1--00639.trc,1.1247055932902332,1.0641196017797745,relative p.e. charge,empirical clean-SPE charge factor rescaled to exact mean one
near\59v-17.5ns-15.0v\C2--C1--00653.trc,0.999582174640575,0.9457363704513965,relative p.e. charge,empirical clean-SPE charge factor rescaled to exact mean one
near\59v-17.5ns-15.0v\C2--C1--00656.trc,1.495088821208206,1.4145509105145164,relative p.e. charge,empirical clean-SPE charge factor rescaled to exact mean one
near\59v-17.5ns-15.0v\C2--C1--00660.trc,1.0491148295732067,0.9926007848870109,relative p.e. charge,empirical clean-SPE charge factor rescaled to exact mean one
near\59v-17.5ns-15.0v\C2--C1--00664.trc,0.9635450740369902,0.9116405276171833,relative p.e. charge,empirical clean-SPE charge factor rescaled to exact mean one
near\59v-17.5ns-15.0v\C2--C1--00668.trc,1.0740241423894432,1.0161682750753356,relative p.e. charge,empirical clean-SPE charge factor rescaled to exact mean one
near\59v-17.5ns-15.0v\C2--C1--00684.trc,1.4045906987538428,1.3289277691320376,relative p.e. charge,empirical clean-SPE charge factor rescaled to exact mean one
near\59v-17.5ns-15.0v\C2--C1--00700.trc,0.9576191316269214,0.906033805720189,relative p.e. charge,empirical clean-SPE charge factor rescaled to exact mean one
near\59v-17.5ns-15.0v\C2--C1--00701.trc,0.9505252907484769,0.8993220980735893,relative p.e. charge,empirical clean-SPE charge factor rescaled to exact mean one
near\59v-17.5ns-15.0v\C2--C1--00713.trc,0.9076636451091151,0.858769336923042,relative p.e. charge,empirical clean-SPE charge factor rescaled to exact mean one
near\59v-17.5ns-15.0v\C2--C1--00715.trc,1.1039440114787105,1.044476411329405,relative p.e. charge,empirical clean-SPE charge factor rescaled to exact mean one
near\59v-17.5ns-15.0v\C2--C1--00731.trc,0.822328582494832,0.7780311300636669,relative p.e. charge,empirical clean-SPE charge factor rescaled to exact mean one
near\59v-17.5ns-15.0v\C2--C1--00737.trc,1.300840237558632,1.2307661701232329,relative p.e. charge,empirical clean-SPE charge factor rescaled to exact mean one
near\59v-17.5ns-15.0v\C2--C1--00754.trc,1.31960556145446,1.2485206377016154,relative p.e. charge,empirical clean-SPE charge factor rescaled to exact mean one
near\59v-17.5ns-15.0v\C2--C1--00755.trc,1.3511184083686198,1.2783359407545178,relative p.e. charge,empirical clean-SPE charge factor rescaled to exact mean one
near\59v-17.5ns-15.0v\C2--C1--00758.trc,0.8831710963201506,0.8355961603874479,relative p.e. charge,empirical clean-SPE charge factor rescaled to exact mean one
near\59v-17.5ns-15.0v\C2--C1--00760.trc,0.6950283228474805,0.6575883204870588,relative p.e. charge,empirical clean-SPE charge factor rescaled to exact mean one
near\59v-17.5ns-15.0v\C2--C1--00785.trc,1.1176565125339306,1.0574502431031039,relative p.e. charge,empirical clean-SPE charge factor rescaled to exact mean one
near\59v-17.5ns-15.0v\C2--C1--00788.trc,0.8863847527123155,0.8386367025352677,relative p.e. charge,empirical clean-SPE charge factor rescaled to exact mean one
near\59v-17.5ns-15.0v\C2--C1--00810.trc,0.9451837277208661,0.8942682760283068,relative p.e. charge,empirical clean-SPE charge factor rescaled to exact mean one
near\59v-17.5ns-15.0v\C2--C1--00811.trc,1.320140179531453,1.2490264568053773,relative p.e. charge,empirical clean-SPE charge factor rescaled to exact mean one
near\59v-17.5ns-15.0v\C2--C1--00815.trc,1.0288671274823276,0.9734437923242987,relative p.e. charge,empirical clean-SPE charge factor rescaled to exact mean one
near\59v-17.5ns-15.0v\C2--C1--00825.trc,0.9814897859182843,0.928618588164845,relative p.e. charge,empirical clean-SPE charge factor rescaled to exact mean one
near\59v-17.5ns-15.0v\C2--C1--00847.trc,0.8612234946639392,0.8148308389791085,relative p.e. charge,empirical clean-SPE charge factor rescaled to exact mean one
near\59v-17.5ns-15.0v\C2--C1--00874.trc,1.1674589500500445,1.1045699073898925,relative p.e. charge,empirical clean-SPE charge factor rescaled to exact mean one
near\59v-17.5ns-15.0v\C2--C1--00877.trc,0.913599487610943,0.8643854256105663,relative p.e. charge,empirical clean-SPE charge factor rescaled to exact mean one
near\59v-17.5ns-15.0v\C2--C1--00912.trc,1.4338633409340287,1.356623543497928,relative p.e. charge,empirical clean-SPE charge factor rescaled to exact mean one
near\59v-17.5ns-15.0v\C2--C1--00915.trc,1.004989834277393,0.9508527285931369,relative p.e. charge,empirical clean-SPE charge factor rescaled to exact mean one
near\59v-17.5ns-15.0v\C2--C1--00927.trc,0.7127008232892265,0.6743088331658561,relative p.e. charge,empirical clean-SPE charge factor rescaled to exact mean one
near\59v-17.5ns-15.0v\C2--C1--00935.trc,1.333813503093366,1.2619632215111916,relative p.e. charge,empirical clean-SPE charge factor rescaled to exact mean one
near\59v-17.5ns-15.0v\C2--C1--00938.trc,0.9922211718838593,0.9387718924858682,relative p.e. charge,empirical clean-SPE charge factor rescaled to exact mean one
near\59v-17.5ns-15.0v\C2--C1--00945.trc,0.8565164906780033,0.810377393351229,relative p.e. charge,empirical clean-SPE charge factor rescaled to exact mean one
near\59v-17.5ns-15.0v\C2--C1--00956.trc,0.9717567010960868,0.9194098081900015,relative p.e. charge,empirical clean-SPE charge factor rescaled to exact mean one
near\59v-17.5ns-15.0v\C2--C1--00964.trc,0.5506305949323695,0.5209690543932334,relative p.e. charge,empirical clean-SPE charge factor rescaled to exact mean one
near\59v-17.5ns-15.0v\C2--C1--00967.trc,1.0827751054882528,1.0244478385659492,relative p.e. charge,empirical clean-SPE charge factor rescaled to exact mean one
near\59v-17.5ns-15.0v\C2--C1--00969.trc,1.46913771757207,1.389997749018942,relative p.e. charge,empirical clean-SPE charge factor rescaled to exact mean one
near\59v-17.5ns-15.0v\C2--C1--00981.trc,0.7538844800219462,0.7132739958392738,relative p.e. charge,empirical clean-SPE charge factor rescaled to exact mean one
near\59v-17.5ns-15.0v\C2--C1--00984.trc,0.8585560144554527,0.8123070514260421,relative p.e. charge,empirical clean-SPE charge factor rescaled to exact mean one
near\59v-17.5ns-15.0v\C2--C1--00993.trc,1.2290373444607203,1.1628311776542584,relative p.e. charge,empirical clean-SPE charge factor rescaled to exact mean one
near\59v-17.5ns-15.0v\C2--C1--00998.trc,0.8036626929872562,0.7603707405109129,relative p.e. charge,empirical clean-SPE charge factor rescaled to exact mean one
near\59v-17.5ns-15.0v\C2--C1--01013.trc,0.7461034725518357,0.7059121381051825,relative p.e. charge,empirical clean-SPE charge factor rescaled to exact mean one
near\59v-17.5ns-15.0v\C2--C1--01025.trc,1.1624291370838176,1.0998110419565035,relative p.e. charge,empirical clean-SPE charge factor rescaled to exact mean one
near\59v-17.5ns-15.0v\C2--C1--01040.trc,1.093138456847303,1.0342529336833615,relative p.e. charge,empirical clean-SPE charge factor rescaled to exact mean one
near\59v-17.5ns-15.0v\C2--C1--01048.trc,1.2501771016181598,1.1828321717831198,relative p.e. charge,empirical clean-SPE charge factor rescaled to exact mean one
near\59v-17.5ns-15.0v\C2--C1--01074.trc,0.8371568854476614,0.792060657370519,relative p.e. charge,empirical clean-SPE charge factor rescaled to exact mean one
near\59v-17.5ns-15.0v\C2--C1--01079.trc,0.9633702728383612,0.9114751426640137,relative p.e. charge,empirical clean-SPE charge factor rescaled to exact mean one
near\59v-17.5ns-15.0v\C2--C1--01082.trc,0.99219328357213,0.938745506470409,relative p.e. charge,empirical clean-SPE charge factor rescaled to exact mean one
near\59v-17.5ns-15.0v\C2--C1--01105.trc,0.9389813518086219,0.8884000116352065,relative p.e. charge,empirical clean-SPE charge factor rescaled to exact mean one
near\59v-17.5ns-15.0v\C2--C1--01116.trc,1.1928882444661726,1.1286293686471889,relative p.e. charge,empirical clean-SPE charge factor rescaled to exact mean one
near\59v-17.5ns-15.0v\C2--C1--01120.trc,1.12094284550954,1.0605595468695153,relative p.e. charge,empirical clean-SPE charge factor rescaled to exact mean one
near\59v-17.5ns-15.0v\C2--C1--01126.trc,1.3062526124285019,1.235886989496381,relative p.e. charge,empirical clean-SPE charge factor rescaled to exact mean one
near\59v-17.5ns-15.0v\C2--C1--01127.trc,1.1159643740397112,1.0558492572527913,relative p.e. charge,empirical clean-SPE charge factor rescaled to exact mean one
near\59v-17.5ns-15.0v\C2--C1--01131.trc,1.1634190601739587,1.1007476395610303,relative p.e. charge,empirical clean-SPE charge factor rescaled to exact mean one
near\59v-17.5ns-15.0v\C2--C1--01136.trc,0.9761877121545318,0.9236021281634451,relative p.e. charge,empirical clean-SPE charge factor rescaled to exact mean one
near\59v-17.5ns-15.0v\C2--C1--01147.trc,1.0934315931243441,1.0345302792040498,relative p.e. charge,empirical clean-SPE charge factor rescaled to exact mean one
near\59v-17.5ns-15.0v\C2--C1--01151.trc,1.1329073430413092,1.0718795371184797,relative p.e. charge,empirical clean-SPE charge factor rescaled to exact mean one
near\59v-17.5ns-15.0v\C2--C1--01166.trc,1.1134358238796864,1.0534569158210267,relative p.e. charge,empirical clean-SPE charge factor rescaled to exact mean one
near\59v-17.5ns-15.0v\C2--C1--01180.trc,0.6465016361577953,0.6116756844834835,relative p.e. charge,empirical clean-SPE charge factor rescaled to exact mean one
near\59v-17.5ns-15.0v\C2--C1--01184.trc,1.22237859370357,1.1565311225586659,relative p.e. charge,empirical clean-SPE charge factor rescaled to exact mean one
near\59v-17.5ns-15.0v\C2--C1--01195.trc,1.0676818047714403,1.0101675884772734,relative p.e. charge,empirical clean-SPE charge factor rescaled to exact mean one
near\59v-17.5ns-15.0v\C2--C1--01201.trc,1.236932890917951,1.1703014043536055,relative p.e. charge,empirical clean-SPE charge factor rescaled to exact mean one
near\59v-17.5ns-15.0v\C2--C1--01208.trc,1.1102413789795964,1.0504345502746377,relative p.e. charge,empirical clean-SPE charge factor rescaled to exact mean one
near\59v-17.5ns-15.0v\C2--C1--01215.trc,1.2291587979394445,1.1629460886391292,relative p.e. charge,empirical clean-SPE charge factor rescaled to exact mean one
near\59v-17.5ns-15.0v\C2--C1--01219.trc,0.7206391763709487,0.6818195605691025,relative p.e. charge,empirical clean-SPE charge factor rescaled to exact mean one
near\59v-17.5ns-15.0v\C2--C1--01221.trc,1.2663175692574877,1.1981031796800894,relative p.e. charge,empirical clean-SPE charge factor rescaled to exact mean one
near\59v-17.5ns-15.0v\C2--C1--01243.trc,1.2398586573049564,1.1730695646448095,relative p.e. charge,empirical clean-SPE charge factor rescaled to exact mean one
near\59v-17.5ns-15.0v\C2--C1--01265.trc,0.8039703028675789,0.7606617799663092,relative p.e. charge,empirical clean-SPE charge factor rescaled to exact mean one
near\59v-17.5ns-15.0v\C2--C1--01279.trc,1.0479599140418705,0.9915080827055452,relative p.e. charge,empirical clean-SPE charge factor rescaled to exact mean one
near\59v-17.5ns-15.0v\C2--C1--01284.trc,0.9543080984660691,0.9029011323258134,relative p.e. charge,empirical clean-SPE charge factor rescaled to exact mean one
near\59v-17.5ns-15.0v\C2--C1--01285.trc,0.94833536931886,0.8972501440142201,relative p.e. charge,empirical clean-SPE charge factor rescaled to exact mean one
near\59v-17.5ns-15.0v\C2--C1--01303.trc,0.8206690319201739,0.776460976676706,relative p.e. charge,empirical clean-SPE charge factor rescaled to exact mean one
near\59v-17.5ns-15.0v\C2--C1--01307.trc,0.8829011662628625,0.8353407710066327,relative p.e. charge,empirical clean-SPE charge factor rescaled to exact mean one
near\59v-17.5ns-15.0v\C2--C1--01320.trc,0.858284581107303,0.812050239734106,relative p.e. charge,empirical clean-SPE charge factor rescaled to exact mean one
near\59v-17.5ns-15.0v\C2--C1--01328.trc,1.2364809286629581,1.1698737885422577,relative p.e. charge,empirical clean-SPE charge factor rescaled to exact mean one
near\59v-17.5ns-15.0v\C2--C1--01332.trc,1.2134180772456178,1.1480532939945851,relative p.e. charge,empirical clean-SPE charge factor rescaled to exact mean one
near\59v-17.5ns-15.0v\C2--C1--01349.trc,1.1578106311320944,1.0954413271231418,relative p.e. charge,empirical clean-SPE charge factor rescaled to exact mean one
near\59v-17.5ns-15.0v\C2--C1--01356.trc,1.189467964466828,1.125393333357073,relative p.e. charge,empirical clean-SPE charge factor rescaled to exact mean one
near\59v-17.5ns-15.0v\C2--C1--01360.trc,0.9181395452628843,0.8686809180216138,relative p.e. charge,empirical clean-SPE charge factor rescaled to exact mean one
near\59v-17.5ns-15.0v\C2--C1--01376.trc,1.015612566411007,0.9609032320806903,relative p.e. charge,empirical clean-SPE charge factor rescaled to exact mean one
near\59v-17.5ns-15.0v\C2--C1--01381.trc,1.2462845145131185,1.179149271773712,relative p.e. charge,empirical clean-SPE charge factor rescaled to exact mean one
near\59v-17.5ns-15.0v\C2--C1--01383.trc,1.0893258055790636,1.0306456635021797,relative p.e. charge,empirical clean-SPE charge factor rescaled to exact mean one
near\59v-17.5ns-15.0v\C2--C1--01394.trc,1.0067361933355665,0.9525050142371618,relative p.e. charge,empirical clean-SPE charge factor rescaled to exact mean one
near\59v-17.5ns-15.0v\C2--C1--01415.trc,0.70220186618143,0.6643754371524442,relative p.e. charge,empirical clean-SPE charge factor rescaled to exact mean one
near\59v-17.5ns-15.0v\C2--C1--01420.trc,1.2896201862867291,1.2201505240709376,relative p.e. charge,empirical clean-SPE charge factor rescaled to exact mean one
near\59v-17.5ns-15.0v\C2--C1--01432.trc,1.478691215758944,1.3990366163873174,relative p.e. charge,empirical clean-SPE charge factor rescaled to exact mean one
near\59v-17.5ns-15.0v\C2--C1--01433.trc,0.7864011387238264,0.7440390370335915,relative p.e. charge,empirical clean-SPE charge factor rescaled to exact mean one
near\59v-17.5ns-15.0v\C2--C1--01439.trc,0.9013639277698878,0.8528089747212922,relative p.e. charge,empirical clean-SPE charge factor rescaled to exact mean one
near\59v-17.5ns-15.0v\C2--C1--01449.trc,0.989939589843629,0.9366132154182321,relative p.e. charge,empirical clean-SPE charge factor rescaled to exact mean one
near\59v-17.5ns-15.0v\C2--C1--01465.trc,0.787116440575131,0.7447158067817847,relative p.e. charge,empirical clean-SPE charge factor rescaled to exact mean one
near\59v-17.5ns-15.0v\C2--C1--01470.trc,1.3839710967039265,1.309418910233216,relative p.e. charge,empirical clean-SPE charge factor rescaled to exact mean one
near\59v-17.5ns-15.0v\C2--C1--01476.trc,0.8615398679718534,0.8151301697910471,relative p.e. charge,empirical clean-SPE charge factor rescaled to exact mean one
near\59v-17.5ns-15.0v\C2--C1--01498.trc,1.4494062094744677,1.3713291439505606,relative p.e. charge,empirical clean-SPE charge factor rescaled to exact mean one
near\59v-17.5ns-15.0v\C2--C1--01512.trc,0.8163482609448905,0.7723729583392586,relative p.e. charge,empirical clean-SPE charge factor rescaled to exact mean one
near\59v-17.5ns-15.0v\C2--C1--01522.trc,1.1782086583405933,1.1147405470431762,relative p.e. charge,empirical clean-SPE charge factor rescaled to exact mean one
near\59v-17.5ns-15.0v\C2--C1--01550.trc,1.2071936140065584,1.142164132081676,relative p.e. charge,empirical clean-SPE charge factor rescaled to exact mean one
near\59v-17.5ns-15.0v\C2--C1--01555.trc,1.220616153447901,1.154863621984105,relative p.e. charge,empirical clean-SPE charge factor rescaled to exact mean one
near\59v-17.5ns-15.0v\C2--C1--01563.trc,1.1554398902940628,1.0931982940916183,relative p.e. charge,empirical clean-SPE charge factor rescaled to exact mean one
near\59v-17.5ns-15.0v\C2--C1--01576.trc,1.1226356567528837,1.0621611692290924,relative p.e. charge,empirical clean-SPE charge factor rescaled to exact mean one
near\59v-17.5ns-15.0v\C2--C1--01581.trc,0.9528029902094779,0.9014771017099844,relative p.e. charge,empirical clean-SPE charge factor rescaled to exact mean one
near\59v-17.5ns-15.0v\C2--C1--01603.trc,1.0871184854865266,1.0285572480164884,relative p.e. charge,empirical clean-SPE charge factor rescaled to exact mean one
near\59v-17.5ns-15.0v\C2--C1--01610.trc,1.4053956248418356,1.329689335210598,relative p.e. charge,empirical clean-SPE charge factor rescaled to exact mean one
near\59v-17.5ns-15.0v\C2--C1--01619.trc,1.2178179444943977,1.1522161478228112,relative p.e. charge,empirical clean-SPE charge factor rescaled to exact mean one
near\59v-17.5ns-15.0v\C2--C1--01620.trc,1.2455776124100932,1.1784804492935392,relative p.e. charge,empirical clean-SPE charge factor rescaled to exact mean one
near\59v-17.5ns-15.0v\C2--C1--01636.trc,1.040401061879084,0.9843564131474293,relative p.e. charge,empirical clean-SPE charge factor rescaled to exact mean one
near\59v-17.5ns-15.0v\C2--C1--01645.trc,0.8513101475235018,0.8054515071127782,relative p.e. charge,empirical clean-SPE charge factor rescaled to exact mean one
near\59v-17.5ns-15.0v\C2--C1--01651.trc,0.8872556587048448,0.8394606942922987,relative p.e. charge,empirical clean-SPE charge factor rescaled to exact mean one
near\59v-17.5ns-15.0v\C2--C1--01657.trc,0.8531541361594368,0.8071961631940353,relative p.e. charge,empirical clean-SPE charge factor rescaled to exact mean one
near\59v-17.5ns-15.0v\C2--C1--01658.trc,1.024651895425816,0.9694556277022462,relative p.e. charge,empirical clean-SPE charge factor rescaled to exact mean one
near\59v-17.5ns-15.0v\C2--C1--01674.trc,1.1138979128355024,1.053894112824921,relative p.e. charge,empirical clean-SPE charge factor rescaled to exact mean one
near\59v-17.5ns-15.0v\C2--C1--01685.trc,1.0562036961330057,0.9993077861731124,relative p.e. charge,empirical clean-SPE charge factor rescaled to exact mean one
near\59v-17.5ns-15.0v\C2--C1--01698.trc,1.093934028457784,1.035005649194321,relative p.e. charge,empirical clean-SPE charge factor rescaled to exact mean one
near\59v-17.5ns-15.0v\C2--C1--01712.trc,1.1588775924617847,1.0964508130473143,relative p.e. charge,empirical clean-SPE charge factor rescaled to exact mean one
near\59v-17.5ns-15.0v\C2--C1--01716.trc,1.0514391901679996,0.9947999361006968,relative p.e. charge,empirical clean-SPE charge factor rescaled to exact mean one
near\59v-17.5ns-15.0v\C2--C1--01732.trc,0.9069703384267369,0.8581133775011587,relative p.e. charge,empirical clean-SPE charge factor rescaled to exact mean one
near\59v-17.5ns-15.0v\C2--C1--01745.trc,1.089311477989383,1.0306321077155667,relative p.e. charge,empirical clean-SPE charge factor rescaled to exact mean one
near\59v-17.5ns-15.0v\C2--C1--01780.trc,1.0546429741220535,0.9978311376219793,relative p.e. charge,empirical clean-SPE charge factor rescaled to exact mean one
near\59v-17.5ns-15.0v\C2--C1--01804.trc,0.8614790557315757,0.815072633403486,relative p.e. charge,empirical clean-SPE charge factor rescaled to exact mean one
near\59v-17.5ns-15.0v\C2--C1--01816.trc,1.3045136257960213,1.2342416791379234,relative p.e. charge,empirical clean-SPE charge factor rescaled to exact mean one
near\59v-17.5ns-15.0v\C2--C1--01831.trc,1.1465819186668194,1.084817486441339,relative p.e. charge,empirical clean-SPE charge factor rescaled to exact mean one
near\59v-17.5ns-15.0v\C2--C1--01847.trc,1.2028310932569812,1.1380366129597914,relative p.e. charge,empirical clean-SPE charge factor rescaled to exact mean one
near\59v-17.5ns-15.0v\C2--C1--01854.trc,1.1348844160813607,1.0737501085716852,relative p.e. charge,empirical clean-SPE charge factor rescaled to exact mean one
near\59v-17.5ns-15.0v\C2--C1--01864.trc,0.9768673657492722,0.9242451699664717,relative p.e. charge,empirical clean-SPE charge factor rescaled to exact mean one
near\59v-17.5ns-15.0v\C2--C1--01866.trc,1.0979816634861326,1.0388352449571692,relative p.e. charge,empirical clean-SPE charge factor rescaled to exact mean one
near\59v-17.5ns-15.0v\C2--C1--01871.trc,1.0271040012494947,0.9717756427250058,relative p.e. charge,empirical clean-SPE charge factor rescaled to exact mean one
near\59v-17.5ns-15.0v\C2--C1--01893.trc,0.8145749187241949,0.7706951430701217,relative p.e. charge,empirical clean-SPE charge factor rescaled to exact mean one
near\59v-17.5ns-15.0v\C2--C1--01894.trc,0.730912774697757,0.691539737498593,relative p.e. charge,empirical clean-SPE charge factor rescaled to exact mean one
near\59v-17.5ns-15.0v\C2--C1--01899.trc,1.0631626889130248,1.0058919097606898,relative p.e. charge,empirical clean-SPE charge factor rescaled to exact mean one
near\59v-17.5ns-15.0v\C2--C1--01909.trc,1.0893786714531681,1.0306956815808979,relative p.e. charge,empirical clean-SPE charge factor rescaled to exact mean one
near\59v-17.5ns-15.0v\C2--C1--01914.trc,1.1300604522255435,1.0691860035046559,relative p.e. charge,empirical clean-SPE charge factor rescaled to exact mean one
near\59v-17.5ns-15.0v\C2--C1--01924.trc,1.1400592874044644,1.0786462183131627,relative p.e. charge,empirical clean-SPE charge factor rescaled to exact mean one
near\59v-17.5ns-15.0v\C2--C1--01936.trc,0.7709519039525495,0.7294220264570548,relative p.e. charge,empirical clean-SPE charge factor rescaled to exact mean one
near\59v-17.5ns-15.0v\C2--C1--01952.trc,1.1955801053523436,1.131176223531994,relative p.e. charge,empirical clean-SPE charge factor rescaled to exact mean one
near\59v-17.5ns-15.0v\C2--C1--01970.trc,1.2712328927712224,1.2027537230145036,relative p.e. charge,empirical clean-SPE charge factor rescaled to exact mean one
near\59v-17.5ns-15.0v\C2--C1--01975.trc,1.092317641161776,1.0334763339530602,relative p.e. charge,empirical clean-SPE charge factor rescaled to exact mean one
near\59v-17.5ns-15.0v\C2--C1--01979.trc,1.1916345123558323,1.1274431729690015,relative p.e. charge,empirical clean-SPE charge factor rescaled to exact mean one
near\59v-17.5ns-15.0v\C2--C1--01983.trc,1.1021211183905302,1.04275171441436,relative p.e. charge,empirical clean-SPE charge factor rescaled to exact mean one
near\59v-17.5ns-15.0v\C2--C1--02019.trc,0.9721796092778343,0.919809935021979,relative p.e. charge,empirical clean-SPE charge factor rescaled to exact mean one
near\59v-17.5ns-15.0v\C2--C1--02030.trc,1.2104971955345272,1.1452897552500512,relative p.e. charge,empirical clean-SPE charge factor rescaled to exact mean one
near\59v-17.5ns-15.0v\C2--C1--02034.trc,0.6002978963848509,0.567960862167992,relative p.e. charge,empirical clean-SPE charge factor rescaled to exact mean one
near\59v-17.5ns-15.0v\C2--C1--02036.trc,1.197117099684359,1.1326304225741959,relative p.e. charge,empirical clean-SPE charge factor rescaled to exact mean one
near\59v-17.5ns-15.0v\C2--C1--02037.trc,1.496935372581727,1.416297991283012,relative p.e. charge,empirical clean-SPE charge factor rescaled to exact mean one
near\59v-17.5ns-15.0v\C2--C1--02054.trc,0.9821955106889835,0.9292862967335964,relative p.e. charge,empirical clean-SPE charge factor rescaled to exact mean one
near\59v-17.5ns-15.0v\C2--C1--02058.trc,1.0904343738282327,1.0316945150513221,relative p.e. charge,empirical clean-SPE charge factor rescaled to exact mean one
near\59v-17.5ns-15.0v\C2--C1--02062.trc,0.9621067497328584,0.9102796834150437,relative p.e. charge,empirical clean-SPE charge factor rescaled to exact mean one
near\59v-17.5ns-15.0v\C2--C1--02065.trc,1.3744198018909175,1.3003821275466758,relative p.e. charge,empirical clean-SPE charge factor rescaled to exact mean one
near\59v-17.5ns-15.0v\C2--C1--02069.trc,0.8361974757700887,0.7911529294725402,relative p.e. charge,empirical clean-SPE charge factor rescaled to exact mean one
near\59v-17.5ns-15.0v\C2--C1--02079.trc,0.9539835783353317,0.902594093546643,relative p.e. charge,empirical clean-SPE charge factor rescaled to exact mean one
near\59v-17.5ns-15.0v\C2--C1--02085.trc,0.7905545363474786,0.7479686981392897,relative p.e. charge,empirical clean-SPE charge factor rescaled to exact mean one
near\59v-17.5ns-15.0v\C2--C1--02086.trc,0.6631673383052278,0.6274436333923405,relative p.e. charge,empirical clean-SPE charge factor rescaled to exact mean one
near\59v-17.5ns-15.0v\C2--C1--02092.trc,0.8321525660755725,0.7873259122343917,relative p.e. charge,empirical clean-SPE charge factor rescaled to exact mean one
near\59v-17.5ns-15.0v\C2--C1--02097.trc,0.9980570560216477,0.9442934073976678,relative p.e. charge,empirical clean-SPE charge factor rescaled to exact mean one
near\59v-17.5ns-15.0v\C2--C1--02127.trc,1.194307149756223,1.1299718399047511,relative p.e. charge,empirical clean-SPE charge factor rescaled to exact mean one
near\59v-17.5ns-15.0v\C2--C1--02146.trc,1.1437002263901956,1.0820910260625993,relative p.e. charge,empirical clean-SPE charge factor rescaled to exact mean one
near\59v-17.5ns-15.0v\C2--C1--02150.trc,0.8809948595478182,0.8335371538159786,relative p.e. charge,empirical clean-SPE charge factor rescaled to exact mean one
near\59v-17.5ns-15.0v\C2--C1--02175.trc,1.0317507124844416,0.9761720434706018,relative p.e. charge,empirical clean-SPE charge factor rescaled to exact mean one
near\59v-17.5ns-15.0v\C2--C1--02176.trc,0.8210729292146977,0.776843116705859,relative p.e. charge,empirical clean-SPE charge factor rescaled to exact mean one
near\59v-17.5ns-15.0v\C2--C1--02179.trc,1.0666477341726943,1.0091892215158975,relative p.e. charge,empirical clean-SPE charge factor rescaled to exact mean one
near\59v-17.5ns-15.0v\C2--C1--02224.trc,1.3265827434097284,1.2551219706442793,relative p.e. charge,empirical clean-SPE charge factor rescaled to exact mean one
near\59v-17.5ns-15.0v\C2--C1--02231.trc,0.86421562985102,0.8176617928951757,relative p.e. charge,empirical clean-SPE charge factor rescaled to exact mean one
near\59v-17.5ns-15.0v\C2--C1--02245.trc,1.096044932210121,1.0370028421252824,relative p.e. charge,empirical clean-SPE charge factor rescaled to exact mean one
near\59v-17.5ns-15.0v\C2--C1--02247.trc,1.064519822980487,1.0071759373071385,relative p.e. charge,empirical clean-SPE charge factor rescaled to exact mean one
near\59v-17.5ns-15.0v\C2--C1--02248.trc,0.9796970434883786,0.9269224177430156,relative p.e. charge,empirical clean-SPE charge factor rescaled to exact mean one
near\59v-17.5ns-15.0v\C2--C1--02252.trc,0.9094655248711336,0.8604741524643295,relative p.e. charge,empirical clean-SPE charge factor rescaled to exact mean one
near\59v-17.5ns-15.0v\C2--C1--02260.trc,1.0484029876942476,0.9919272887282942,relative p.e. charge,empirical clean-SPE charge factor rescaled to exact mean one
near\59v-17.5ns-15.0v\C2--C1--02264.trc,0.8458990142368902,0.8003318624408943,relative p.e. charge,empirical clean-SPE charge factor rescaled to exact mean one
near\59v-17.5ns-15.0v\C2--C1--02273.trc,1.0178712442501696,0.963040238757902,relative p.e. charge,empirical clean-SPE charge factor rescaled to exact mean one
near\59v-17.5ns-15.0v\C2--C1--02287.trc,1.1561145093920044,1.093836572597689,relative p.e. charge,empirical clean-SPE charge factor rescaled to exact mean one
near\59v-17.5ns-15.0v\C2--C1--02289.trc,0.8399047962494575,0.7946605428566215,relative p.e. charge,empirical clean-SPE charge factor rescaled to exact mean one
near\59v-17.5ns-15.0v\C2--C1--02293.trc,1.1117594497333256,1.051870845119768,relative p.e. charge,empirical clean-SPE charge factor rescaled to exact mean one
near\59v-17.5ns-15.0v\C2--C1--02295.trc,1.0589677040623813,1.001922901661708,relative p.e. charge,empirical clean-SPE charge factor rescaled to exact mean one
near\59v-17.5ns-15.0v\C2--C1--02301.trc,1.2376550555841765,1.1709846672284663,relative p.e. charge,empirical clean-SPE charge factor rescaled to exact mean one
near\59v-17.5ns-15.0v\C2--C1--02329.trc,0.9189976352253104,0.8694927841264466,relative p.e. charge,empirical clean-SPE charge factor rescaled to exact mean one
near\59v-17.5ns-15.0v\C2--C1--02339.trc,1.1209524216266462,1.06056860713736,relative p.e. charge,empirical clean-SPE charge factor rescaled to exact mean one
near\59v-17.5ns-15.0v\C2--C1--02344.trc,1.173964549560643,1.1107250612380253,relative p.e. charge,empirical clean-SPE charge factor rescaled to exact mean one
near\59v-17.5ns-15.0v\C2--C1--02349.trc,1.0290269137073875,0.973594971135176,relative p.e. charge,empirical clean-SPE charge factor rescaled to exact mean one
near\59v-17.5ns-15.0v\C2--C1--02351.trc,0.5261659142144768,0.49782224472277115,relative p.e. charge,empirical clean-SPE charge factor rescaled to exact mean one
near\59v-17.5ns-15.0v\C2--C1--02352.trc,1.1515456005544618,1.0895137831657,relative p.e. charge,empirical clean-SPE charge factor rescaled to exact mean one
near\59v-17.5ns-15.0v\C2--C1--02354.trc,1.1869349390440678,1.122996757737421,relative p.e. charge,empirical clean-SPE charge factor rescaled to exact mean one
near\59v-17.5ns-15.0v\C2--C1--02360.trc,1.0737006598378473,1.0158622179826702,relative p.e. charge,empirical clean-SPE charge factor rescaled to exact mean one
near\59v-17.5ns-15.0v\C2--C1--02361.trc,1.1924907702032617,1.1282533056517794,relative p.e. charge,empirical clean-SPE charge factor rescaled to exact mean one
near\59v-17.5ns-15.0v\C2--C1--02382.trc,0.8749629578571413,0.8278301804859354,relative p.e. charge,empirical clean-SPE charge factor rescaled to exact mean one
near\59v-17.5ns-15.0v\C2--C1--02384.trc,0.9144560214033716,0.865195819373652,relative p.e. charge,empirical clean-SPE charge factor rescaled to exact mean one
near\59v-17.5ns-15.0v\C2--C1--02388.trc,1.0755158835473426,1.017579658655512,relative p.e. charge,empirical clean-SPE charge factor rescaled to exact mean one
near\59v-17.5ns-15.0v\C2--C1--02405.trc,1.044353370716865,0.9880958177806602,relative p.e. charge,empirical clean-SPE charge factor rescaled to exact mean one
near\59v-17.5ns-15.0v\C2--C1--02413.trc,0.6908063715633592,0.6535937985908443,relative p.e. charge,empirical clean-SPE charge factor rescaled to exact mean one
near\59v-17.5ns-15.0v\C2--C1--02417.trc,1.028257724132051,0.9728672165036676,relative p.e. charge,empirical clean-SPE charge factor rescaled to exact mean one
near\59v-17.5ns-15.0v\C2--C1--02434.trc,1.044226732697439,0.9879760015375423,relative p.e. charge,empirical clean-SPE charge factor rescaled to exact mean one
near\59v-17.5ns-15.0v\C2--C1--02445.trc,1.4756645747619572,1.3961730154310688,relative p.e. charge,empirical clean-SPE charge factor rescaled to exact mean one
near\59v-17.5ns-15.0v\C2--C1--02452.trc,1.2967173685181523,1.226865393077472,relative p.e. charge,empirical clean-SPE charge factor rescaled to exact mean one
near\59v-17.5ns-15.0v\C2--C1--02475.trc,0.8930261288024728,0.844920318907845,relative p.e. charge,empirical clean-SPE charge factor rescaled to exact mean one
near\59v-17.5ns-15.0v\C2--C1--02488.trc,1.4794774270564461,1.3997804758095553,relative p.e. charge,empirical clean-SPE charge factor rescaled to exact mean one
near\59v-17.5ns-15.0v\C2--C1--02494.trc,0.943083945294129,0.8922816053359107,relative p.e. charge,empirical clean-SPE charge factor rescaled to exact mean one
near\59v-17.5ns-15.0v\C2--C1--02500.trc,1.4271923992145874,1.3503119541466015,relative p.e. charge,empirical clean-SPE charge factor rescaled to exact mean one
near\59v-17.5ns-15.0v\C2--C1--02510.trc,1.098999796324706,1.039798532698606,relative p.e. charge,empirical clean-SPE charge factor rescaled to exact mean one
near\59v-17.5ns-15.0v\C2--C1--02515.trc,0.9436786794044917,0.8928443021238164,relative p.e. charge,empirical clean-SPE charge factor rescaled to exact mean one
near\59v-17.5ns-15.0v\C2--C1--02520.trc,1.3023957246470665,1.2322378657482864,relative p.e. charge,empirical clean-SPE charge factor rescaled to exact mean one
near\59v-17.5ns-15.0v\C2--C1--02539.trc,1.1100747883066773,1.0502769335600197,relative p.e. charge,empirical clean-SPE charge factor rescaled to exact mean one
near\59v-17.5ns-15.0v\C2--C1--02560.trc,0.9749229241782558,0.9224054721801549,relative p.e. charge,empirical clean-SPE charge factor rescaled to exact mean one
near\59v-17.5ns-15.0v\C2--C1--02561.trc,1.1621793458549992,1.0995747065594679,relative p.e. charge,empirical clean-SPE charge factor rescaled to exact mean one
near\59v-17.5ns-15.0v\C2--C1--02576.trc,1.380459339387863,1.306096325354995,relative p.e. charge,empirical clean-SPE charge factor rescaled to exact mean one
near\59v-17.5ns-15.0v\C2--C1--02577.trc,0.9848121821375522,0.9317620125088633,relative p.e. charge,empirical clean-SPE charge factor rescaled to exact mean one
near\59v-17.5ns-15.0v\C2--C1--02593.trc,1.21123262656942,1.145985569856696,relative p.e. charge,empirical clean-SPE charge factor rescaled to exact mean one
near\59v-17.5ns-15.0v\C2--C1--02599.trc,0.6322442565054545,0.5981863258027919,relative p.e. charge,empirical clean-SPE charge factor rescaled to exact mean one
near\59v-17.5ns-15.0v\C2--C1--02623.trc,1.1286471636853035,1.0678488464320741,relative p.e. charge,empirical clean-SPE charge factor rescaled to exact mean one
near\59v-17.5ns-15.0v\C2--C1--02631.trc,1.0865575818464424,1.028026559308542,relative p.e. charge,empirical clean-SPE charge factor rescaled to exact mean one
near\59v-17.5ns-15.0v\C2--C1--02640.trc,1.2910053711337006,1.2214610913487605,relative p.e. charge,empirical clean-SPE charge factor rescaled to exact mean one
near\59v-17.5ns-15.0v\C2--C1--02641.trc,1.1530703404396134,1.0909563878874022,relative p.e. charge,empirical clean-SPE charge factor rescaled to exact mean one
near\59v-17.5ns-15.0v\C2--C1--02646.trc,1.1062249265128574,1.0466344573214494,relative p.e. charge,empirical clean-SPE charge factor rescaled to exact mean one
near\59v-17.5ns-15.0v\C2--C1--02653.trc,1.3272925685161048,1.2557935586705475,relative p.e. charge,empirical clean-SPE charge factor rescaled to exact mean one
near\59v-17.5ns-15.0v\C2--C1--02657.trc,1.1039574083199768,1.0444890865054497,relative p.e. charge,empirical clean-SPE charge factor rescaled to exact mean one
near\59v-17.5ns-15.0v\C2--C1--02666.trc,0.5782081681633015,0.5470610703124421,relative p.e. charge,empirical clean-SPE charge factor rescaled to exact mean one
near\59v-17.5ns-15.0v\C2--C1--02673.trc,1.072565274279515,1.0147879937275346,relative p.e. charge,empirical clean-SPE charge factor rescaled to exact mean one
near\59v-17.5ns-15.0v\C2--C1--02683.trc,1.0581659296227048,1.0011643174574898,relative p.e. charge,empirical clean-SPE charge factor rescaled to exact mean one
near\59v-17.5ns-15.0v\C2--C1--02684.trc,0.8083558118875692,0.7648110490192902,relative p.e. charge,empirical clean-SPE charge factor rescaled to exact mean one
near\59v-17.5ns-15.0v\C2--C1--02686.trc,0.9879089674818511,0.9346919792548564,relative p.e. charge,empirical clean-SPE charge factor rescaled to exact mean one
near\59v-17.5ns-15.0v\C2--C1--02692.trc,0.7849014764794333,0.7426201590624779,relative p.e. charge,empirical clean-SPE charge factor rescaled to exact mean one
near\59v-17.5ns-15.0v\C2--C1--02702.trc,1.347951013365494,1.275339167972811,relative p.e. charge,empirical clean-SPE charge factor rescaled to exact mean one
near\59v-17.5ns-15.0v\C2--C1--02705.trc,0.9188568543178001,0.8693595868487485,relative p.e. charge,empirical clean-SPE charge factor rescaled to exact mean one
near\59v-17.5ns-15.0v\C2--C1--02716.trc,0.92880336031943,0.8787702913643997,relative p.e. charge,empirical clean-SPE charge factor rescaled to exact mean one
near\59v-17.5ns-15.0v\C2--C1--02718.trc,0.9013875645429631,0.852831338221307,relative p.e. charge,empirical clean-SPE charge factor rescaled to exact mean one
near\59v-17.5ns-15.0v\C2--C1--02725.trc,1.2712735394413766,1.2027921801171586,relative p.e. charge,empirical clean-SPE charge factor rescaled to exact mean one
near\59v-17.5ns-15.0v\C2--C1--02731.trc,1.1954471200809742,1.131050401952679,relative p.e. charge,empirical clean-SPE charge factor rescaled to exact mean one
near\59v-17.5ns-15.0v\C2--C1--02743.trc,1.1561693394427235,1.0938884490461434,relative p.e. charge,empirical clean-SPE charge factor rescaled to exact mean one
near\59v-17.5ns-15.0v\C2--C1--02749.trc,0.9778782229110888,0.925201573959575,relative p.e. charge,empirical clean-SPE charge factor rescaled to exact mean one
near\59v-17.5ns-15.0v\C2--C1--02773.trc,1.2403419826224442,1.1735268540434252,relative p.e. charge,empirical clean-SPE charge factor rescaled to exact mean one
near\59v-17.5ns-15.0v\C2--C1--02774.trc,1.0628725649518111,1.0056174142874608,relative p.e. charge,empirical clean-SPE charge factor rescaled to exact mean one
near\59v-17.5ns-15.0v\C2--C1--02808.trc,0.7944817791864385,0.7516843870367379,relative p.e. charge,empirical clean-SPE charge factor rescaled to exact mean one
near\59v-17.5ns-15.0v\C2--C1--02810.trc,0.7362332495174839,0.6965736073221479,relative p.e. charge,empirical clean-SPE charge factor rescaled to exact mean one
near\59v-17.5ns-15.0v\C2--C1--02819.trc,0.9920416692905103,0.9386020593941752,relative p.e. charge,empirical clean-SPE charge factor rescaled to exact mean one
near\59v-17.5ns-15.0v\C2--C1--02822.trc,0.858012819273206,0.8117931172512061,relative p.e. charge,empirical clean-SPE charge factor rescaled to exact mean one
near\59v-17.5ns-15.0v\C2--C1--02834.trc,1.006819469085578,0.9525838040631117,relative p.e. charge,empirical clean-SPE charge factor rescaled to exact mean one
near\59v-17.5ns-15.0v\C2--C1--02848.trc,0.9740107034394889,0.9215423912325159,relative p.e. charge,empirical clean-SPE charge factor rescaled to exact mean one
near\59v-17.5ns-15.0v\C2--C1--02856.trc,1.1398341147567157,1.0784331753357974,relative p.e. charge,empirical clean-SPE charge factor rescaled to exact mean one
near\59v-17.5ns-15.0v\C2--C1--02858.trc,0.9319237346284172,0.8817225763773776,relative p.e. charge,empirical clean-SPE charge factor rescaled to exact mean one
near\59v-17.5ns-15.0v\C2--C1--02860.trc,1.3010915531948688,1.2310039478104327,relative p.e. charge,empirical clean-SPE charge factor rescaled to exact mean one
near\59v-17.5ns-15.0v\C2--C1--02868.trc,1.0574047256959493,1.0004441183011554,relative p.e. charge,empirical clean-SPE charge factor rescaled to exact mean one
near\59v-17.5ns-15.0v\C2--C1--02872.trc,1.1008601190075755,1.0415586429392651,relative p.e. charge,empirical clean-SPE charge factor rescaled to exact mean one
near\59v-17.5ns-15.0v\C2--C1--02881.trc,1.0626925304570678,1.0054470779470035,relative p.e. charge,empirical clean-SPE charge factor rescaled to exact mean one
near\59v-17.5ns-15.0v\C2--C1--02886.trc,0.7597691880535387,0.7188417045841456,relative p.e. charge,empirical clean-SPE charge factor rescaled to exact mean one
near\59v-17.5ns-15.0v\C2--C1--02890.trc,1.09467605545699,1.0357077044518173,relative p.e. charge,empirical clean-SPE charge factor rescaled to exact mean one
near\59v-17.5ns-15.0v\C2--C1--02898.trc,1.2244332517807357,1.15847509967402,relative p.e. charge,empirical clean-SPE charge factor rescaled to exact mean one
near\59v-17.5ns-15.0v\C2--C1--02907.trc,0.997249807275703,0.943529643778818,relative p.e. charge,empirical clean-SPE charge factor rescaled to exact mean one
near\59v-17.5ns-15.0v\C2--C1--02913.trc,1.4246493499371264,1.3479058946403786,relative p.e. charge,empirical clean-SPE charge factor rescaled to exact mean one
near\59v-17.5ns-15.0v\C2--C1--02929.trc,1.315019679050635,1.2441817890407039,relative p.e. charge,empirical clean-SPE charge factor rescaled to exact mean one
near\59v-17.5ns-15.0v\C2--C1--02932.trc,1.1452919786990867,1.0835970333619087,relative p.e. charge,empirical clean-SPE charge factor rescaled to exact mean one
near\59v-17.5ns-15.0v\C2--C1--02947.trc,0.8376830104318211,0.79255844089002,relative p.e. charge,empirical clean-SPE charge factor rescaled to exact mean one
near\59v-17.5ns-15.0v\C2--C1--02952.trc,1.082946175431963,1.0246096932606028,relative p.e. charge,empirical clean-SPE charge factor rescaled to exact mean one
near\59v-17.5ns-15.0v\C2--C1--02967.trc,1.2597882903941715,1.1919256220459928,relative p.e. charge,empirical clean-SPE charge factor rescaled to exact mean one
near\59v-17.5ns-15.0v\C2--C1--02972.trc,1.1531037744998216,1.0909880209112324,relative p.e. charge,empirical clean-SPE charge factor rescaled to exact mean one
near\59v-17.5ns-15.0v\C2--C1--03015.trc,1.123902464858375,1.0633597365206475,relative p.e. charge,empirical clean-SPE charge factor rescaled to exact mean one
near\59v-17.5ns-15.0v\C2--C1--03020.trc,1.1398890780044078,1.0784851778061286,relative p.e. charge,empirical clean-SPE charge factor rescaled to exact mean one
near\59v-17.5ns-15.0v\C2--C1--03037.trc,1.1139012149338614,1.0538972370448163,relative p.e. charge,empirical clean-SPE charge factor rescaled to exact mean one
near\59v-17.5ns-15.0v\C2--C1--03068.trc,1.1196444059623467,1.0593310520686203,relative p.e. charge,empirical clean-SPE charge factor rescaled to exact mean one
near\59v-17.5ns-15.0v\C2--C1--03086.trc,1.34172961143484,1.269452902460792,relative p.e. charge,empirical clean-SPE charge factor rescaled to exact mean one
near\59v-17.5ns-15.0v\C2--C1--03088.trc,1.1208256982254694,1.0604487101118618,relative p.e. charge,empirical clean-SPE charge factor rescaled to exact mean one
near\59v-17.5ns-15.0v\C2--C1--03099.trc,0.8787577578069787,0.8314205609690997,relative p.e. charge,empirical clean-SPE charge factor rescaled to exact mean one
near\59v-17.5ns-15.0v\C2--C1--03102.trc,1.3454843037758304,1.2730053358642854,relative p.e. charge,empirical clean-SPE charge factor rescaled to exact mean one
near\59v-17.5ns-15.0v\C2--C1--03109.trc,0.9495363215966721,0.8983864030203511,relative p.e. charge,empirical clean-SPE charge factor rescaled to exact mean one
near\59v-17.5ns-15.0v\C2--C1--03120.trc,1.3389779755625917,1.2668494925674936,relative p.e. charge,empirical clean-SPE charge factor rescaled to exact mean one
near\59v-17.5ns-15.0v\C2--C1--03137.trc,0.654576774852499,0.6193158290896703,relative p.e. charge,empirical clean-SPE charge factor rescaled to exact mean one
near\59v-17.5ns-15.0v\C2--C1--03169.trc,1.0966104865890673,1.0375379310446402,relative p.e. charge,empirical clean-SPE charge factor rescaled to exact mean one
near\59v-17.5ns-15.0v\C2--C1--03177.trc,1.1335602990590845,1.0724973194979397,relative p.e. charge,empirical clean-SPE charge factor rescaled to exact mean one
near\59v-17.5ns-15.0v\C2--C1--03183.trc,0.8272310763558797,0.7826695348571243,relative p.e. charge,empirical clean-SPE charge factor rescaled to exact mean one
near\59v-17.5ns-15.0v\C2--C1--03197.trc,0.8604058413193255,0.8140572312397544,relative p.e. charge,empirical clean-SPE charge factor rescaled to exact mean one
near\59v-17.5ns-15.0v\C2--C1--03208.trc,1.1111418084680307,1.0512864751466928,relative p.e. charge,empirical clean-SPE charge factor rescaled to exact mean one
near\59v-17.5ns-15.0v\C2--C1--03209.trc,1.0205063630846336,0.96553340818953,relative p.e. charge,empirical clean-SPE charge factor rescaled to exact mean one
near\59v-17.5ns-15.0v\C2--C1--03214.trc,1.355214610517015,1.28221148740865,relative p.e. charge,empirical clean-SPE charge factor rescaled to exact mean one
near\59v-17.5ns-15.0v\C2--C1--03217.trc,1.1737356924066191,1.1105085322325172,relative p.e. charge,empirical clean-SPE charge factor rescaled to exact mean one
near\59v-17.5ns-15.0v\C2--C1--03232.trc,1.3013000039889897,1.2312011697121943,relative p.e. charge,empirical clean-SPE charge factor rescaled to exact mean one
near\59v-17.5ns-15.0v\C2--C1--03243.trc,1.040152884416147,0.9841216045854315,relative p.e. charge,empirical clean-SPE charge factor rescaled to exact mean one
near\59v-17.5ns-15.0v\C2--C1--03246.trc,0.9794464447400572,0.9266853183261894,relative p.e. charge,empirical clean-SPE charge factor rescaled to exact mean one
near\59v-17.5ns-15.0v\C2--C1--03249.trc,0.953271837722282,0.9019206931988122,relative p.e. charge,empirical clean-SPE charge factor rescaled to exact mean one
near\59v-17.5ns-15.0v\C2--C1--03260.trc,0.9404488922658452,0.889788498165595,relative p.e. charge,empirical clean-SPE charge factor rescaled to exact mean one
near\59v-17.5ns-15.0v\C2--C1--03307.trc,0.9113857154321714,0.862290905601633,relative p.e. charge,empirical clean-SPE charge factor rescaled to exact mean one
near\59v-17.5ns-15.0v\C2--C1--03319.trc,0.9108844601019526,0.8618166520498016,relative p.e. charge,empirical clean-SPE charge factor rescaled to exact mean one
near\59v-17.5ns-15.0v\C2--C1--03321.trc,0.850994398322915,0.8051527667885591,relative p.e. charge,empirical clean-SPE charge factor rescaled to exact mean one
near\59v-17.5ns-15.0v\C2--C1--03334.trc,1.3510684003052271,1.2782886265410733,relative p.e. charge,empirical clean-SPE charge factor rescaled to exact mean one
near\59v-17.5ns-15.0v\C2--C1--03375.trc,0.7807380823938556,0.7386810399873814,relative p.e. charge,empirical clean-SPE charge factor rescaled to exact mean one
near\59v-17.5ns-15.0v\C2--C1--03381.trc,1.2189837089792555,1.153319114542988,relative p.e. charge,empirical clean-SPE charge factor rescaled to exact mean one
near\59v-17.5ns-15.0v\C2--C1--03389.trc,0.9780484520323843,0.925362633125498,relative p.e. charge,empirical clean-SPE charge factor rescaled to exact mean one
near\59v-17.5ns-15.0v\C2--C1--03394.trc,1.3289216443699428,1.2573348789584495,relative p.e. charge,empirical clean-SPE charge factor rescaled to exact mean one
near\59v-17.5ns-15.0v\C2--C1--03396.trc,0.8107397794766771,0.7670665962991398,relative p.e. charge,empirical clean-SPE charge factor rescaled to exact mean one
near\59v-17.5ns-15.0v\C2--C1--03403.trc,0.9688542503482029,0.9166637075638028,relative p.e. charge,empirical clean-SPE charge factor rescaled to exact mean one
near\59v-17.5ns-15.0v\C2--C1--03409.trc,0.6879122522981198,0.6508555806443856,relative p.e. charge,empirical clean-SPE charge factor rescaled to exact mean one
near\59v-17.5ns-15.0v\C2--C1--03411.trc,0.9951466715526899,0.941539800426555,relative p.e. charge,empirical clean-SPE charge factor rescaled to exact mean one
near\59v-17.5ns-15.0v\C2--C1--03416.trc,0.7305187052049933,0.6911668958641111,relative p.e. charge,empirical clean-SPE charge factor rescaled to exact mean one
near\59v-17.5ns-15.0v\C2--C1--03426.trc,0.7608985803599142,0.7199102584336893,relative p.e. charge,empirical clean-SPE charge factor rescaled to exact mean one
near\59v-17.5ns-15.0v\C2--C1--03427.trc,1.3585272683735137,1.2853456979790605,relative p.e. charge,empirical clean-SPE charge factor rescaled to exact mean one
near\59v-17.5ns-15.0v\C2--C1--03432.trc,1.441362624150169,1.3637188529879853,relative p.e. charge,empirical clean-SPE charge factor rescaled to exact mean one
near\59v-17.5ns-15.0v\C2--C1--03438.trc,1.0007805983772198,0.9468702371246039,relative p.e. charge,empirical clean-SPE charge factor rescaled to exact mean one
near\59v-17.5ns-15.0v\C2--C1--03458.trc,1.3416663210175626,1.2693930213914422,relative p.e. charge,empirical clean-SPE charge factor rescaled to exact mean one
near\59v-17.5ns-15.0v\C2--C1--03460.trc,1.2800384488876853,1.2110849386890767,relative p.e. charge,empirical clean-SPE charge factor rescaled to exact mean one
near\59v-17.5ns-15.0v\C2--C1--03467.trc,0.7436083414657569,0.7035514155182705,relative p.e. charge,empirical clean-SPE charge factor rescaled to exact mean one
near\59v-17.5ns-15.0v\C2--C1--03469.trc,1.178883184183026,1.1153787373172548,relative p.e. charge,empirical clean-SPE charge factor rescaled to exact mean one
near\59v-17.5ns-15.0v\C2--C1--03470.trc,1.1644528714969409,1.10172576121339,relative p.e. charge,empirical clean-SPE charge factor rescaled to exact mean one
near\59v-17.5ns-15.0v\C2--C1--03476.trc,1.1077931158571792,1.0481181709533105,relative p.e. charge,empirical clean-SPE charge factor rescaled to exact mean one
near\59v-17.5ns-15.0v\C2--C1--03480.trc,1.142431118717273,1.080890283077428,relative p.e. charge,empirical clean-SPE charge factor rescaled to exact mean one
near\59v-17.5ns-15.0v\C2--C1--03484.trc,1.230613696949928,1.1643226146961716,relative p.e. charge,empirical clean-SPE charge factor rescaled to exact mean one
near\59v-17.5ns-15.0v\C2--C1--03489.trc,1.132900986264559,1.0718735227705611,relative p.e. charge,empirical clean-SPE charge factor rescaled to exact mean one
near\59v-17.5ns-15.0v\C2--C1--03504.trc,1.3057900624075007,1.2354493562641047,relative p.e. charge,empirical clean-SPE charge factor rescaled to exact mean one
near\59v-17.5ns-15.0v\C2--C1--03511.trc,0.5096816743625814,0.48222598304194686,relative p.e. charge,empirical clean-SPE charge factor rescaled to exact mean one
near\59v-17.5ns-15.0v\C2--C1--03522.trc,1.2178114083456584,1.1522099637653698,relative p.e. charge,empirical clean-SPE charge factor rescaled to exact mean one
near\59v-17.5ns-15.0v\C2--C1--03548.trc,1.1274369000790276,1.0667037776830237,relative p.e. charge,empirical clean-SPE charge factor rescaled to exact mean one
near\59v-17.5ns-15.0v\C2--C1--03588.trc,1.1596866760279265,1.0972163126476948,relative p.e. charge,empirical clean-SPE charge factor rescaled to exact mean one
near\59v-17.5ns-15.0v\C2--C1--03595.trc,1.3588394031719535,1.2856410186028744,relative p.e. charge,empirical clean-SPE charge factor rescaled to exact mean one
near\59v-17.5ns-15.0v\C2--C1--03604.trc,1.113027536718875,1.0530706224002717,relative p.e. charge,empirical clean-SPE charge factor rescaled to exact mean one
near\59v-17.5ns-15.0v\C2--C1--03605.trc,1.052553871375214,0.9958545713131549,relative p.e. charge,empirical clean-SPE charge factor rescaled to exact mean one
near\59v-17.5ns-15.0v\C2--C1--03608.trc,0.89490180473444,0.8466949553439936,relative p.e. charge,empirical clean-SPE charge factor rescaled to exact mean one
near\59v-17.5ns-15.0v\C2--C1--03613.trc,0.9859549822517397,0.932843251910248,relative p.e. charge,empirical clean-SPE charge factor rescaled to exact mean one
near\59v-17.5ns-15.0v\C2--C1--03625.trc,1.0336197771619648,0.9779404247894218,relative p.e. charge,empirical clean-SPE charge factor rescaled to exact mean one
near\59v-17.5ns-15.0v\C2--C1--03635.trc,1.071770037493596,1.014035595004703,relative p.e. charge,empirical clean-SPE charge factor rescaled to exact mean one
near\59v-17.5ns-15.0v\C2--C1--03636.trc,0.9061302042601824,0.8573184999437882,relative p.e. charge,empirical clean-SPE charge factor rescaled to exact mean one
near\59v-17.5ns-15.0v\C2--C1--03645.trc,1.100591288700347,1.0413042940668304,relative p.e. charge,empirical clean-SPE charge factor rescaled to exact mean one
near\59v-17.5ns-15.0v\C2--C1--03668.trc,1.1556720332026043,1.0934179318535953,relative p.e. charge,empirical clean-SPE charge factor rescaled to exact mean one
near\59v-17.5ns-15.0v\C2--C1--03674.trc,1.1482134183791841,1.0863611000186009,relative p.e. charge,empirical clean-SPE charge factor rescaled to exact mean one
near\59v-17.5ns-15.0v\C2--C1--03676.trc,1.1598368168043849,1.0973583655940025,relative p.e. charge,empirical clean-SPE charge factor rescaled to exact mean one
near\59v-17.5ns-15.0v\C2--C1--03702.trc,0.9405020189134443,0.8898387629703799,relative p.e. charge,empirical clean-SPE charge factor rescaled to exact mean one
near\59v-17.5ns-15.0v\C2--C1--03714.trc,0.9390003494177943,0.8884179858752458,relative p.e. charge,empirical clean-SPE charge factor rescaled to exact mean one
near\59v-17.5ns-15.0v\C2--C1--03717.trc,1.021609305914416,0.9665769373511308,relative p.e. charge,empirical clean-SPE charge factor rescaled to exact mean one
near\59v-17.5ns-15.0v\C2--C1--03721.trc,0.886754365577072,0.8389864049790039,relative p.e. charge,empirical clean-SPE charge factor rescaled to exact mean one
near\59v-17.5ns-15.0v\C2--C1--03729.trc,1.3116401492933005,1.240984308845858,relative p.e. charge,empirical clean-SPE charge factor rescaled to exact mean one
near\59v-17.5ns-15.0v\C2--C1--03759.trc,1.1587591632748735,1.0963387634407622,relative p.e. charge,empirical clean-SPE charge factor rescaled to exact mean one
near\59v-17.5ns-15.0v\C2--C1--03770.trc,1.093471199070102,1.034567751644375,relative p.e. charge,empirical clean-SPE charge factor rescaled to exact mean one
near\59v-17.5ns-15.0v\C2--C1--03787.trc,1.0377016741984695,0.9818024369238901,relative p.e. charge,empirical clean-SPE charge factor rescaled to exact mean one
near\59v-17.5ns-15.0v\C2--C1--03796.trc,1.0155778026968336,0.9608703410291092,relative p.e. charge,empirical clean-SPE charge factor rescaled to exact mean one
near\59v-17.5ns-15.0v\C2--C1--03801.trc,1.2997983339152774,1.2297803920701373,relative p.e. charge,empirical clean-SPE charge factor rescaled to exact mean one
near\59v-17.5ns-15.0v\C2--C1--03814.trc,0.9233040735128559,0.8735672418538472,relative p.e. charge,empirical clean-SPE charge factor rescaled to exact mean one
near\59v-17.5ns-15.0v\C2--C1--03831.trc,0.7611250421126654,0.720124521074147,relative p.e. charge,empirical clean-SPE charge factor rescaled to exact mean one
near\59v-17.5ns-15.0v\C2--C1--03839.trc,1.211993658083791,1.1467056058882101,relative p.e. charge,empirical clean-SPE charge factor rescaled to exact mean one
near\59v-17.5ns-15.0v\C2--C1--03841.trc,1.021049074611109,0.9660468847623145,relative p.e. charge,empirical clean-SPE charge factor rescaled to exact mean one
near\59v-17.5ns-15.0v\C2--C1--03844.trc,0.9005525016550722,0.85204125876138,relative p.e. charge,empirical clean-SPE charge factor rescaled to exact mean one
near\59v-17.5ns-15.0v\C2--C1--03846.trc,0.8881361879926898,0.8402937909539735,relative p.e. charge,empirical clean-SPE charge factor rescaled to exact mean one
near\59v-17.5ns-15.0v\C2--C1--03850.trc,0.9324712555432136,0.882240603264854,relative p.e. charge,empirical clean-SPE charge factor rescaled to exact mean one
near\59v-17.5ns-15.0v\C2--C1--03862.trc,1.3060238992724327,1.235670596731901,relative p.e. charge,empirical clean-SPE charge factor rescaled to exact mean one
near\59v-17.5ns-15.0v\C2--C1--03867.trc,0.9405878177026523,0.8899199399236642,relative p.e. charge,empirical clean-SPE charge factor rescaled to exact mean one
near\59v-17.5ns-15.0v\C2--C1--03872.trc,1.1623041440320128,1.099692782069378,relative p.e. charge,empirical clean-SPE charge factor rescaled to exact mean one
near\59v-17.5ns-15.0v\C2--C1--03884.trc,1.0167192567926913,0.9619503069198989,relative p.e. charge,empirical clean-SPE charge factor rescaled to exact mean one
near\59v-17.5ns-15.0v\C2--C1--03898.trc,1.3090117175713603,1.238497466303292,relative p.e. charge,empirical clean-SPE charge factor rescaled to exact mean one
near\59v-17.5ns-15.0v\C2--C1--03936.trc,0.8094666036327549,0.7658620042884726,relative p.e. charge,empirical clean-SPE charge factor rescaled to exact mean one
near\59v-17.5ns-15.0v\C2--C1--03963.trc,1.439697446941063,1.3621433760638753,relative p.e. charge,empirical clean-SPE charge factor rescaled to exact mean one
near\59v-17.5ns-15.0v\C2--C1--04010.trc,0.990462222755444,0.9371076949774301,relative p.e. charge,empirical clean-SPE charge factor rescaled to exact mean one
near\59v-17.5ns-15.0v\C2--C1--04016.trc,0.8298786433738563,0.7851744819096349,relative p.e. charge,empirical clean-SPE charge factor rescaled to exact mean one
near\59v-17.5ns-15.0v\C2--C1--04017.trc,1.110725441297771,1.0508925369729574,relative p.e. charge,empirical clean-SPE charge factor rescaled to exact mean one
near\59v-17.5ns-15.0v\C2--C1--04024.trc,1.1578387732490616,1.0954679532717793,relative p.e. charge,empirical clean-SPE charge factor rescaled to exact mean one
near\59v-17.5ns-15.0v\C2--C1--04028.trc,0.9029502741341623,0.8543098672850948,relative p.e. charge,empirical clean-SPE charge factor rescaled to exact mean one
near\59v-17.5ns-15.0v\C2--C1--04034.trc,1.2015341372890915,1.1368095218202876,relative p.e. charge,empirical clean-SPE charge factor rescaled to exact mean one
near\59v-17.5ns-15.0v\C2--C1--04041.trc,1.1002467877595692,1.0409783508101238,relative p.e. charge,empirical clean-SPE charge factor rescaled to exact mean one
near\59v-17.5ns-15.0v\C2--C1--04059.trc,1.1121818604621216,1.0522705012957447,relative p.e. charge,empirical clean-SPE charge factor rescaled to exact mean one
near\59v-17.5ns-15.0v\C2--C1--04074.trc,1.3088824071867102,1.2383751216507528,relative p.e. charge,empirical clean-SPE charge factor rescaled to exact mean one
near\59v-17.5ns-15.0v\C2--C1--04091.trc,1.175833948629596,1.1124937589351729,relative p.e. charge,empirical clean-SPE charge factor rescaled to exact mean one
near\59v-17.5ns-15.0v\C2--C1--04112.trc,0.7631985271799636,0.7220863110014603,relative p.e. charge,empirical clean-SPE charge factor rescaled to exact mean one
near\59v-17.5ns-15.0v\C2--C1--04124.trc,1.1214275595579075,1.0610181501904226,relative p.e. charge,empirical clean-SPE charge factor rescaled to exact mean one
near\59v-17.5ns-15.0v\C2--C1--04126.trc,1.0655196121185457,1.008121869492238,relative p.e. charge,empirical clean-SPE charge factor rescaled to exact mean one
near\59v-17.5ns-15.0v\C2--C1--04133.trc,1.0727250438241878,1.0149391567565689,relative p.e. charge,empirical clean-SPE charge factor rescaled to exact mean one
near\59v-17.5ns-15.0v\C2--C1--04174.trc,1.1097430158201465,1.0499630330972187,relative p.e. charge,empirical clean-SPE charge factor rescaled to exact mean one
near\59v-17.5ns-15.0v\C2--C1--04182.trc,1.035847679805033,0.9800483140783958,relative p.e. charge,empirical clean-SPE charge factor rescaled to exact mean one
near\59v-17.5ns-15.0v\C2--C1--04201.trc,1.0407160480010493,0.9846544314987841,relative p.e. charge,empirical clean-SPE charge factor rescaled to exact mean one
near\59v-17.5ns-15.0v\C2--C1--04205.trc,1.3604708319784724,1.2871845650938687,relative p.e. charge,empirical clean-SPE charge factor rescaled to exact mean one
near\59v-17.5ns-15.0v\C2--C1--04216.trc,1.0088810828919383,0.9545343622142719,relative p.e. charge,empirical clean-SPE charge factor rescaled to exact mean one
near\59v-17.5ns-15.0v\C2--C1--04220.trc,1.2992031936163975,1.229217310974404,relative p.e. charge,empirical clean-SPE charge factor rescaled to exact mean one
near\59v-17.5ns-15.0v\C2--C1--04229.trc,1.1090594985913071,1.0493163357875395,relative p.e. charge,empirical clean-SPE charge factor rescaled to exact mean one
near\59v-17.5ns-15.0v\C2--C1--04231.trc,1.034477349246013,0.9787518009131104,relative p.e. charge,empirical clean-SPE charge factor rescaled to exact mean one
near\59v-17.5ns-15.0v\C2--C1--04234.trc,0.7321745677164874,0.6927335598576443,relative p.e. charge,empirical clean-SPE charge factor rescaled to exact mean one
near\59v-17.5ns-15.0v\C2--C1--04240.trc,0.963825548160423,0.9119058930731011,relative p.e. charge,empirical clean-SPE charge factor rescaled to exact mean one
near\59v-17.5ns-15.0v\C2--C1--04254.trc,1.4846655607460841,1.4046891334962723,relative p.e. charge,empirical clean-SPE charge factor rescaled to exact mean one
near\59v-17.5ns-15.0v\C2--C1--04270.trc,1.1565382450945185,1.0942374823732866,relative p.e. charge,empirical clean-SPE charge factor rescaled to exact mean one
near\59v-17.5ns-15.0v\C2--C1--04289.trc,0.9315260972017586,0.8813463590075762,relative p.e. charge,empirical clean-SPE charge factor rescaled to exact mean one
near\59v-17.5ns-15.0v\C2--C1--04295.trc,1.10819212680875,1.048495687858556,relative p.e. charge,empirical clean-SPE charge factor rescaled to exact mean one
near\59v-17.5ns-15.0v\C2--C1--04298.trc,1.0546754083844674,0.9978618247054345,relative p.e. charge,empirical clean-SPE charge factor rescaled to exact mean one
near\59v-17.5ns-15.0v\C2--C1--04302.trc,1.2434625738105605,1.1764793442526196,relative p.e. charge,empirical clean-SPE charge factor rescaled to exact mean one
near\59v-17.5ns-15.0v\C2--C1--04309.trc,0.7799711379500492,0.7379554095459582,relative p.e. charge,empirical clean-SPE charge factor rescaled to exact mean one
near\59v-17.5ns-15.0v\C2--C1--04312.trc,1.044883600842604,0.988597485304694,relative p.e. charge,empirical clean-SPE charge factor rescaled to exact mean one
near\59v-17.5ns-15.0v\C2--C1--04317.trc,1.0660263815623126,1.0086013401216298,relative p.e. charge,empirical clean-SPE charge factor rescaled to exact mean one
near\59v-17.5ns-15.0v\C2--C1--04325.trc,1.1180963088641216,1.0578663483474797,relative p.e. charge,empirical clean-SPE charge factor rescaled to exact mean one
near\59v-17.5ns-15.0v\C2--C1--04339.trc,0.8744124873929703,0.8273093629363297,relative p.e. charge,empirical clean-SPE charge factor rescaled to exact mean one
near\59v-17.5ns-15.0v\C2--C1--04349.trc,1.2724740337290101,1.203928005804269,relative p.e. charge,empirical clean-SPE charge factor rescaled to exact mean one
near\59v-17.5ns-15.0v\C2--C1--04354.trc,1.098416134106722,1.0392463113789285,relative p.e. charge,empirical clean-SPE charge factor rescaled to exact mean one
near\59v-17.5ns-15.0v\C2--C1--04366.trc,1.1137312881717332,1.0537364639504825,relative p.e. charge,empirical clean-SPE charge factor rescaled to exact mean one
near\59v-17.5ns-15.0v\C2--C1--04373.trc,0.877107224989372,0.8298589395678421,relative p.e. charge,empirical clean-SPE charge factor rescaled to exact mean one
near\59v-17.5ns-15.0v\C2--C1--04378.trc,0.9970043243712541,0.9432973846239918,relative p.e. charge,empirical clean-SPE charge factor rescaled to exact mean one
near\59v-17.5ns-15.0v\C2--C1--04382.trc,1.2340514368546545,1.1675751693560434,relative p.e. charge,empirical clean-SPE charge factor rescaled to exact mean one
near\59v-17.5ns-15.0v\C2--C1--04395.trc,1.2846923987702983,1.21548818814861,relative p.e. charge,empirical clean-SPE charge factor rescaled to exact mean one
near\59v-17.5ns-15.0v\C2--C1--04400.trc,0.5205974277548294,0.4925537232276292,relative p.e. charge,empirical clean-SPE charge factor rescaled to exact mean one
near\59v-17.5ns-15.0v\C2--C1--04448.trc,0.7185106567825738,0.6798057007374502,relative p.e. charge,empirical clean-SPE charge factor rescaled to exact mean one
near\59v-17.5ns-15.0v\C2--C1--04450.trc,1.0846405088123119,1.0262127557622347,relative p.e. charge,empirical clean-SPE charge factor rescaled to exact mean one
near\59v-17.5ns-15.0v\C2--C1--04478.trc,1.3608209505772697,1.2875158233948416,relative p.e. charge,empirical clean-SPE charge factor rescaled to exact mean one
near\59v-17.5ns-15.0v\C2--C1--04479.trc,1.1200372437001924,1.059702728300742,relative p.e. charge,empirical clean-SPE charge factor rescaled to exact mean one
near\59v-17.5ns-15.0v\C2--C1--04493.trc,0.82704172553405,0.7824903840443924,relative p.e. charge,empirical clean-SPE charge factor rescaled to exact mean one
near\59v-17.5ns-15.0v\C2--C1--04515.trc,1.4406288612915739,1.3630246166957973,relative p.e. charge,empirical clean-SPE charge factor rescaled to exact mean one
near\59v-17.5ns-15.0v\C2--C1--04518.trc,0.6875083782179453,0.650473462579064,relative p.e. charge,empirical clean-SPE charge factor rescaled to exact mean one
near\59v-17.5ns-15.0v\C2--C1--04525.trc,0.9976209542852419,0.9438807977255472,relative p.e. charge,empirical clean-SPE charge factor rescaled to exact mean one
near\59v-17.5ns-15.0v\C2--C1--04526.trc,0.6894530053078216,0.6523133358906529,relative p.e. charge,empirical clean-SPE charge factor rescaled to exact mean one
near\59v-17.5ns-15.0v\C2--C1--04553.trc,0.8648883325238633,0.8182982582107328,relative p.e. charge,empirical clean-SPE charge factor rescaled to exact mean one
near\59v-17.5ns-15.0v\C2--C1--04554.trc,0.8975917440160521,0.8492399921378332,relative p.e. charge,empirical clean-SPE charge factor rescaled to exact mean one
near\59v-17.5ns-15.0v\C2--C1--04556.trc,0.9853446745341563,0.9322658204390502,relative p.e. charge,empirical clean-SPE charge factor rescaled to exact mean one
near\59v-17.5ns-15.0v\C2--C1--04563.trc,1.101644549908637,1.042300817872013,relative p.e. charge,empirical clean-SPE charge factor rescaled to exact mean one
near\59v-17.5ns-15.0v\C2--C1--04577.trc,0.8854401417857743,0.8377429762045866,relative p.e. charge,empirical clean-SPE charge factor rescaled to exact mean one
near\59v-17.5ns-15.0v\C2--C1--04582.trc,1.1139903303956293,1.0539815520071092,relative p.e. charge,empirical clean-SPE charge factor rescaled to exact mean one
near\59v-17.5ns-15.0v\C2--C1--04584.trc,1.0596804192974427,1.0025972241303083,relative p.e. charge,empirical clean-SPE charge factor rescaled to exact mean one
near\59v-17.5ns-15.0v\C2--C1--04599.trc,0.9906567605353648,0.9372917533355777,relative p.e. charge,empirical clean-SPE charge factor rescaled to exact mean one
near\59v-17.5ns-15.0v\C2--C1--04609.trc,1.0719784545573174,1.014232784993065,relative p.e. charge,empirical clean-SPE charge factor rescaled to exact mean one
near\59v-17.5ns-15.0v\C2--C1--04610.trc,1.1327065450202634,1.0716895557478274,relative p.e. charge,empirical clean-SPE charge factor rescaled to exact mean one
near\59v-17.5ns-15.0v\C2--C1--04614.trc,0.9958808832283562,0.9422344613587965,relative p.e. charge,empirical clean-SPE charge factor rescaled to exact mean one
near\59v-17.5ns-15.0v\C2--C1--04635.trc,1.2274437084300172,1.1613233881060507,relative p.e. charge,empirical clean-SPE charge factor rescaled to exact mean one
near\59v-17.5ns-15.0v\C2--C1--04639.trc,1.0140437859289801,0.9594189591547145,relative p.e. charge,empirical clean-SPE charge factor rescaled to exact mean one
near\59v-17.5ns-15.0v\C2--C1--04671.trc,1.0864824600129668,1.0279554841614102,relative p.e. charge,empirical clean-SPE charge factor rescaled to exact mean one
near\59v-17.5ns-15.0v\C2--C1--04673.trc,1.0669771666816892,1.009500908051802,relative p.e. charge,empirical clean-SPE charge factor rescaled to exact mean one
near\59v-17.5ns-15.0v\C2--C1--04677.trc,1.122580637021572,1.0621091133178187,relative p.e. charge,empirical clean-SPE charge factor rescaled to exact mean one
near\59v-17.5ns-15.0v\C2--C1--04678.trc,1.0196474038482413,0.9647207196370521,relative p.e. charge,empirical clean-SPE charge factor rescaled to exact mean one
near\59v-17.5ns-15.0v\C2--C1--04696.trc,1.215608060841193,1.1501253068711375,relative p.e. charge,empirical clean-SPE charge factor rescaled to exact mean one
near\59v-17.5ns-15.0v\C2--C1--04701.trc,1.0759372311146325,1.0179783089406977,relative p.e. charge,empirical clean-SPE charge factor rescaled to exact mean one
near\59v-17.5ns-15.0v\C2--C1--04705.trc,0.6446033513508875,0.6098796570743177,relative p.e. charge,empirical clean-SPE charge factor rescaled to exact mean one
near\59v-17.5ns-15.0v\C2--C1--04712.trc,1.196291602449452,1.1318493934816762,relative p.e. charge,empirical clean-SPE charge factor rescaled to exact mean one
near\59v-17.5ns-15.0v\C2--C1--04714.trc,0.9230521066889831,0.8733288480573899,relative p.e. charge,empirical clean-SPE charge factor rescaled to exact mean one
near\59v-17.5ns-15.0v\C2--C1--04718.trc,0.964367627827373,0.9124187718235661,relative p.e. charge,empirical clean-SPE charge factor rescaled to exact mean one
near\59v-17.5ns-15.0v\C2--C1--04735.trc,1.026453032256635,0.9711597403327837,relative p.e. charge,empirical clean-SPE charge factor rescaled to exact mean one
near\59v-17.5ns-15.0v\C2--C1--04743.trc,1.2363666101279143,1.1697656281536968,relative p.e. charge,empirical clean-SPE charge factor rescaled to exact mean one
near\59v-17.5ns-15.0v\C2--C1--04763.trc,1.025681571504085,0.9704298368685442,relative p.e. charge,empirical clean-SPE charge factor rescaled to exact mean one
near\59v-17.5ns-15.0v\C2--C1--04773.trc,0.9226164313280125,0.8729166417925797,relative p.e. charge,empirical clean-SPE charge factor rescaled to exact mean one
near\59v-17.5ns-15.0v\C2--C1--04779.trc,1.1491257717462586,1.0872243064500846,relative p.e. charge,empirical clean-SPE charge factor rescaled to exact mean one
near\59v-17.5ns-15.0v\C2--C1--04784.trc,0.9342057437007977,0.883881657473663,relative p.e. charge,empirical clean-SPE charge factor rescaled to exact mean one
near\59v-17.5ns-15.0v\C2--C1--04790.trc,1.3868941264873431,1.3121844813370465,relative p.e. charge,empirical clean-SPE charge factor rescaled to exact mean one
near\59v-17.5ns-15.0v\C2--C1--04791.trc,1.2916973682871402,1.2221158117838182,relative p.e. charge,empirical clean-SPE charge factor rescaled to exact mean one
near\59v-17.5ns-15.0v\C2--C1--04793.trc,1.13512212663567,1.073975014059752,relative p.e. charge,empirical clean-SPE charge factor rescaled to exact mean one
near\59v-17.5ns-15.0v\C2--C1--04795.trc,1.1784397863570644,1.114959224583605,relative p.e. charge,empirical clean-SPE charge factor rescaled to exact mean one
near\59v-17.5ns-15.0v\C2--C1--04813.trc,1.0630920931242025,1.005825116847827,relative p.e. charge,empirical clean-SPE charge factor rescaled to exact mean one
near\59v-17.5ns-15.0v\C2--C1--04817.trc,0.8921962519980242,0.8441351461658009,relative p.e. charge,empirical clean-SPE charge factor rescaled to exact mean one
near\59v-17.5ns-15.0v\C2--C1--04819.trc,0.9508305200269515,0.8996108851661401,relative p.e. charge,empirical clean-SPE charge factor rescaled to exact mean one
near\59v-17.5ns-15.0v\C2--C1--04826.trc,0.9000704211489309,0.8515851471182254,relative p.e. charge,empirical clean-SPE charge factor rescaled to exact mean one
near\59v-17.5ns-15.0v\C2--C1--04827.trc,1.2127722503595475,1.147442256712541,relative p.e. charge,empirical clean-SPE charge factor rescaled to exact mean one
near\59v-17.5ns-15.0v\C2--C1--04829.trc,0.7018118899248214,0.6640064682583962,relative p.e. charge,empirical clean-SPE charge factor rescaled to exact mean one
near\59v-17.5ns-15.0v\C2--C1--04831.trc,1.1838029850987604,1.1200335168635818,relative p.e. charge,empirical clean-SPE charge factor rescaled to exact mean one
near\59v-17.5ns-15.0v\C2--C1--04832.trc,0.9150641807799055,0.8657712182313057,relative p.e. charge,empirical clean-SPE charge factor rescaled to exact mean one
near\59v-17.5ns-15.0v\C2--C1--04834.trc,1.0509118977657066,0.9943010480499065,relative p.e. charge,empirical clean-SPE charge factor rescaled to exact mean one
near\59v-17.5ns-15.0v\C2--C1--04842.trc,1.1819868314935646,1.118315196386951,relative p.e. charge,empirical clean-SPE charge factor rescaled to exact mean one
near\59v-17.5ns-15.0v\C2--C1--04845.trc,1.4773795508497625,1.3977956086523566,relative p.e. charge,empirical clean-SPE charge factor rescaled to exact mean one
near\59v-17.5ns-15.0v\C2--C1--04859.trc,1.227156414975053,1.1610515706644782,relative p.e. charge,empirical clean-SPE charge factor rescaled to exact mean one
near\59v-17.5ns-15.0v\C2--C1--04862.trc,1.0411264669361633,0.9850427418587591,relative p.e. charge,empirical clean-SPE charge factor rescaled to exact mean one
near\59v-17.5ns-15.0v\C2--C1--04873.trc,1.0661875807701495,1.0087538558002875,relative p.e. charge,empirical clean-SPE charge factor rescaled to exact mean one
near\59v-17.5ns-15.0v\C2--C1--04875.trc,0.9759054894716647,0.9233351083400375,relative p.e. charge,empirical clean-SPE charge factor rescaled to exact mean one
near\59v-17.5ns-15.0v\C2--C1--04878.trc,1.1816138480402885,1.1179623049226082,relative p.e. charge,empirical clean-SPE charge factor rescaled to exact mean one
near\59v-17.5ns-15.0v\C2--C1--04884.trc,1.0176597364775966,0.9628401245519564,relative p.e. charge,empirical clean-SPE charge factor rescaled to exact mean one
near\59v-17.5ns-15.0v\C2--C1--04888.trc,0.9012132321418768,0.852666396812348,relative p.e. charge,empirical clean-SPE charge factor rescaled to exact mean one
near\59v-17.5ns-15.0v\C2--C1--04890.trc,0.9591481946407692,0.907480500690943,relative p.e. charge,empirical clean-SPE charge factor rescaled to exact mean one
near\59v-17.5ns-15.0v\C2--C1--04913.trc,0.7557038211819318,0.7149953321624993,relative p.e. charge,empirical clean-SPE charge factor rescaled to exact mean one
near\59v-17.5ns-15.0v\C2--C1--04936.trc,0.7681972647438682,0.7268157750119866,relative p.e. charge,empirical clean-SPE charge factor rescaled to exact mean one
near\59v-17.5ns-15.0v\C2--C1--04947.trc,1.0594818745474874,1.002409374650837,relative p.e. charge,empirical clean-SPE charge factor rescaled to exact mean one
near\59v-17.5ns-15.0v\C2--C1--04949.trc,1.056843117582854,0.9999127630689698,relative p.e. charge,empirical clean-SPE charge factor rescaled to exact mean one
near\59v-17.5ns-15.0v\C2--C1--04995.trc,1.1127223426351947,1.0527818686066308,relative p.e. charge,empirical clean-SPE charge factor rescaled to exact mean one
near\59v-17.5ns-15.0v\C2--C1--04998.trc,0.9459269638632621,0.8949714752944908,relative p.e. charge,empirical clean-SPE charge factor rescaled to exact mean one
near\59v-17.5ns-15.0v\C2--C1--05001.trc,0.9353452657546412,0.8849597953982802,relative p.e. charge,empirical clean-SPE charge factor rescaled to exact mean one
near\59v-17.5ns-15.0v\C2--C1--05004.trc,1.2825079595711355,1.2134214210011958,relative p.e. charge,empirical clean-SPE charge factor rescaled to exact mean one
near\59v-17.5ns-15.0v\C2--C1--05014.trc,1.0029058965829605,0.9488810491040661,relative p.e. charge,empirical clean-SPE charge factor rescaled to exact mean one
near\59v-17.5ns-15.0v\C2--C1--05024.trc,1.0539935567029248,0.997216703222831,relative p.e. charge,empirical clean-SPE charge factor rescaled to exact mean one
near\59v-17.5ns-15.0v\C2--C1--05028.trc,0.9806082293255567,0.9277845195374673,relative p.e. charge,empirical clean-SPE charge factor rescaled to exact mean one
near\59v-17.5ns-15.0v\C2--C1--05034.trc,1.0257411095473785,0.9704861676979614,relative p.e. charge,empirical clean-SPE charge factor rescaled to exact mean one
near\59v-17.5ns-15.0v\C2--C1--05040.trc,0.852885428685874,0.8069419305384241,relative p.e. charge,empirical clean-SPE charge factor rescaled to exact mean one
near\59v-17.5ns-15.0v\C2--C1--05072.trc,0.9316069928724899,0.8814228969650985,relative p.e. charge,empirical clean-SPE charge factor rescaled to exact mean one
near\59v-17.5ns-15.0v\C2--C1--05073.trc,0.9971547814082078,0.943439736794376,relative p.e. charge,empirical clean-SPE charge factor rescaled to exact mean one
near\59v-17.5ns-15.0v\C2--C1--05085.trc,1.3583243242216065,1.2851536860859933,relative p.e. charge,empirical clean-SPE charge factor rescaled to exact mean one
near\59v-17.5ns-15.0v\C2--C1--05088.trc,0.9398328593465114,0.8892056498995995,relative p.e. charge,empirical clean-SPE charge factor rescaled to exact mean one
near\59v-17.5ns-15.0v\C2--C1--05091.trc,0.6085164587436133,0.5757367044475917,relative p.e. charge,empirical clean-SPE charge factor rescaled to exact mean one
near\59v-17.5ns-15.0v\C2--C1--05092.trc,1.1099998910725692,1.0502060709134668,relative p.e. charge,empirical clean-SPE charge factor rescaled to exact mean one
