time_ns,amplitude_mv,amplitude_per_pe,is_measured_support
-40.0,0.0,0.0,True
-39.8,0.0,0.0,True
-39.599999999999994,0.0,0.0,True
-39.39999999999999,0.0,0.0,True
-39.19999999999999,0.0,0.0,True
-38.999999999999986,0.0,0.0,True
-38.79999999999998,0.0,0.0,True
-38.59999999999998,0.0,0.0,True
-38.39999999999998,0.0,0.0,True
-38.199999999999974,0.0,0.0,True
-37.99999999999997,0.0,0.0,True
-37.79999999999997,0.0,0.0,True
-37.599999999999966,0.0,0.0,True
-37.39999999999996,0.0,0.0,True
-37.19999999999996,0.0,0.0,True
-36.99999999999996,0.0,0.0,True
-36.799999999999955,0.0,0.0,True
-36.59999999999995,0.0,0.0,True
-36.39999999999995,0.0,0.0,True
-36.199999999999946,0.0,0.0,True
-35.99999999999994,0.0,0.0,True
-35.79999999999994,0.0,0.0,True
-35.59999999999994,0.0,0.0,True
-35.399999999999935,0.0,0.0,True
-35.19999999999993,0.0,0.0,True
-34.99999999999993,0.0,0.0,True
-34.799999999999926,0.0,0.0,True
-34.59999999999992,0.0,0.0,True
-34.39999999999992,0.0,0.0,True
-34.19999999999992,0.0,0.0,True
-33.999999999999915,0.0,0.0,True
-33.79999999999991,0.0,0.0,True
-33.59999999999991,0.0,0.0,True
-33.399999999999906,0.0,0.0,True
-33.1999999999999,0.0,0.0,True
-32.9999999999999,0.0,0.0,True
-32.7999999999999,0.0,0.0,True
-32.599999999999895,0.0,0.0,True
-32.39999999999989,0.0,0.0,True
-32.19999999999989,0.0,0.0,True
-31.999999999999886,0.0,0.0,True
-31.799999999999883,0.0,0.0,True
-31.59999999999988,0.0,0.0,True
-31.399999999999878,0.0,0.0,True
-31.199999999999875,0.0,0.0,True
-30.999999999999872,0.0,0.0,True
-30.79999999999987,0.0,0.0,True
-30.599999999999866,0.0,0.0,True
-30.399999999999864,0.0,0.0,True
-30.19999999999986,0.0,0.0,True
-29.999999999999858,0.0,0.0,True
-29.799999999999855,0.0,0.0,True
-29.599999999999852,0.0,0.0,True
-29.39999999999985,0.0,0.0,True
-29.199999999999847,0.0,0.0,True
-28.999999999999844,0.0,0.0,True
-28.79999999999984,0.0,0.0,True
-28.599999999999838,0.0,0.0,True
-28.399999999999835,0.0,0.0,True
-28.199999999999832,0.0,0.0,True
-27.99999999999983,0.0,0.0,True
-27.799999999999827,0.0,0.0,True
-27.599999999999824,0.0,0.0,True
-27.39999999999982,0.0,0.0,True
-27.199999999999818,0.0,0.0,True
-26.999999999999815,0.0,0.0,True
-26.799999999999812,0.0,0.0,True
-26.59999999999981,0.0,0.0,True
-26.399999999999807,0.0,0.0,True
-26.199999999999804,0.0,0.0,True
-25.9999999999998,0.0,0.0,True
-25.799999999999798,0.0,0.0,True
-25.599999999999795,0.0,0.0,True
-25.399999999999793,0.0,0.0,True
-25.19999999999979,0.0,0.0,True
-24.999999999999787,0.0,0.0,True
-24.799999999999784,0.0,0.0,True
-24.59999999999978,0.0,0.0,True
-24.39999999999978,0.0,0.0,True
-24.199999999999775,0.0,0.0,True
-23.999999999999773,0.0,0.0,True
-23.79999999999977,0.0,0.0,True
-23.599999999999767,0.0,0.0,True
-23.399999999999764,0.0,0.0,True
-23.19999999999976,0.0,0.0,True
-22.99999999999976,0.0,0.0,True
-22.799999999999756,0.0,0.0,True
-22.599999999999753,0.0,0.0,True
-22.39999999999975,0.0,0.0,True
-22.199999999999747,0.0,0.0,True
-21.999999999999744,0.0,0.0,True
-21.79999999999974,0.0,0.0,True
-21.59999999999974,0.0,0.0,True
-21.399999999999736,0.0,0.0,True
-21.199999999999733,0.0,0.0,True
-20.99999999999973,0.0,0.0,True
-20.799999999999727,0.0,0.0,True
-20.599999999999724,0.0,0.0,True
-20.39999999999972,0.0,0.0,True
-20.19999999999972,0.0,0.0,True
-19.999999999999716,0.0,0.0,True
-19.799999999999713,0.0,0.0,True
-19.59999999999971,0.0,0.0,True
-19.399999999999707,0.0,0.0,True
-19.199999999999704,0.0,0.0,True
-18.9999999999997,0.0,0.0,True
-18.7999999999997,0.0,0.0,True
-18.599999999999696,0.0,0.0,True
-18.399999999999693,0.0,0.0,True
-18.19999999999969,0.0,0.0,True
-17.999999999999687,0.0,0.0,True
-17.799999999999685,0.0,0.0,True
-17.59999999999968,0.0,0.0,True
-17.39999999999968,0.0,0.0,True
-17.199999999999676,0.0,0.0,True
-16.999999999999673,0.0,0.0,True
-16.79999999999967,0.0,0.0,True
-16.599999999999667,0.0,0.0,True
-16.399999999999665,0.0,0.0,True
-16.199999999999662,0.0,0.0,True
-15.999999999999659,0.0,0.0,True
-15.799999999999656,0.0,0.0,True
-15.599999999999653,0.0,0.0,True
-15.39999999999965,0.0,0.0,True
-15.199999999999648,0.0,0.0,True
-14.999999999999645,0.013423001981861736,0.00015973117217823449,True
-14.799999999999642,0.016982212190838886,0.00020208509714054066,True
-14.599999999999639,0.020573360869257717,0.0002448190838184297,True
-14.399999999999636,0.024025918102144144,0.00028590385863754963,True
-14.199999999999633,0.027231796467444627,0.00032405320182041225,True
-13.99999999999963,0.030150159382121563,0.0003587811657909712,True
-13.799999999999628,0.03278498658970649,0.0003901351087407935,True
-13.599999999999625,0.03514822491625127,0.0004182571956290777,True
-13.399999999999622,0.037229269512018874,0.0004430212307596928,True
-13.19999999999962,0.03898908130381638,0.00046396265658207853,True
-12.999999999999616,0.04038241752656073,0.00048054309279136237,True
-12.799999999999613,0.041391992579107126,0.0004925568440195189,True
-12.59999999999961,0.042049483949700074,0.0005003808663554911,True
-12.399999999999608,0.042429256949696126,0.0005049000928692758,True
-12.199999999999605,0.04262194756947868,0.0005071930746186049,True
-11.999999999999602,0.04270723191987637,0.0005082079421777314,True
-11.7999999999996,0.04273998724844401,0.0005085977243616469,True
-11.599999999999596,0.04275085574001794,0.0005087270573455249,True
-11.399999999999594,0.04275395233128198,0.0005087639061929757,True
-11.19999999999959,0.04275469528689549,0.0005087727472235576,True
-10.999999999999588,0.042754829747217636,0.0005087743472758332,True
-10.799999999999585,0.042754830922602925,0.0005087743612626948,True
-10.599999999999582,0.042754830922602925,0.0005087743612626948,True
-10.39999999999958,0.042754830922602925,0.0005087743612626948,True
-10.199999999999577,0.042754830922602925,0.0005087743612626948,True
-9.999999999999574,0.042754830922602925,0.0005087743612626948,True
-9.79999999999957,0.042754830922602925,0.0005087743612626948,True
-9.599999999999568,0.042754830922602925,0.0005087743612626948,True
-9.399999999999565,0.042754830922602925,0.0005087743612626948,True
-9.199999999999562,0.042754830922602925,0.0005087743612626948,True
-8.99999999999956,0.042754830922602925,0.0005087743612626948,True
-8.799999999999557,0.042754830922602925,0.0005087743612626948,True
-8.599999999999554,0.042755123148441,0.0005087778386946224,True
-8.399999999999551,0.04275733120860928,0.0005088041141909232,True
-8.199999999999548,0.0427677103122077,0.000508927623550914,True
-7.999999999999545,0.04280751465500316,0.000509401287664284,True
-7.799999999999542,0.042938259810801654,0.0005109571301666199,True
-7.59999999999954,0.04331165132590326,0.0005154004182231352,True
-7.399999999999537,0.04424633986262778,0.0005265230341472266,True
-7.199999999999534,0.04631208234723244,0.0005511049770635843,True
-6.999999999999531,0.05037589011146897,0.0005994635170210134,True
-6.799999999999528,0.057561600357097446,0.00068497210310469,True
-6.599999999999525,0.06911472963915034,0.0008224521455752672,True
-6.3999999999995225,0.0862275784175055,0.0010260917932762216,True
-6.19999999999952,0.10990874284817088,0.0013078931487529684,True
-5.999999999999517,0.14094394902877874,0.0016772062032187562,True
-5.799999999999514,0.1799263575040813,0.0021410894544098727,True
-5.599999999999511,0.2272988980237054,0.0027048136821560534,True
-5.399999999999508,0.2833707386672281,0.00337205792783848,True
-5.1999999999995055,0.3483099460109683,0.004144822151769732,True
-4.999999999999503,0.4221337195887496,0.005023311025133071,True
-4.7999999999995,0.5047094246855929,0.006005946220031073,True
-4.599999999999497,0.5957629347352701,0.0070894656824308224,True
-4.399999999999494,0.6948824431854809,0.008268968992634957,True
-4.199999999999491,0.8015093299818766,0.009537808678177637,True
-3.9999999999994884,0.914916674702036,0.010887334524203006,True
-3.7999999999994856,1.034184562808568,0.012306599722570843,True
-3.5999999999994827,1.1581865637872146,0.013782199964270176,True
-3.39999999999948,1.2855996561716023,0.015298391545327306,True
-3.199999999999477,1.4149433406616359,0.01683755680548018,True
-2.999999999999474,1.5446441814588192,0.018380972157800886,True
-2.7999999999994714,1.6731136797817514,0.01990973476872807,True
-2.5999999999994685,1.7988235647152522,0.021405658504860457,True
-2.3999999999994657,1.9203644349762965,0.02285197175882503,True
-2.199999999999463,2.0364797455082,0.024233721883287738,True
-1.99999999999946,2.1460745437426216,0.025537879150810787,True
-1.7999999999994571,2.248204566626689,0.02675320701054782,True
-1.5999999999994543,2.342054991060655,0.0278700092224911,True
-1.3999999999994515,2.42691904837234,0.02887987537378226,True
-1.1999999999994486,2.5021851522719243,0.02977552770382102,True
-0.9999999999994458,2.56733768821514,0.03055083049753714,True
-0.7999999999994429,2.621972019777567,0.031200968658392152,True
-0.5999999999994401,2.665819743127252,0.03172274823180325,True
-0.39999999999943725,2.698776966575582,0.03211493292642337,True
-0.1999999999994344,2.7209272811288288,0.03237851745933841,True
5.684341886080801e-13,2.7325524058385353,0.03251685423371338,True
0.20000000000057128,2.7325524058385353,0.03251685423371338,True
0.4000000000005741,2.726297192470014,0.03244241838360109,True
0.600000000000577,2.709850586196258,0.03224670689506739,True
0.8000000000005798,2.6856784353831284,0.03195906289496461,True
1.0000000000005826,2.6547409501837493,0.03159091270160092,True
1.2000000000005855,2.618035128776205,0.031154120403788954,True
1.4000000000005883,2.576566134465356,0.03066064725379797,True
1.6000000000005912,2.5313208207610094,0.03012223662081639,True
1.800000000000594,2.4832432265458286,0.02955012238810768,True
2.000000000000597,2.433214057836911,0.028954784789873213,True
2.2000000000005997,2.3820375525078434,0.028345794103941432,True
2.4000000000006025,2.3304382526070353,0.027731772242969525,True
2.6000000000006054,2.279067151066831,0.027120465899113513,True
2.8000000000006082,2.2285129640012356,0.02651888068222857,True
3.000000000000611,2.1793119718895007,0.025933398228083132,True
3.200000000000614,2.1319504138694123,0.025369804689993905,True
3.4000000000006168,2.086856849289992,0.024833199842754904,True
3.6000000000006196,2.044386787933908,0.024327814185205597,True
3.8000000000006224,2.0048059838983465,0.02385681014058872,True
4.000000000000625,1.9682801122384581,0.02342215921056952,True
4.200000000000628,1.9348763930052764,0.02302466130097831,True
4.400000000000631,1.9045780029728991,0.022664116218624554,True
4.600000000000634,1.8773069045799302,0.0223395953313608,True
4.800000000000637,1.8529473451160177,0.022049721203935807,True
5.0000000000006395,1.8313623023225165,0.021792863297516493,True
5.200000000000642,1.8123986582209404,0.021567199537263104,True
5.400000000000645,1.79588228350653,0.021370657817547004,True
5.600000000000648,1.7816088814778483,0.021200807046453225,True
5.800000000000651,1.7693380804155814,0.021054786846211107,True
6.000000000000654,1.7587962733954783,0.02092934134642848,True
6.2000000000006565,1.7496894510621763,0.020820971891660996,True
6.400000000000659,1.7417230275513087,0.020726172966116722,True
6.600000000000662,1.7346231413623263,0.020641685669993942,True
6.800000000000665,1.7281536616641886,0.02056470009128635,True
7.000000000000668,1.7221248789696353,0.02049295872315498,True
7.200000000000671,1.7163929841111198,0.020424750263840864,True
7.400000000000674,1.7108528637691067,0.020358823884821176,True
7.600000000000676,1.7054288544383347,0.02029427920476521,True
7.800000000000679,1.700067561180062,0.02023048083405109,True
8.000000000000682,1.6947339013287763,0.02016701129562764,True
8.200000000000685,1.689408273446907,0.020103637336113544,True
8.400000000000688,1.6840816303604018,0.020040251295857254,True
8.60000000000069,1.6787470226272525,0.019976770477819795,True
8.800000000000693,1.6733894038404373,0.01991301583261759,True
9.000000000000696,1.6679778077373932,0.019848618867612113,True
9.2000000000007,1.6624639768348168,0.0197830053279247,True
9.400000000000702,1.6567892090713234,0.019715476670182794,True
9.600000000000705,1.6508976645805575,0.019645368410590648,True
9.800000000000708,1.6447511507659902,0.019572226064509108,True
10.00000000000071,1.6383391159333076,0.01949592406878147,True
10.200000000000713,1.6316793280582782,0.0194166738589421,True
10.400000000000716,1.6248090051192503,0.01933491832185905,True
10.600000000000719,1.617770641351607,0.0192511631308562,True
10.800000000000722,1.6105986445815867,0.019165817732525642,True
11.000000000000725,1.6033111195756646,0.01907909757014713,True
11.200000000000728,1.5959072665348315,0.01899099312626448,True
11.40000000000073,1.5883677283070163,0.018901274054447394,True
11.600000000000733,1.5806546798493568,0.01880949024387549,True
11.800000000000736,1.5727103837601764,0.018714954630443377,True
12.000000000000739,1.5644558173234393,0.018616726858850643,True
12.200000000000742,1.5557930361240015,0.01851364140917407,True
12.400000000000745,1.5466148746532753,0.018404423032231176,True
12.600000000000747,1.536822981100051,0.018287901360162995,True
12.80000000000075,1.5263509281973997,0.018163285921119383,True
13.000000000000753,1.5151853920105398,0.018030418162809012,True
13.200000000000756,1.5033775097901896,0.01788990660879541,True
13.400000000000759,1.4910394489731371,0.017743086030255883,True
13.600000000000762,1.47832662140037,0.01759180579855795,True
13.800000000000765,1.465411103115673,0.017438113585914922,True
14.000000000000767,1.4524542561114073,0.017283929569364673,True
14.20000000000077,1.4395855473547445,0.01713079438120783,True
14.400000000000773,1.4268911487899054,0.016979733451201306,True
14.600000000000776,1.4144120521394183,0.0168312345730516,True
14.800000000000779,1.4021489971720207,0.016685306549866066,True
15.000000000000782,1.390071393718394,0.016541585364444316,True
15.200000000000784,1.378129179646459,0.016399475286930268,True
15.400000000000787,1.3662686119490266,0.016258336785753693,True
15.60000000000079,1.3544533949102728,0.016117737948795268,True
15.800000000000793,1.3426901914371105,0.015977758063380792,True
16.000000000000796,1.3310531394709535,0.01583927935692116,True
16.2000000000008,1.3196980789320298,0.015704156294845478,True
16.4000000000008,1.3088569466349025,0.01557514888116116,True
16.600000000000804,1.2988078320687675,0.01545556632793118,True
16.800000000000807,1.2898250429877551,0.015348672845290052,True
17.00000000000081,1.2821220977923284,0.015257009261618321,True
17.200000000000813,1.2758044483162327,0.015181830433693571,True
17.400000000000816,1.270845921095689,0.015122824902271808,True
17.60000000000082,1.2670947601037066,0.015078186799477195,True
17.80000000000082,1.2643055077927743,0.015044995227150222,True
18.000000000000824,1.2621856567904626,0.015019769403157943,True
18.200000000000827,1.2604433012772085,0.014999035703732184,True
18.40000000000083,1.258824034116526,0.014979766732305746,True
18.600000000000833,1.2571305579886158,0.014959614688274725,True
18.800000000000836,1.2552246624385155,0.014936934893495719,True
19.00000000000084,1.2530162642439762,0.01491065537474673,True
19.20000000000084,1.2504468128115238,0.014880079391094545,True
19.400000000000844,1.2474742937280578,0.014844706979009246,True
19.600000000000847,1.2440649368538617,0.014804136280247139,True
19.80000000000085,1.2401934613518926,0.014758066457652725,True
20.000000000000853,1.2358500852754815,0.014706381107919966,True
20.200000000000855,1.231049406315696,0.014649253940797878,True
20.40000000000086,1.2258347113329933,0.01458720006169806,True
20.60000000000086,1.220272448361295,0.014521010189593926,True
20.800000000000864,1.214435822311939,0.014451555449015817,True
21.000000000000867,1.2083823847942319,0.014379520693175236,True
21.20000000000087,1.202135169573746,0.0143051800195043,True
21.400000000000873,1.1956773839415658,0.014228333597958822,True
21.600000000000875,1.1889657544726926,0.014148466483006612,True
21.80000000000088,1.1819591368123847,0.014065089064646845,True
22.00000000000088,1.1746510671795687,0.01397812442511336,True
22.200000000000884,1.1670918907889836,0.013888171662892078,True
22.400000000000887,1.1593899555355847,0.013796520097338508,True
22.60000000000089,1.1516904500306637,0.013704897445329989,True
22.800000000000892,1.1441402974757162,0.01361505206503757,True
23.000000000000895,1.1368535050132018,0.013528340619786371,True
23.200000000000898,1.1298903090266188,0.01344547991109046,True
23.4000000000009,1.1232581609712011,0.01336655860985077,True
23.600000000000904,1.1169338900720651,0.01329130098825042,True
23.800000000000907,1.1108996365104187,0.01321949451784053,True
24.00000000000091,1.1051804820065552,0.013151437666325124,True
24.200000000000912,1.0998687747661804,0.013088229359798823,True
24.400000000000915,1.0951198275282912,0.013031717790334282,True
24.600000000000918,1.0911109787175899,0.012984013251477482,True
24.80000000000092,1.0879747133655528,0.012946692289920611,True
25.000000000000924,1.0857380005234976,0.012920075832248148,True
25.200000000000927,1.0843037765960768,0.012903008840125034,True
25.40000000000093,1.0834860484405855,0.012893278030506121,True
25.600000000000932,1.0830750909192282,0.012888387714115603,True
25.800000000000935,1.0828942770128827,0.012886236062998683,True
26.000000000000938,1.0828249708072917,0.012885411332325677,True
26.20000000000094,1.082801564972564,0.01288513280734133,True
26.400000000000944,1.0827929116893298,0.012885029834915636,True
26.600000000000946,1.0827829428446991,0.01288491120755938,True
26.80000000000095,1.082753962598683,0.012884566348140272,True
27.000000000000952,1.0826690235113132,0.01288355558914555,True
27.200000000000955,1.0824497980598893,0.012880946847943353,True
27.400000000000958,1.0819533590582402,0.012875039318185438,True
27.60000000000096,1.0809602407830343,0.012863221399479575,True
27.800000000000963,1.0791898621994664,0.012842154230843629,True
28.000000000000966,1.0763468186540741,0.012808322553051065,True
28.20000000000097,1.0721795118222912,0.012758732393862642,True
28.400000000000972,1.0665203951296216,0.01269138998088863,True
28.600000000000975,1.0592897388316351,0.01260534654532511,True
28.800000000000978,1.050471523249293,0.012500411456036496,True
29.00000000000098,1.0400850339924625,0.01237681420811446,True
29.200000000000983,1.028168161886372,0.012235005695177034,True
29.400000000000986,1.0147719737781011,0.012075593602997824,True
29.60000000000099,0.9999586065351129,0.011899317348488848,True
29.800000000000992,0.9837986228133523,0.011707016613843496,True
30.000000000000995,0.9663703520373698,0.01149962350432529,True
30.200000000000998,0.9477649207353128,0.011278222408298112,True
30.400000000001,0.9280970036709886,0.011044177933654215,True
30.600000000001003,0.907517114611393,0.010799281165611624,True
30.800000000001006,0.886221141648448,0.010545863135230362,True
31.00000000000101,0.8644526612722713,0.010286822356444502,True
31.200000000001012,0.8425006624685857,0.010025597743253945,True
31.400000000001015,0.8206979302098468,0.009766149373576097,True
31.600000000001017,0.7994288424427524,0.009513051271915193,True
31.80000000000102,0.7791499756149205,0.009271736611213145,True
32.00000000000102,0.7604086226556444,0.009048718073300658,True
32.200000000001026,0.7438208728076035,0.008851327003061137,True
32.40000000000103,0.7299704801799755,0.00868650996343548,True
32.60000000000103,0.7192376403704158,0.008558791209769288,True
32.800000000001035,0.7116402309074218,0.008468383481253575,True
33.00000000000104,0.7067959649238444,0.008410737636833261,True
33.20000000000104,0.704045863783303,0.008378011955992198,True
33.40000000000104,0.7026686545365546,0.008361623427731895,True
33.600000000001046,0.7020646613163057,0.008354436023216243,True
33.80000000000105,0.7018340171866271,0.008351691401913244,True
34.00000000000105,0.701757725262284,0.008350783542514912,True
34.200000000001054,0.7017360231613909,0.00835052529163936,True
34.40000000000106,0.7017308230053851,0.00835046341077132,True
34.60000000000106,0.7017298769801483,0.008350452153250821,True
34.80000000000106,0.701729855795388,0.0083504519011562,True
35.000000000001066,0.701729855795388,0.0083504519011562,True
35.20000000000107,0.701729855795388,0.0083504519011562,True
35.40000000000107,0.701729855795388,0.0083504519011562,True
35.600000000001074,0.701729855795388,0.0083504519011562,True
35.80000000000108,0.701729855795388,0.0083504519011562,True
36.00000000000108,0.701729855795388,0.0083504519011562,True
36.20000000000108,0.701729855795388,0.0083504519011562,True
36.400000000001086,0.701729855795388,0.0083504519011562,True
36.60000000000109,0.701729855795388,0.0083504519011562,True
36.80000000000109,0.701729855795388,0.0083504519011562,True
37.000000000001094,0.701729855795388,0.0083504519011562,True
37.2000000000011,0.701729855795388,0.0083504519011562,True
37.4000000000011,0.701729855795388,0.0083504519011562,True
37.6000000000011,0.701729855795388,0.0083504519011562,True
37.800000000001106,0.701729855795388,0.0083504519011562,True
38.00000000000111,0.7017292767745115,0.008350445010917827,True
38.20000000000111,0.7017260394428649,0.008350406487286577,True
38.400000000001114,0.7017124779511232,0.00835024510811258,True
38.60000000000112,0.701664716039732,0.008349676750445472,True
38.80000000000112,0.7015204496159968,0.008347960007424774,True
39.00000000000112,0.7011444568014991,0.008343485764399892,True
39.200000000001125,0.700295501110472,0.008333383353043745,True
39.40000000000113,0.6986274586064463,0.0083135339643026,True
39.60000000000113,0.6957596199704441,0.008279407229644759,True
39.800000000001134,0.691414281418975,0.008227698526831832,True
40.00000000000114,0.6855584047956876,0.008158014708083033,True
40.20000000000114,0.6784576556071906,0.008073517142430065,True
40.40000000000114,0.6705982894951181,0.00797999217958229,True
40.600000000001145,0.6625223127260917,0.0078838895910895,True
40.80000000000115,0.6546726459641816,0.007790480048665032,True
41.00000000000115,0.6473183769444656,0.007702965645208884,True
41.200000000001154,0.6405643289642765,0.007622593758034805,True
41.40000000000116,0.6344049041826821,0.00754929777389972,True
41.60000000000116,0.6287802763966275,0.0074823657723588725,True
41.80000000000116,0.6236140658005167,0.007420888848243725,True
42.000000000001165,0.618831217942542,0.007363973867843901,True
42.20000000000117,0.614363734471437,0.007310811663704264,True
42.40000000000117,0.6101515633094895,0.0072606876275145655,True
42.600000000001174,0.6061440355609053,0.007212998809045855,True
42.80000000000118,0.6023017475867436,0.007167276312484466,True
43.00000000000118,0.598597950816334,0.007123201834923715,True
43.20000000000118,0.5950180013403205,0.007080601116625736,True
43.400000000001185,0.5915564229039342,0.007039408991199692,True
43.60000000000119,0.5882122132554534,0.006999613532040599,True
43.80000000000119,0.5849836123442501,0.00696119379488053,True
44.000000000001194,0.581863705718714,0.006924067499059602,True
44.2000000000012,0.5788381947628538,0.006888064493765355,True
44.4000000000012,0.5758864684167415,0.006852939511302341,True
44.6000000000012,0.5729865911345939,0.006818431522845185,True
44.800000000001205,0.5701238118774962,0.0067843649938346354,True
45.00000000000121,0.5673007348854591,0.006750770914231814,True
45.20000000000121,0.5645457641587971,0.006717987286241512,True
45.400000000001214,0.5619156254972955,0.006686689136098896,True
45.60000000000122,0.5594885895136179,0.006657807869217209,True
45.80000000000122,0.5573478441265818,0.006632333406018254,True
46.00000000000122,0.5555585417748751,0.0066110410481384305,True
46.200000000001225,0.5541455639290497,0.006594226880347906,True
46.40000000000123,0.5530800466841252,0.006581547427663783,True
46.60000000000123,0.5522802763847764,0.006572030313119588,True
46.80000000000123,0.5516274550572969,0.006564261863408998,True
47.000000000001236,0.550991200405522,0.0065566905539903445,True
47.20000000000124,0.5502559806651325,0.0065479415788281805,True
47.40000000000124,0.5493396056992843,0.006537036890916527,True
47.600000000001245,0.5481983337745083,0.006523455971941403,True
47.80000000000125,0.546818421107259,0.006507035273490999,True
48.00000000000125,0.5451986666838444,0.006487760503730665,True
48.20000000000125,0.5433308888278194,0.006465534302265854,True
48.400000000001256,0.5411848785453628,0.0064399971878121316,True
48.60000000000126,0.5387020266844399,0.006410451722600547,True
48.80000000000126,0.5357988079138476,0.00637590397106604,True
49.000000000001265,0.5323786025234504,0.006335204177023195,True
49.20000000000127,0.528348356581173,0.006287245016367744,True
49.40000000000127,0.5236354470465547,0.006231162288722186,True
49.60000000000127,0.5182000501046082,0.006166482098257766,True
49.800000000001276,0.5120396147431648,0.006093174088414567,True
50.00000000000128,0.505184676490132,0.006011601626170582,True
50.20000000000128,0.49768843108759825,0.005922397730745369,True
50.400000000001285,0.4896149160828214,0.005826324436779223,True
50.60000000000129,0.48103122287649674,0.005724180119187874,True
50.80000000000129,0.472007819172749,0.005616803330256107,True
51.00000000000129,0.46262766933298327,0.005505181330115015,True
51.200000000001296,0.453002193152183,0.005390639993146542,True
51.4000000000013,0.44328889167139957,0.0052750535518018525,True
51.6000000000013,0.4337042875193816,0.005160998584207051,True
51.800000000001305,0.42452547881541414,0.005051772505311608,True
52.00000000000131,0.4160734673375825,0.0049511951752596395,True
52.20000000000131,0.40867245230447585,0.004863124503129492,True
52.40000000000131,0.4025860317383323,0.004790697255281841,True
52.600000000001316,0.3979467833132038,0.004735491080837916,True
52.80000000000132,0.39471150529742,0.004696991887402503,True
53.00000000000132,0.392671834230763,0.0046727201894041425,True
53.200000000001324,0.3915213827004082,0.004659030034867465,True
53.40000000000133,0.3909458666729916,0.004652181503533651,True
53.60000000000133,0.3906923257615429,0.004649164414879745,True
53.80000000000133,0.3905945339391984,0.004648000710781836,True
54.000000000001336,0.39056168952020526,0.004647609868438792,True
54.20000000000134,0.39055215605326926,0.0046474964219943475,True
54.40000000000134,0.39054981098071245,0.004647468516076666,True
54.600000000001344,0.39054936108595356,0.00464746316241455,True
54.80000000000135,0.39054932915321294,0.004647462782421006,True
55.00000000000135,0.39054932915321294,0.004647462782421006,True
55.20000000000135,0.39054932915321294,0.004647462782421006,True
55.400000000001356,0.39054932915321294,0.004647462782421006,True
55.60000000000136,0.39054932915321294,0.004647462782421006,True
55.80000000000136,0.39054932915321294,0.004647462782421006,True
56.000000000001364,0.39054932915321294,0.004647462782421006,True
56.20000000000137,0.39054932915321294,0.004647462782421006,True
56.40000000000137,0.39054932915321294,0.004647462782421006,True
56.60000000000137,0.39054932915321294,0.004647462782421006,True
56.800000000001376,0.39054932915321294,0.004647462782421006,True
57.00000000000138,0.39054932915321294,0.004647462782421006,True
57.20000000000138,0.3905491360706509,0.004647460484775218,True
57.400000000001384,0.3905480171501064,0.00464744716983342,True
57.60000000000139,0.3905432322135682,0.0046473902299981225,True
57.80000000000139,0.390526114787759,0.004647186535884625,True
58.00000000000139,0.3904735741163725,0.004646561311881906,True
58.200000000001396,0.39033404828294427,0.0046449009809847825,True
58.4000000000014,0.3900117779928753,0.004641066025789179,True
58.6000000000014,0.38936080092406655,0.004633319522406219,True
58.800000000001404,0.3882032602863539,0.00461954500883946,True
59.00000000000141,0.38637670455932915,0.004597809342874367,True
59.20000000000141,0.3837937058334789,0.0045670721490057775,True
59.40000000000141,0.3804816587670239,0.00452765941845942,True
59.600000000001415,0.3765784561624666,0.004481212049374803,True
59.80000000000142,0.37228684990412986,0.004430142750636869,True
60.00000000000142,0.36781347249074803,0.004376910409704442,True
60.200000000001424,0.3633206410428251,0.004323446569458741,True
60.40000000000143,0.3589047351612218,0.004270898128830454,True
60.60000000000143,0.3545995833806813,0.004219667640952989,True
60.80000000000143,0.3503958568761604,0.004169644094581532,True
61.000000000001435,0.34626675344392244,0.0041205085485860994,True
61.20000000000144,0.34219201807517846,0.0040720199722121195,True
61.40000000000144,0.3381742050718642,0.0040242087611671125,True
61.600000000001444,0.3342439463583518,0.003977439429528678,True
61.80000000000145,0.3304551166529572,0.0039323530762044225,True
62.00000000000145,0.32687442278063517,0.003889743499731866,True
62.20000000000145,0.3235720274582555,0.003850445623105429,True
62.400000000001455,0.32061683123397794,0.003815279349751793,True
62.60000000000146,0.31807368629248733,0.0037850164083417896,True
62.80000000000146,0.3159956345097971,0.00376028798711793,True
63.000000000001464,0.314408143035929,0.0037413971403247497,True
63.20000000000147,0.3132925707460768,0.0037281220421203068,True
63.40000000000147,0.3125821771957033,0.003719668493900441,True
63.60000000000147,0.31217742133185566,0.003714851976055494,True
63.800000000001475,0.31197316959638677,0.0037124214192270012,True
64.00000000000148,0.31188259715498123,0.003711343624390027,True
64.20000000000148,0.311847520369501,0.003710926217310107,True
64.40000000000148,0.3118357188472097,0.00371078578143804,True
64.60000000000149,0.31183229259571776,0.0037107450096965384,True
64.80000000000149,0.3118314492652557,0.0037107349742243377,True
65.00000000000149,0.31183128739045335,0.0037107330479449587,True
65.2000000000015,0.3118312782309992,0.0037107329389491953,True
65.4000000000015,0.3118312782309992,0.0037107329389491953,True
65.6000000000015,0.3118312782309992,0.0037107329389491953,True
65.8000000000015,0.3118312782309992,0.0037107329389491953,True
66.0000000000015,0.3118312782309992,0.0037107329389491953,True
66.20000000000151,0.3118312782309992,0.0037107329389491953,True
66.40000000000151,0.3118312782309992,0.0037107329389491953,True
66.60000000000151,0.3118312782309992,0.0037107329389491953,True
66.80000000000152,0.3118312782309992,0.0037107329389491953,True
67.00000000000152,0.3118312782309992,0.0037107329389491953,True
67.20000000000152,0.3118312782309992,0.0037107329389491953,True
67.40000000000153,0.3118312782309992,0.0037107329389491953,True
67.60000000000153,0.3118310618175996,0.0037107303636708753,True
67.80000000000153,0.3118297459692664,0.0037107147053258224,True
68.00000000000153,0.31182407455155486,0.0037106472165330624,True
68.20000000000154,0.311803677108895,0.0037104044908424978,True
68.40000000000154,0.31174073491587945,0.0037096554907094853,True
68.60000000000154,0.3115727801005238,0.003707656860331125,True
68.80000000000155,0.31118346321825463,0.003703024063432364,True
69.00000000000155,0.3103959479375237,0.0036936527812803234,True
69.20000000000155,0.3089981342672385,0.0036770190642963644,True
69.40000000000155,0.3068059308647871,0.0036509322604949606,True
69.60000000000156,0.3037412711077736,0.0036144633919082832,True
69.80000000000156,0.2998790745636056,0.003568503987147984,True
70.00000000000156,0.2954286174166524,0.003515544393029438,True
70.20000000000157,0.2906566859081938,0.0034587593151139077,True
70.40000000000157,0.28579715738374545,0.0034009318493582897,True
70.60000000000157,0.28099377754436483,0.0033437725422823957,True
70.80000000000157,0.276294397858785,0.003287850817268679,True
71.00000000000158,0.2716838654944573,0.0032329863584900165,True
71.20000000000158,0.26712954462608646,0.003178790805828721,True
71.40000000000158,0.2626179649782282,0.0031251038655673953,True
71.60000000000159,0.258173292336691,0.0030722131059637975,True
71.80000000000159,0.25385868843121884,0.003020870139596279,True
72.00000000000159,0.24976683194698324,0.002972177825202282,True
72.2000000000016,0.2460062479640585,0.0029274275906065518,True
72.4000000000016,0.2426861135434371,0.0028879186220828355,True
72.6000000000016,0.23989884917583645,0.0028547507059036464,True
72.8000000000016,0.2377002310378524,0.002828587567968699,True
73.0000000000016,0.23609168217940518,0.002809446142301555,True
73.20000000000161,0.235014112224038,0.0027966232646541083,True
73.40000000000161,0.23436009853266568,0.002788840626039834,True
73.60000000000161,0.23400069076926616,0.002784563741970582,True
73.80000000000162,0.2338131712104404,0.0027823322948637382,True
74.00000000000162,0.23369621347529834,0.0027809405200465405,True
74.20000000000162,0.23356869121925938,0.002779423029438743,True
74.40000000000163,0.23335870608774475,0.002776924246287094,True
74.60000000000163,0.23299263765726783,0.002772568101545661,True
74.80000000000163,0.2323899006542174,0.0027653956457758914,True
75.00000000000163,0.2314647360039487,0.002754386362290351,True
75.20000000000164,0.23013516487078126,0.002738564718526746,True
75.40000000000164,0.22834110203640676,0.002717215711808034,True
75.60000000000164,0.22607301353053857,0.002690225889699995,True
75.80000000000165,0.22340443232320115,0.002658470280568982,True
76.00000000000165,0.2205098910751939,0.002624025789903838,True
76.20000000000165,0.2176456449996966,0.0025899418060331423,True
76.40000000000165,0.21508607288197562,0.002559483384348428,True
76.60000000000166,0.2130391499674807,0.0025351253907392062,True
76.80000000000166,0.2115855807536316,0.0025178281933846912,True
77.00000000000166,0.21067490576614575,0.002506991334132113,True
77.20000000000167,0.21017419321290992,0.00250103294992262,True
77.40000000000167,0.20993362149261582,0.0024981701921783063,True
77.60000000000167,0.20983297766766654,0.002496972549791501,True
77.80000000000167,0.20979643136819326,0.0024965376557743854,True
78.00000000000168,0.20978495612438497,0.0024964011025542486,True
78.20000000000168,0.20978186907405028,0.0024963643672420432,True
78.40000000000168,0.2097811867604827,0.0024963562478402816,True
78.60000000000169,0.2097810961630664,0.0024963551697482476,True
78.80000000000169,0.2097810961630664,0.0024963551697482476,True
79.00000000000169,0.2097810961630664,0.0024963551697482476,True
79.2000000000017,0.2097810961630664,0.0024963551697482476,True
79.4000000000017,0.2097810961630664,0.0024963551697482476,True
79.6000000000017,0.2097810961630664,0.0024963551697482476,True
79.8000000000017,0.2097810961630664,0.0024963551697482476,True
80.0000000000017,0.2097810961630664,0.0024963551697482476,False
80.20000000000171,0.2085128659791928,0.002481263471621727,False
80.40000000000171,0.20725230287223273,0.002466263010253141,False
80.60000000000171,0.20599936049092513,0.002451353234071294,False
80.80000000000172,0.20475399276422507,0.0024365335948395074,False
81.00000000000172,0.20351615389960986,0.002421803547635466,False
81.20000000000172,0.2022857983813952,0.0024071625508311784,False
81.40000000000173,0.20106288096906158,0.002392610066073061,False
81.60000000000173,0.19984735669559067,0.002378145558262143,False
81.80000000000173,0.19863918086581198,0.0023637684955343913,False
82.00000000000173,0.19743830905475934,0.002349478349241153,False
82.20000000000174,0.19624469710603748,0.0023352745939297166,False
82.40000000000174,0.19505830113019826,0.002321156707323992,False
82.60000000000174,0.19387907750312688,0.0023071241703053053,False
82.80000000000175,0.19270698286443788,0.002293176466893311,False
83.00000000000175,0.1915419741158807,0.0022793130842270197,False
83.20000000000175,0.19038400841975492,0.0022655335125459385,False
83.40000000000175,0.18923304319733522,0.00225183724517133,False
83.60000000000176,0.1880890361273056,0.0022382237784875775,False
83.80000000000176,0.18695194514420327,0.0022246926119236696,False
84.00000000000176,0.18582172843687206,0.0022112432479347954,False
84.20000000000176,0.1846983444469247,0.0021978751919840456,False
84.40000000000177,0.1835817518672149,0.0021845879525242305,False
84.60000000000177,0.18247190964031845,0.0021713810409798072,False
84.80000000000177,0.18136877695702355,0.002158253971728911,False
85.00000000000178,0.1802723132548302,0.0021452062620855024,False
85.20000000000178,0.17918247821645872,0.0021322374322816163,False
85.40000000000178,0.17809923176836723,0.002119347005449722,False
85.60000000000178,0.1770225340792782,0.0021065345076051872,False
85.80000000000179,0.1759523455587138,0.002093799467628852,False
86.00000000000179,0.17488862685554019,0.0020811414172497017,False
86.2000000000018,0.17383133885652052,0.002068559891027654,False
86.4000000000018,0.17278044268487674,0.002056054426336439,False
86.6000000000018,0.17173589969886022,0.0020436245633465933,False
86.8000000000018,0.17069767149033047,0.002031269845008545,False
87.0000000000018,0.16966571988334347,0.002018989817035817,False
87.20000000000181,0.1686400069327474,0.0020067840278883147,False
87.40000000000181,0.1676204949227877,0.0019946520287557287,False
87.60000000000181,0.16660714636572005,0.001982593373541026,False
87.80000000000182,0.16559992400043216,0.0019706076188440538,False
88.00000000000182,0.16459879079107345,0.0019586943239452296,False
88.20000000000181,0.16360370992569342,0.001946853050789339,False
88.40000000000182,0.16261464481488766,0.001935083363969425,False
88.60000000000184,0.16163155909045315,0.0019233848307107838,False
88.80000000000183,0.16065441660405053,0.0019117570208550486,False
89.00000000000182,0.15968318142587476,0.0019001995068443685,False
89.20000000000184,0.15871781784333416,0.0018887118637056911,False
89.40000000000185,0.15775829035973757,0.0018772936690351382,False
89.60000000000184,0.15680456369298887,0.0018659445029824723,False
89.80000000000183,0.1558566027742892,0.001854663948235653,False
90.00000000000185,0.15491437274684802,0.0018434515900054985,False
90.20000000000186,0.15397783896460157,0.0018323070160104352,False
90.40000000000185,0.15304696699093848,0.0018212298164613332,False
90.60000000000184,0.15212172259743353,0.0018102195840464389,False
90.80000000000186,0.1512020717625892,0.0017992759139163984,False
91.00000000000188,0.15028798067058494,0.0017883984036693743,False
91.20000000000186,0.1493794157100335,0.0017775866533362476,False
91.40000000000185,0.14847634347274485,0.0017668402653659072,False
91.60000000000187,0.14757873075249783,0.0017561588446106326,False
91.80000000000189,0.14668654454381963,0.001745541998311571,False
92.00000000000188,0.14579975204077175,0.0017349893360842903,False
92.20000000000186,0.1449183206357435,0.0017245004699044208,False
92.40000000000188,0.1440422179182533,0.0017140750140933925,False
92.6000000000019,0.14317141167375722,0.0017037125853042554,False
92.80000000000189,0.14230586988246396,0.00169341280250758,False
93.00000000000188,0.14144556071815764,0.0016831752869774462,False
93.20000000000189,0.14059045254702737,0.0016729996622775174,False
93.40000000000191,0.13974051392650458,0.0016628855542472044,False
93.6000000000019,0.13889571360410644,0.0016528325909879013,False
93.80000000000189,0.1380560205162867,0.0016428404028493132,False
94.0000000000019,0.13722140378729347,0.0016329086224158601,False
94.20000000000192,0.1363918327280342,0.0016230368844931751,False
94.40000000000191,0.13556727683494715,0.0016132248260946709,False
94.6000000000019,0.13474770578887935,0.00160347208642819,False
94.80000000000192,0.13393308945397212,0.0015937783068827429,False
95.00000000000193,0.133123397876553,0.0015841431310153204,False
95.20000000000192,0.13231860128403442,0.0015745662045377894,False
95.40000000000191,0.1315186700838185,0.0015650471753038604,False
95.60000000000193,0.1307235748622092,0.001555585693296141,False
95.80000000000194,0.12993328638333093,0.0015461814106132689,False
96.00000000000193,0.12914777558805351,0.0015368339814571183,False
96.20000000000192,0.12836701359292324,0.0015275430621200807,False
96.40000000000194,0.1275909716891012,0.0015183083109724291,False
96.60000000000196,0.12681962134130764,0.0015091293884497595,False
96.80000000000194,0.12605293418677282,0.001500005957040502,False
97.00000000000193,0.12529088203419364,0.0014909376812735086,False
97.20000000000195,0.12453343686269736,0.00148192422770572,False
97.40000000000197,0.12378057082081133,0.0014729652649099056,False
97.60000000000196,0.12303225622543892,0.0014640604634624773,False
97.80000000000194,0.12228846556084126,0.0014552094959313726,False
98.00000000000196,0.12154917147762556,0.0014464120368640157,False
98.20000000000198,0.12081434679173997,0.001437667762775357,False
98.40000000000197,0.12008396448347351,0.0014289763521359716,False
98.60000000000196,0.1193579976964626,0.0014203374853602375,False
98.80000000000197,0.11863641973670347,0.0014117508447945837,False
99.00000000000199,0.11791920407157111,0.001403216114705816,False
99.20000000000198,0.11720632432884318,0.001394732981269501,False
99.40000000000197,0.11649775429573037,0.001386301132558429,False
99.60000000000198,0.11579346791791253,0.0013779202585311422,False
99.800000000002,0.11509343929858092,0.0013695900510205387,False
100.00000000000199,0.11439764269748579,0.0013613102037225394,False
100.20000000000198,0.11370605252998969,0.0013530804121848216,False
100.400000000002,0.11301864336612699,0.0013449003737956283,False
100.60000000000201,0.11233538992966884,0.0013367697877726401,False
100.800000000002,0.11165626709719366,0.0013286883551519159,False
101.00000000000199,0.11098124989716326,0.0013206557787768976,False
101.200000000002,0.11031031350900462,0.0013126717632874843,False
101.40000000000202,0.10964343326219753,0.0013047360151091745,False
101.60000000000201,0.10898058463536728,0.0012968482424422704,False
101.800000000002,0.10832174325538269,0.0012890081552511434,False
102.00000000000202,0.10766688489646026,0.001281215465253575,False
102.20000000000203,0.10701598547927349,0.0012734698859101568,False
102.40000000000202,0.10636902107006722,0.0012657711324137514,False
102.60000000000201,0.10572596787977752,0.0012581189216790195,False
102.80000000000203,0.10508680226315699,0.001250512972332012,False
103.00000000000205,0.10445150071790574,0.0012429530046998273,False
103.20000000000203,0.10382003988380674,0.0012354387408003232,False
103.40000000000202,0.10319239654186689,0.0012279699043318945,False
103.60000000000204,0.1025685476134633,0.0012205462206633163,False
103.80000000000206,0.10194847015949497,0.0012131674168236466,False
104.00000000000205,0.10133214137953907,0.0012058332214921873,False
104.20000000000203,0.10071953861101234,0.0011985433649885056,False
104.40000000000205,0.10011063932833807,0.0011912975792625203,False
104.60000000000207,0.0995054211421179,0.0011840955978846463,False
104.80000000000206,0.09890386179830847,0.001176937156035998,False
105.00000000000205,0.09830593917740287,0.0011698219904986472,False
105.20000000000206,0.09771163129361758,0.0011627498396459494,False
105.40000000000208,0.09712091629408409,0.0011557204434329226,False
105.60000000000207,0.09653377245804529,0.001148733543386686,False
105.80000000000206,0.09595017819605658,0.0011417888825969527,False
106.00000000000207,0.09537011204919218,0.0011348862057065847,False
106.20000000000209,0.09479355268825633,0.0011280252589022063,False
106.40000000000208,0.09422047891299873,0.001121205789904869,False
106.60000000000207,0.09365086965133487,0.0011144275479607725,False
106.80000000000209,0.09308470395857141,0.0011076902838320468,False
107.0000000000021,0.09252196101663615,0.00110099374978759,False
107.20000000000209,0.09196262013331243,0.0010943376995939571,False
107.40000000000208,0.09140666074147812,0.0010877218885063037,False
107.6000000000021,0.09085406239834935,0.001081146073259388,False
107.80000000000211,0.0903048047847293,0.0010746100120586294,False
108.0000000000021,0.08975886770426056,0.001068113464571214,False
108.20000000000209,0.08921623108268258,0.001061656191917257,False
108.40000000000211,0.0886768749670936,0.0010552379566610198,False
108.60000000000213,0.08814077952521719,0.0010488585228021826,False
108.80000000000211,0.08760792504467271,0.0010425176557671628,False
109.0000000000021,0.08707829193225056,0.00103621512240049,False
109.20000000000212,0.0865518607131916,0.0010299506909562325,False
109.40000000000214,0.08602861203047155,0.0010237241310894808,False
109.60000000000213,0.08550852664408869,0.0010175352138478712,False
109.80000000000211,0.08499158543035659,0.0010113837116631703,False
110.00000000000213,0.0844777693812009,0.0010052693983429062,False
110.20000000000215,0.0839670596034606,0.000999192049062054,False
110.40000000000214,0.08345943731819311,0.0009931514403547666,False
110.60000000000213,0.08295488385998372,0.0009871473501061568,False
110.80000000000214,0.08245338067625936,0.0009811795575441313,False
111.00000000000216,0.08195490932660651,0.0009752478432312744,False
111.20000000000215,0.08145945148209308,0.0009693519890567779,False
111.40000000000214,0.08096698892459425,0.0009634917782284199,False
111.60000000000215,0.0804775035461228,0.0009576669952645939,False
111.80000000000217,0.0799909773481633,0.0009518774259863873,False
112.00000000000216,0.07950739244101025,0.0009461228575097056,False
112.20000000000215,0.07902673104311012,0.0009404030782374411,False
112.40000000000217,0.07854897548040758,0.0009347178778516953,False
112.60000000000218,0.0780741081856959,0.0009290670473060469,False
112.80000000000217,0.07760211169797074,0.0009234503788178631,False
113.00000000000216,0.07713296866178797,0.000917867665860658,False
113.20000000000218,0.07666666182662574,0.0009123187031565002,False
113.4000000000022,0.07620317404625024,0.0009068032866684667,False
113.60000000000218,0.07574248827808502,0.0009013212135931372,False
113.80000000000217,0.07528458758258443,0.0008958722823531379,False
114.00000000000219,0.07482945512261052,0.0008904562925897278,False
114.2000000000022,0.07437707416281449,0.0008850730451554372,False
114.4000000000022,0.07392742806902082,0.0008797223421067392,False
114.60000000000218,0.0734805003076157,0.0008744039866967721,False
114.8000000000022,0.07303627444493922,0.0008691177833681066,False
115.00000000000222,0.0725947341466811,0.0008638635377455551,False
115.2000000000022,0.0721558631772801,0.0008586410566290249,False
115.4000000000022,0.07171964539932675,0.0008534501479864107,False
115.60000000000221,0.0712860647729702,0.0008482906209465362,False
115.80000000000223,0.07085510535532859,0.0008431622857921375,False
116.00000000000222,0.07042675129990257,0.0008380649539528847,False
116.2000000000022,0.07000098685599264,0.0008329984379984472,False
116.40000000000222,0.06957779636811995,0.0008279625516316028,False
116.60000000000224,0.06915716427545095,0.0008229571096813898,False
116.80000000000223,0.06873907511122498,0.0008179819280962963,False
117.00000000000222,0.06832351350218543,0.0008130368239374908,False
117.20000000000223,0.06791046416801465,0.0008081216153720973,False
117.40000000000225,0.06749991192077213,0.0008032361216665113,False
117.60000000000224,0.06709184166433595,0.0007983801631797508,False
117.80000000000223,0.0666862383938476,0.0007935535613568519,False
118.00000000000225,0.06628308719516031,0.0007887561387223027,False
118.20000000000226,0.06588237324429082,0.0007839877188735203,False
118.40000000000225,0.06548408180687418,0.0007792481264743624,False
118.60000000000224,0.06508819823762176,0.0007745371872486779,False
118.80000000000226,0.064694707979783,0.0007698547279739022,False
119.00000000000227,0.06430359656461011,0.0007652005764746868,False
119.20000000000226,0.06391484961082611,0.0007605745616165691,False
119.40000000000225,0.06352845282409574,0.0007559765132996764,False
119.60000000000227,0.06314439199650007,0.0007514062624524744,False
119.80000000000229,0.06276265300601418,0.0007468636410255504,False
120.00000000000227,0.062383221815987724,0.0007423484819854338,False
120.20000000000226,0.06200608447462876,0.000737860619308452,False
120.40000000000228,0.06163122711449075,0.000733399887974627,False
120.6000000000023,0.061258635951962855,0.0007289661239616103,False
120.80000000000229,0.06088829728676299,0.0007245591642386488,False
121.00000000000227,0.060520197501433844,0.000720178846760589,False
121.20000000000229,0.060154323060842445,0.0007158250104619211,False
121.40000000000231,0.05979066051168241,0.0007114974952508564,False
121.6000000000023,0.059429196481979245,0.0007071961420034404,False
121.80000000000229,0.05906991768059855,0.0007029207925576996,False
122.0000000000023,0.058712810896757374,0.0006986712897078282,False
122.20000000000232,0.05835786299953858,0.0006944474771984081,False
122.40000000000231,0.058005060937407885,0.0006902491997186623,False
122.6000000000023,0.05765439173773386,0.0006860763028967424,False
122.80000000000231,0.05730584250631106,0.0006819286332940545,False
123.00000000000233,0.056959400426885916,0.0006778060383996173,False
123.20000000000232,0.05661505276068553,0.0006737083666244547,False
123.40000000000231,0.056272786845948955,0.0006696354672960181,False
123.60000000000232,0.055932590097461925,0.0006655871906526497,False
123.80000000000234,0.05559445000609404,0.0006615633878380758,False
124.00000000000233,0.055258354138338774,0.0006575639108959317,False
124.20000000000232,0.05492429013585623,0.000653588612764322,False
124.40000000000234,0.05459224571501868,0.0006496373472704113,False
124.60000000000235,0.05426220866645919,0.000645709969125054,False
124.80000000000234,0.053934166854622385,0.0006418063339174476,False
125.00000000000233,0.05360810821731822,0.0006379262981098236,False
125.20000000000235,0.05328402076527859,0.0006340697190321703,False
125.40000000000236,0.052961892581716484,0.0006302364548769873,False
125.60000000000235,0.05264171182188774,0.0006264263646940705,False
125.80000000000234,0.052323466712655434,0.0006226393083853285,False
126.00000000000236,0.05200714555205705,0.0006188751466996315,False
126.20000000000238,0.05169273670887435,0.0006151337412276932,False
126.40000000000236,0.05138022862220547,0.000611414954396979,False
126.60000000000235,0.05106960980103986,0.0006077186494666476,False
126.80000000000237,0.050760868823835785,0.0006040446905225233,False
127.00000000000239,0.05045399433810041,0.000600392942472099,False
127.20000000000238,0.050148975059972414,0.00059676327103957,False
127.40000000000236,0.049845799773806786,0.0005931555427608924,False
127.60000000000238,0.04954445733176269,0.0005895696249788793,False
127.8000000000024,0.049244936653393565,0.0005860053858383227,False
128.0000000000024,0.048947226725239566,0.0005824626942811439,False
128.20000000000238,0.048651316600422635,0.0005789414200415747,False
128.4000000000024,0.0483571953982439,0.0005754414336413667,False
128.6000000000024,0.04806485230378387,0.0005719626063850337,False
128.8000000000024,0.047774276567504485,0.000568504810355116,False
129.0000000000024,0.0474854575048539,0.0005650679184074773,False
129.2000000000024,0.04719838449587366,0.000561651804166631,False
129.40000000000242,0.046913046984808235,0.0005582563420210925,False
129.6000000000024,0.04662943447971693,0.0005548814071187618,False
129.8000000000024,0.046347536552087835,0.0005515268753623294,False
130.00000000000242,0.04606734283645458,0.0005481926234047157,False
130.20000000000243,0.045788843030015236,0.0005448785286445361,False
130.40000000000242,0.045512026892253366,0.0005415844692215916,False
130.6000000000024,0.04523688424456146,0.0005383103240123873,False
130.80000000000243,0.04496340496986668,0.0005350559726256797,False
131.00000000000244,0.04469157901225896,0.0005318212953980503,False
131.20000000000243,0.04442139637662121,0.0005286061733895057,False
131.40000000000242,0.04415284712826164,0.0005254104883791017,False
131.60000000000244,0.043885921392548564,0.0005222341228605984,False
131.80000000000246,0.043620609354547424,0.0005190769600381401,False
132.00000000000244,0.04335690125865974,0.0005159388838219592,False
132.20000000000243,0.04309478740826442,0.0005128197788241077,False
132.40000000000245,0.04283425816536115,0.0005097195303542139,False
132.60000000000247,0.04257530395021623,0.0005066380244152678,False
132.80000000000246,0.04231791524101013,0.0005035751476994268,False
133.00000000000244,0.042062082573487355,0.0005005307875838493,False
133.20000000000246,0.041807796540608504,0.0004975048321265546,False
133.40000000000248,0.041555047792204425,0.000494497170062307,False
133.60000000000247,0.04130382703463239,0.0004915076907985247,False
133.80000000000246,0.0410541250304342,0.0004885362844112108,False
134.00000000000247,0.04080593259799668,0.00048558284164091373,False
134.2000000000025,0.040559240611214104,0.0004826472538887101,False
134.40000000000248,0.04031403999915254,0.00047972941321221024,False
134.60000000000247,0.04007032174571627,0.0004768292123215889,False
134.80000000000248,0.039828076889316326,0.00047394654457564076,False
135.0000000000025,0.039587296522541,0.00047108130397785947,False
135.2000000000025,0.03934797179182832,0.00046823338517254065,False
135.40000000000248,0.039110093897140374,0.0004654026834409056,False
135.6000000000025,0.03887365409163983,0.00046258909469725276,False
135.8000000000025,0.03863864368136835,0.0004597925154851305,False
136.0000000000025,0.03840505402492689,0.0004570128429735325,False
136.2000000000025,0.03817287653315784,0.00045424997495311606,False
136.4000000000025,0.03794210266882926,0.0004515038098324437,False
136.60000000000252,0.037712723946321115,0.0004487742466342499,False
136.8000000000025,0.03748473193131307,0.0004460611849917259,False
137.0000000000025,0.0372581182404744,0.00044336452514482955,False
137.20000000000252,0.037032874541155676,0.0004406841679366165,False
137.40000000000254,0.036808992551082595,0.00043802001480959676,False
137.60000000000252,0.03658646403805123,0.00043537196780210835,False
137.8000000000025,0.03636528081962533,0.0004327399295447153,False
138.00000000000253,0.036145434762835535,0.00043012380325662796,False
138.20000000000255,0.03592691778388034,0.000427523492742145,False
138.40000000000254,0.03570972184782878,0.0004249389023871153,False
138.60000000000252,0.03549383896832499,0.000422369937155422,False
138.80000000000254,0.03527926120729455,0.0004198165025854884,False
139.00000000000256,0.035065980674652684,0.0004172785047868054,False
139.20000000000255,0.03485398952801405,0.00041475585043647796,False
139.40000000000254,0.03464327997240433,0.00041224844677579343,False
139.60000000000255,0.034433844259973714,0.0004097562016068118,False
139.80000000000257,0.03422567468971196,0.00040727902328897494,False
140.00000000000256,0.03401876360716529,0.0004048168207357378,False
140.20000000000255,0.033813103404154776,0.0004023695034112173,False
140.40000000000256,0.0336086865184967,0.00039993698132686465,False
140.60000000000258,0.033405505433724544,0.0003975191650381569,False
140.80000000000257,0.0332035526788125,0.00039511596564130696,False
141.00000000000256,0.03300282082790077,0.000392727294769995,False
141.20000000000258,0.03280330250002254,0.0003903530645921185,False
141.4000000000026,0.03260499035883261,0.0003879931878065644,False
141.60000000000258,0.03240787711233764,0.00038564757763999777,False
141.80000000000257,0.032211955512627906,0.0003833161478436706,False
142.0000000000026,0.03201721835561088,0.00038099881269025126,False
142.2000000000026,0.031823658480746385,0.0003786954869706725,False
142.4000000000026,0.03163126877078324,0.00037640608599099826,False
142.60000000000258,0.03144004215149748,0.000374130525569308,False
142.8000000000026,0.03124997159143236,0.0003718687220326028,False
143.00000000000261,0.031061050101639773,0.00036962059221372877,False
143.2000000000026,0.03087327073542326,0.00036738605344831845,False
143.4000000000026,0.030686626588082515,0.0003651650235717506,False
143.6000000000026,0.03050111079665956,0.00036295742091612977,False
143.80000000000263,0.030316716539686414,0.00036076316430728366,False
144.00000000000261,0.030133437036934274,0.00035858217306177815,False
144.2000000000026,0.029951265549164066,0.0003564143669839493,False
144.40000000000262,0.029770195377878752,0.00035425966636295564,False
144.60000000000264,0.029590219865077098,0.00035211799196984794,False
144.80000000000263,0.02941133239300872,0.0003499892650546546,False
145.00000000000261,0.029233526383930786,0.00034787340734348604,False
145.20000000000263,0.029056795299866142,0.00034577034103565704,False
145.40000000000265,0.028881132642362986,0.00034367998880082627,False
145.60000000000264,0.028706531952255872,0.0003416022737761526,False
145.80000000000263,0.028532986809428125,0.00033953711956346807,False
146.00000000000264,0.02836049083257586,0.00033748445022646926,False
146.20000000000266,0.028189037678973374,0.00033544419028792594,False
146.40000000000265,0.028018621044239845,0.00033341626472690463,False
146.60000000000264,0.0278492346621075,0.00033140059897601,False
146.80000000000265,0.02768087230419128,0.0003293971189186436,False
147.00000000000267,0.027513527779759774,0.00032740575088627846,False
147.20000000000266,0.027347194935507635,0.0003254264216557505,False
147.40000000000265,0.02718186765532924,0.0003234590584465653,False
147.60000000000267,0.02701753986009381,0.0003215035889182222,False
147.80000000000268,0.02685420550742198,0.00031955994116755515,False
148.00000000000267,0.026691858591463533,0.00031762804372608826,False
148.20000000000266,0.02653049314267657,0.0003157078255574075,False
148.40000000000268,0.02637010322760795,0.00031379921605454835,False
148.6000000000027,0.026210682948675276,0.00031190214503740133,False
148.80000000000268,0.026052226443949954,0.00031001654275013036,False
149.00000000000267,0.025894727886941547,0.00030814233985860666,False
149.2000000000027,0.02573818148638366,0.00030627946744786103,False
149.4000000000027,0.02558258148602102,0.0003044278570195497,False
149.6000000000027,0.025427922164397702,0.00030258744048943485,False
149.80000000000268,0.025274197834646805,0.00030075815018488117,False
150.0000000000027,0.025121402844281333,0.0002989399188423679,False
150.20000000000272,0.02496953157498641,0.00029713267960501585,False
150.4000000000027,0.024818578442412607,0.00029533636602012837,False
150.6000000000027,0.024668537895970642,0.000293550912036748,False
150.8000000000027,0.024519404418627284,0.0002917762520032279,False
151.00000000000273,0.024371172526702487,0.00029001232066481797,False
151.20000000000272,0.02422383676966779,0.0002882590531612654,False
151.4000000000027,0.024077391729945826,0.00028651638502442934,False
151.60000000000272,0.02393183202271115,0.0002847842521759106,False
151.80000000000274,0.023787152295692247,0.00028306259092469535,False
152.00000000000273,0.023643347228974782,0.00028135133796481433,False
152.20000000000272,0.023500411534805858,0.0002796504303730131,False
152.40000000000273,0.02335833995739963,0.0002779598056064391,False
152.60000000000275,0.023217127272744144,0.000276279401500343,False
152.80000000000274,0.023076768288409173,0.0002746091562657921,False
153.00000000000273,0.022937257843355218,0.0002729490084873974,False
153.20000000000275,0.022798590807743845,0.0002712988971210566,False
153.40000000000276,0.02266076208274906,0.00026965876149170946,False
153.60000000000275,0.02252376660036975,0.00026802854129110614,False
153.80000000000274,0.022387599323243378,0.0002664081765755898,False
154.00000000000276,0.022252255244460714,0.0002647976077638925,False
154.20000000000277,0.022117729387381827,0.00026319677563494483,False
154.40000000000276,0.021984016805452998,0.00026160562132569785,False
154.60000000000275,0.02185111258202485,0.0002600240863289585,False
154.80000000000277,0.02171901183017158,0.0002584521124912386,False
155.00000000000279,0.02158770969251127,0.00025688964201061665,False
155.20000000000277,0.021457201341027302,0.0002553366174346125,False
155.40000000000276,0.021327481976890748,0.00025379298165807414,False
155.60000000000278,0.02119854683028398,0.00025225867792107843,False
155.8000000000028,0.02107039116022528,0.000250733649806844,False
156.00000000000279,0.020943010254394528,0.00024921784123965724,False
156.20000000000277,0.020816399428959867,0.00024771119648280926,False
156.4000000000028,0.020690554028405486,0.0002462136601365468,False
156.6000000000028,0.02056546942536053,0.0002447251771360363,False
156.8000000000028,0.020441141020428873,0.00024324569274933807,False
157.00000000000279,0.020317564242019956,0.0002417751525753934,False
157.2000000000028,0.02019473454618076,0.00024031350254202514,False
157.40000000000282,0.020072647416428738,0.00023886068890394938,False
157.6000000000028,0.019951298363585685,0.0002374166582407988,False
157.8000000000028,0.01983068292561268,0.00023598135745515834,False
158.0000000000028,0.019710796667446018,0.000234554733770613,False
158.20000000000283,0.019591635180834188,0.00023313673472980762,False
158.40000000000282,0.019473194084175704,0.0002317273081925174,False
158.6000000000028,0.01935546902235802,0.0002303264023337308,False
158.80000000000283,0.019238455666597383,0.00022893396564174407,False
159.00000000000284,0.01912214971427969,0.0002275499469162671,False
159.20000000000283,0.01900654688880228,0.0002261742952665412,False
159.40000000000282,0.018891642939416642,0.00022480696010946695,False
159.60000000000284,0.018777433641072105,0.00022344789116774454,False
159.80000000000285,0.01866391479426056,0.0002220970384680257,False
160.00000000000284,0.018551082224862004,0.00022075435233907576,False
160.20000000000283,0.018438931783991013,0.0002194197834099468,False
160.40000000000285,0.0183274593478442,0.0002180932826081623,False
160.60000000000286,0.018216660817548663,0.00021677480115791397,False
160.80000000000285,0.018106532119011205,0.00021546429057826705,False
161.00000000000284,0.01799706920276848,0.00021416170268137742,False
161.20000000000286,0.017888268043838158,0.00021286698957072046,False
161.40000000000288,0.017780124641570947,0.00021158010363933003,False
161.60000000000286,0.017672635019503453,0.00021030099756804752,False
161.80000000000285,0.01756579522521192,0.00020902962432378156,False
162.00000000000287,0.017459601330166958,0.00020776593715777911,False
162.2000000000029,0.0173540494295891,0.00020650988960390672,False
162.40000000000288,0.01724913564230519,0.00020526143547694155,False
162.60000000000286,0.017144856110605653,0.00020402052887087295,False
162.80000000000288,0.017041207000102684,0.00020278712415721482,False
163.0000000000029,0.01693818449958924,0.0002015611759833278,False
163.2000000000029,0.01683578482089894,0.00020034263927075198,False
163.40000000000288,0.01673400419876668,0.00019913146921354837,False
163.6000000000029,0.016632838890690272,0.00019792762127665225,False
163.8000000000029,0.016532285176792786,0.00019673105119423522,False
164.0000000000029,0.01643233935968582,0.0001955417149680781,False
164.2000000000029,0.016332997764333463,0.00019435956886595205,False
164.4000000000029,0.016234256737917205,0.00019318456942001117,False
164.60000000000292,0.016136112649701658,0.00019201667342519445,False
164.8000000000029,0.016038561890901037,0.00019085583793763698,False
165.0000000000029,0.015941600874546387,0.00018970202027309,False
165.20000000000292,0.015845226035353766,0.00018855517800535227,False
165.40000000000293,0.015749433829593158,0.0001874152689647102,False
165.60000000000292,0.015654220734958164,0.00018628225123638715,False
165.8000000000029,0.015559583250436394,0.00018515608315900116,False
166.00000000000293,0.01546551789618083,0.00018403672332303412,False
166.20000000000294,0.015372021213381881,0.00018292413056930932,False
166.40000000000293,0.015279089764140143,0.00018181826398747737,False
166.60000000000292,0.01518672013133999,0.00018071908291451182,False
166.80000000000294,0.015094908918523966,0.00017962654693321452,False
167.00000000000296,0.015003652749767865,0.00017854061587072912,False
167.20000000000294,0.014912948269556636,0.00017746124979706431,False
167.40000000000293,0.014822792142660942,0.00017638840902362493,False
167.60000000000295,0.014733181054014543,0.00017532205410175284,False
167.80000000000297,0.01464411170859243,0.00017426214582127677,False
168.00000000000296,0.014555580831289662,0.0001732086452090704,False
168.20000000000294,0.014467585166800898,0.00017216151352761894,False
168.40000000000296,0.014380121479500694,0.00017112071227359465,False
168.60000000000298,0.014293186553324611,0.00017008620317644202,False
168.80000000000297,0.014206777191650904,0.00016905794819696985,False
169.00000000000296,0.014120890217182953,0.0001680359095259523,False
169.20000000000297,0.014035522471832452,0.0001670200495827388,False
169.400000000003,0.013950670816603325,0.00016601033101387274,False
169.60000000000298,0.013866332131476308,0.00016500671669171787,False
169.80000000000297,0.01378250331529411,0.00016400916971309195,False
170.00000000000298,0.013699181285647509,0.00016301765339791105,False
170.200000000003,0.013616362978761985,0.0001620321312878408,False
170.400000000003,0.013534045349385024,0.00016105256714495512,False
170.60000000000298,0.013452225370674163,0.000160078924950404,False
170.800000000003,0.013370900034085687,0.00015911116890308908,False
171.000000000003,0.013290066349264044,0.00015814926341834772,False
171.200000000003,0.013209721343931833,0.0001571931731266438,False
171.400000000003,0.013129862063780539,0.00015624286287226752,False
171.600000000003,0.013050485572361882,0.00015529829771204252,False
171.80000000000302,0.012971588950979886,0.00015435944291404145,False
172.000000000003,0.012893169298583538,0.0001534262639563087,False
172.200000000003,0.012815223731660084,0.00015249872652559057,False
172.40000000000302,0.012737749384129015,0.0001515767965160738,False
172.60000000000304,0.01266074340723673,0.000150660440028132,False
172.80000000000302,0.012584202969451747,0.00014974962336707873,False
173.000000000003,0.01250812525636056,0.00014884431304192826,False
173.20000000000303,0.012432507470564175,0.00014794447576416426,False
173.40000000000305,0.012357346831575291,0.00014705007844651637,False
173.60000000000304,0.012282640575716021,0.00014616108820174304,False
173.80000000000302,0.012208385956016235,0.00014527747234142183,False
174.00000000000304,0.012134580242112612,0.00014439919837474824,False
174.20000000000306,0.012061220720148244,0.0001435262340073409,False
174.40000000000305,0.011988304692672811,0.00014265854714005374,False
174.60000000000304,0.011915829478543404,0.0001417961058677957,False
174.80000000000305,0.011843792412825939,0.0001409388784783578,False
175.00000000000307,0.011772190846697199,0.00014008683345124719,False
175.20000000000306,0.0117010221473474,0.0001392399394565279,False
175.40000000000305,0.011630283697883374,0.00013839816535366866,False
175.60000000000306,0.011559972897232379,0.0001375614801903982,False
175.80000000000308,0.01149008716004643,0.00013672985320156694,False
176.00000000000307,0.011420623916607276,0.00013590325380801615,False
176.20000000000306,0.011351580612731837,0.00013508165161545265,False
176.40000000000308,0.011282954709678349,0.000134265016413332,False
176.6000000000031,0.011214743684052992,0.0001334533181737474,False
176.80000000000308,0.011146945027717129,0.0001326465270503258,False
177.00000000000307,0.011079556247695025,0.0001318446133771298,False
177.2000000000031,0.01101257486608221,0.00013104754766756722,False
177.4000000000031,0.010945998419954393,0.0001302553006133071,False
177.6000000000031,0.010879824461276888,0.00012946784308320207,False
177.80000000000308,0.010814050556814534,0.00012868514612221615,False
178.0000000000031,0.010748674288042312,0.00012790718095036138,False
178.20000000000312,0.01068369325105638,0.00012713391896163889,False
178.4000000000031,0.010619105056485677,0.0001263653317229873,False
178.6000000000031,0.01055490732940406,0.00012560139097323684,False
178.8000000000031,0.01049109770924298,0.00012484206862207055,False
179.00000000000313,0.010427673849704718,0.00012408733674899148,False
179.20000000000312,0.010364633418676059,0.0001233371676022957,False
179.4000000000031,0.010301974098142567,0.00012259153359805205,False
179.60000000000312,0.01023969358410334,0.00012185040731908766,False
179.80000000000314,0.010177789586486304,0.00012111376151398017,False
180.00000000000313,0.010116259829064013,0.00012038156909605565,False
