elevation_deg,id,center_x,center_y,center_z,normal_x,normal_y,normal_z,radius_of_curvature
32,0,0.8180190964,0.0012794346,-15.958148457,-0.051100681733627515,-0.0003046214621160069,0.9986934602429932,16.0488889
32,1,0.40898431100000004,0.7096239142,-15.958306235800002,-0.025762466759243034,-0.044425587272815995,0.9986804606589358,15.992963
32,2,-0.4089880558000001,0.7096243262,-15.958306179400001,0.02576611430428905,-0.04466069638644087,0.9986698801665824,16.0498999
32,3,-0.818023343,0.0012803104,-15.958148085200001,0.05133502339567052,-0.00022057752307513926,0.9986814640907892,15.9893544
32,4,-0.40903487480000006,-0.7069332294000001,-15.957920601000001,0.025592280904074102,0.044398673260305534,0.9986860332310908,16.0558258
32,5,0.40898837200000004,-0.7069331392,-15.957922062600002,-0.02548351624457381,0.04426646969656596,0.9986946831041086,16.012963
32,6,1.6338861128,0.0013664694,-15.8313855712,-0.10273417559934382,-0.00034561374212802715,0.9947087863867817,15.9949049
32,7,0.8169645110000001,1.4164149814,-15.831747416200002,-0.05138743124807943,-0.08931973512750933,0.994676488526031,16.001011
32,8,-0.8169677580000001,1.4164160426000003,-15.8317477124,0.05153063539154995,-0.08884206326088158,0.9947118584855078,16.0095495
32,9,-1.6338903064,0.0013682276,-15.831384839200002,0.10259341874130866,-3.876743763926312e-05,0.9947233730681391,15.9856006
32,10,-0.8170040856,-1.4135327552,-15.830974244000002,0.051343477625894994,0.08864618773902404,0.9947390113515289,16.0013013
32,11,0.8169561808000001,-1.4135328494000001,-15.8309777034,-0.051422397787110025,0.08896614966041963,0.9947063693474694,16.0464264
32,12,1.2228456314,0.7072383978000001,-15.874656098400001,-0.07672078091288467,-0.044579937696690726,0.9960554959092772,16.0119019
32,13,-1.7177999999999001e-06,1.4133103988000002,-15.8748401464,-1.933123282532646e-05,-0.0885144127934063,0.9960748959561935,15.9781582
32,14,-1.2228493798000002,0.7072396780000001,-15.874655913000002,0.07665330965036657,-0.04449569252117381,0.996064457485913,16.0808358
32,15,-1.2227870754,-0.7046941138,-15.8742536522,0.07681867435740498,0.04446158045498614,0.9960532411138553,16.0418869
32,16,-2.3847400000000005e-05,-1.4104880821999999,-15.874043749200002,-0.0001486462745421107,0.08855606164265242,0.9960711831242924,16.0027928
32,17,1.2227521636,-0.7045231462000001,-15.8742612044,-0.0769586127457745,0.044423753607425995,0.9960441265524698,16.083974
32,18,2.4460370848000004,0.001451066,-15.616922722200002,-0.1547217454137689,-0.00020899176391287494,0.987958064807692,16.0091642
32,19,1.2244862102000003,2.1205143816,-15.6171790372,-0.07723749936086004,-0.1341634575498919,0.9879446013571508,16.0429379
32,20,-1.2229973550000002,2.119716862,-15.617616164600001,0.07764875191630734,-0.1344733355058381,0.9878702310343065,16.0117017
32,21,-2.4460412028,0.0014536598000000002,-15.616921621000001,0.1547696248402005,9.626503697377368e-05,0.987950582751924,16.0302703
32,22,-1.2230006686000001,-2.1166249510000004,-15.616241079800002,0.07715978549510627,0.13422813334015013,0.9879418888387962,15.9985185
32,23,1.222951052,-2.1166253564,-15.616246698000001,-0.07743382865835466,0.13400011995231148,0.9879514006428022,16.0747147
32,24,2.0366514866,0.7058426286000001,-15.704578009000002,-0.12859892893920402,-0.044693728370595515,0.9906890461290188,15.9859359
32,25,0.40822260060000004,2.1173770786,-15.705023984000002,-0.025834651336606923,-0.1339165271533398,0.9906558103324812,16.0461261
32,26,-1.6284237086000002,1.4129053036,-15.704789785400001,0.10249359404751605,-0.08925327371786386,0.9907214120578333,16.0067568
32,27,-2.0366073454,-0.7030856272000001,-15.704074784400001,0.12875837529591977,0.04440404823268914,0.9906813621400697,16.0502703
32,28,-0.4082531766,-2.114369325,-15.703654836400002,0.025305531427840432,0.13337953480355955,0.9907419087606724,15.9970871
32,29,1.6283221146000002,-1.4099781504000002,-15.703894291000001,-0.1028342326511475,0.0887310664163093,0.9907330207718295,16.0104855
32,30,1.628420542,1.4129034664000002,-15.704789636600001,-0.10287409823281685,-0.08914374522495043,0.9906918353353145,15.9986987
32,31,-0.40822557940000004,2.1173776002,-15.705024372,0.025561344795442552,-0.13349750412936115,0.9907194527430456,16.0332132
32,32,-2.0366551268000004,0.7058447728,-15.704577569000001,0.12858220598789077,-0.0440954578453391,0.9907180259290216,15.9322523
32,33,-1.6283699582000002,-1.4099785652000003,-15.703888020600003,0.10255305044507274,0.0888283933112304,0.990753444801559,16.0516466
32,34,0.40820419760000004,-2.1143695816,-15.7036569212,-0.025508845563233365,0.1332747876525832,0.9907507909530984,16.0077928
32,35,2.0365663636000004,-0.7029149854000001,-15.704085215200001,-0.1283207033382038,0.04409920062499976,0.9907517638636959,16.018959
32,36,2.8493911756,0.7056335798000001,-15.4425838308,-0.1811882893961186,-0.045350385948086075,0.9824022324282798,16.0249149
32,37,0.8148887182000001,2.8211546506000005,-15.443215266800001,-0.05174327445286,-0.1797439610174826,0.9823516386847643,16.0011712
32,38,-2.0344842508000003,2.1170237224,-15.442996667600001,0.12981119623225332,-0.1347782184741155,0.9823359329464108,15.9913013
32,39,-2.8492998834,-0.7025619362000001,-15.4419759052,0.18114162287745025,0.04486137131136221,0.982433290267277,16.0743393
32,40,-0.8149027092000001,-2.8178343810000004,-15.441196402000003,0.051869693820055976,0.1796707586823757,0.9823583629905703,16.0054505
32,41,2.0343377064,-2.1137986062000005,-15.441483118000003,-0.12900370690664426,0.13477270493327156,0.9824430576930727,16.0098999
32,42,2.4379615026,1.4089865564000001,-15.489034217600002,-0.15499693839358322,-0.08931340249654081,0.9838694350487298,16.0415365
32,43,-1.3144000000000003e-06,2.8165260222,-15.489454455,-0.0004142077648300575,-0.1792209103892477,0.9838087688728825,15.9656306
32,44,-2.4379646148000003,1.4089893292,-15.489034286200003,0.15503091279475403,-0.08961186483552756,0.9838369426682069,16.0034635
32,45,-2.4378480422,-1.4060152426,-15.487943212600001,0.15441274896068455,0.08923139387860372,0.9839687298409874,16.0167568
32,46,-2.5020600000000002e-05,-2.8132610888,-15.4874332942,0.0002944204280542608,0.17863784341342306,0.9839148511010559,16.0977778
32,47,2.4378044754,-1.4058413238,-15.487964296200001,-0.1548292194610006,0.08909101601822772,0.9839160043753415,15.9684084
32,48,2.0344816,2.1170211742,-15.442995797000002,-0.12939496551698454,-0.13457872236871593,0.9824181952633321,16.0485736
32,49,-0.8148912636,2.8211558268,-15.4432163462,0.05182490138109168,-0.1793085848776316,0.9824268985456482,16.0375976
32,50,-2.8493947414000003,0.7056366494,-15.442583122200002,0.18151211842818088,-0.044782955835246066,0.9823684836813387,16.0492993
32,51,-2.0343865874000002,-2.1137987844,-15.4414744002,0.12904120741986788,0.1348721474349195,0.9824244859702531,16.0475926
32,52,0.8148524644,-2.8178351804,-15.441200653400003,-0.05158312794224625,0.17917674089411126,0.9824636769032523,15.9301001
32,53,2.8527227264000006,-0.7049512600000001,-15.440446102600001,-0.18157265818506865,0.044691996737813586,0.9823614381820955,16.061041
36,0,0.8180168952,0.0012671658,-15.958204124999998,-0.051105127710709124,-0.00030924525997026394,0.9986932313223322,16.0488889
36,1,0.40898359500000003,0.7096097066,-15.9583614494,-0.025764763583461667,-0.04443491226719029,0.9986799865468895,15.992963
36,2,-0.4089874914,0.7096100886,-15.9583613922,0.02576656113002611,-0.044670145695355074,0.9986694460185953,16.0498999
36,3,-0.8180212689999999,0.0012679812,-15.9582037636,0.0513378611636194,-0.00022544096399835365,0.9986813171315047,15.9893544
36,4,-0.40903171039999997,-0.7069491362000001,-15.957973665,0.025595480389710826,0.04440463021117111,0.9986856863895812,16.0558258
36,5,0.408986868,-0.7069489475999999,-15.9579750758,-0.025487435291681532,0.044271519435157315,0.9986943592557008,16.012963
36,6,1.6338788523999999,0.0013518841999999999,-15.8314376896,-0.10274797726204413,-0.00035648890489701595,0.9947073570071848,15.9949049
36,7,0.8169628250000001,1.4163996721999998,-15.831798824600002,-0.05139187386612487,-0.08933019400068629,0.9946753197603369,16.001011
36,8,-0.816966238,1.4164006598,-15.8317990952,0.05153303874535633,-0.0888527824578517,0.994710776541185,16.0095495
36,9,-1.6338831612,0.0013535107999999999,-15.8314369736,0.10260566850037461,-5.013135216090424e-05,0.9947221090729002,15.9856006
36,10,-0.8169998467999999,-1.4135518536,-15.831021854000001,0.051346063502824994,0.088642420525553,0.9947392135862216,16.0013013
36,11,0.8169534884,-1.4135517282,-15.831025198199999,-0.051426952228494076,0.08896069083767012,0.9947066221103451,16.0464264
36,12,1.2228426982,0.7072262374,-15.874709853199999,-0.07672681888367314,-0.0445845448144794,0.9960548246094078,16.0119019
36,13,-1.7993999999999001e-06,1.4132963084,-15.874893421200001,-2.0353728606519495e-05,-0.08852266768711481,0.9960741623449944,15.9781582
36,14,-1.2228465894,0.707227418,-15.874709661,0.07665753260416558,-0.04450067077840172,0.9960639100957899,16.0808358
36,15,-1.2227872222,-0.7047031854,-15.8743065946,0.07681539504125183,0.044463654451006834,0.9960534014386568,16.0418869
36,16,-2.30782e-05,-1.4105073166,-15.874094425600001,-0.00014964109951688684,0.08855175080982465,0.9960715662220542,16.0027928
36,17,1.2227519808,-0.7045394306,-15.8743135152,-0.07695606487365676,0.044426910575184296,0.9960441826023111,16.083974
36,18,2.4460411064,0.001435726,-15.6169799566,-0.1547118261170207,-0.00021698906873518945,0.9879596164698641,16.0091642
36,19,1.2244866546000002,2.1204990328,-15.6172318556,-0.0772382925030698,-0.1341779746977776,0.9879425678030138,16.0429379
36,20,-1.222997609,2.11969868,-15.617666547799999,0.07764730465537237,-0.13448823243575456,0.9878683168398823,16.0117017
36,21,-2.4460453364,0.0014381234,-15.616978859,0.15475820824052325,8.756232958430952e-05,0.9879523719871425,16.0302703
36,22,-1.2229993098,-2.1166442969999997,-15.6162957634,0.07715556786518603,0.13422674140476545,0.987942407349365,15.9985185
36,23,1.222951132,-2.1166443552,-15.616301204,-0.07743259839553203,0.13399636495873732,0.9879520063664838,16.0747147
36,24,2.0366532018,0.7058321218,-15.704633485000002,-0.12859450060843347,-0.04469144942819204,0.9906897237587937,15.9859359
36,25,0.4082218858,2.1173616738,-15.705075244000001,-0.02583718599594572,-0.13392649396265355,0.9906543968683945,16.0461261
36,26,-1.6284254318000002,1.4128924528,-15.7048450802,0.10248903807248412,-0.08925759011498194,0.9907214945088466,16.0067568
36,27,-2.0366113882,-0.7031014336000001,-15.7041339772,0.1287466188274689,0.044393302190874874,0.9906833716486232,16.0502703
36,28,-0.4082510498,-2.114389865,-15.7037103532,0.02530601659596945,0.13337369252717104,0.9907426828726581,15.9970871
36,29,1.6283259538000001,-1.4099978932,-15.703951555,-0.10282232036678576,0.08872680601646646,0.9907346387042831,16.0104855
36,30,1.6284220999999999,1.4128907492000002,-15.704844967800001,-0.10287155554114714,-0.08914758825944903,0.9906917535581228,15.9986987
36,31,-0.4082250482,2.1173621586,-15.705075610000002,0.02556165275010942,-0.13350759539001575,0.990718084967595,16.0332132
36,32,-2.0366569784,0.7058341024000001,-15.704633027,0.1285760101218104,-0.04409377080306682,0.9907189051378411,15.9322523
36,33,-1.6283722485999998,-1.4099987256,-15.7039454898,0.10253918326356094,0.08882754993826202,0.9907549557118588,16.0516466
36,34,0.4082034888,-2.1143900048,-15.7037123716,-0.025512400974181598,0.13326814530199757,0.9907515929052539,16.0077928
36,35,2.0365693428,-0.7029378642,-15.7041438816,-0.12830946426356135,0.044088440985221786,0.9907536983286465,16.018959
36,36,2.8493936288,0.7056194574,-15.442646538399998,-0.18118628139120357,-0.045354485201529515,0.982402413529065,16.0249149
36,37,0.8148875926000001,2.8211337298,-15.443259432400001,-0.051746266544287184,-0.17975887145532257,0.9823487527511989,16.0011712
36,38,-2.0344860164,2.1170050672,-15.4430495988,0.12980730435528484,-0.134790751594665,0.9823347275855414,15.9913013
36,39,-2.8493069102,-0.7025814486,-15.442047131599999,0.18113041182068107,0.04484851603806847,0.9824359442339504,16.0743393
36,40,-0.8149004996,-2.8178559630000004,-15.44125537,0.05186932173575124,0.17966335105207926,0.9823597374441863,16.0054505
36,41,2.0343431292,-2.1138183086,-15.441547161999999,-0.1289913502214314,0.1347695392242144,0.9824451144289665,16.0098999
36,42,2.4379640998,1.4089717152,-15.4890941068,-0.15499509800663805,-0.08931949548226113,0.9838691718519831,16.0415365
36,43,-1.4132e-06,2.8165060146,-15.489500027,-0.00041539723917788515,-0.17923599280055988,0.9838060206818878,15.9656306
36,44,-2.4379673684000003,1.4089742796,-15.4890941166,0.15502712027703988,-0.0896186590809252,0.9838369214067669,16.0034635
36,45,-2.4378562346,-1.4060309978,-15.4880142018,0.15439775811065323,0.08922606021468896,0.9839715658843851,16.0167568
36,46,-2.43798e-05,-2.8132826784,-15.4874938066,0.00029244104088723533,0.1786303786051933,0.9839162069595169,16.0977778
36,47,2.4378111302,-1.4058635114,-15.4880345306,-0.15481530390674159,0.08908498662755095,0.9839187399545921,15.9684084
36,48,2.034483186,2.1170027026,-15.443048811,-0.1293932460221458,-0.13459067066103264,0.982416784900821,16.0485736
36,49,-0.8148903388,2.8211348264,-15.4432604546,0.05182550803005672,-0.17932373926653747,0.982424100504916,16.0375976
36,50,-2.8493973262,0.7056222902,-15.442645798600001,0.18150840660966544,-0.0447878724902386,0.9823689453600507,16.0492993
36,51,-2.0343905841999996,-2.1138190292,-15.4415387086,0.1290258227583713,0.13487296929897571,0.9824263937893785,16.0475926
36,52,0.8148515392,-2.8178565131999997,-15.4412594842,-0.051586696720047565,0.1791678371319561,0.9824651133037603,15.9301001
36,53,2.8527278732,-0.7049756660000001,-15.4405201698,-0.1815617890399653,0.044677864759881725,0.9823640899183483,16.061041
40,0,0.8180146939999999,0.001254897,-15.958259793,-0.05110957368568053,-0.0003138690578203821,0.9986930023605265,16.0488889
40,1,0.408982879,0.709595499,-15.958416663,-0.025767060405312396,-0.044444237257452876,0.9986795123425093,15.992963
40,2,-0.408986927,0.7095958509999999,-15.958416605,0.025767007953467237,-0.04467959500028111,0.9986690117810489,16.0498999
40,3,-0.818019195,0.001255652,-15.958259442,0.05134069892994338,-0.00023030440491832697,0.9986811701405339,15.9893544
40,4,-0.409028546,-0.7069650430000001,-15.958026729,0.025598679874173087,0.044410587160006516,0.9986853395022893,16.0558258
40,5,0.408985364,-0.706964756,-15.958028089,-0.02549135433773982,0.04427656917193469,0.9986940353663833,16.012963
40,6,1.633871592,0.001337299,-15.831489808,-0.10276177889280812,-0.000367364067624424,0.9947059273184348,15.9949049
40,7,0.816961139,1.416384363,-15.831850233,-0.05139631647746847,-0.08934065286224338,0.9946741508648428,16.001011
40,8,-0.8169647179999999,1.416385277,-15.831850478,0.05153544209290546,-0.08886350164397046,0.99470969447566,16.0095495
40,9,-1.633876016,0.001338794,-15.831489108,0.10261791823058788,-6.149526664403569e-05,0.9947208447983548,15.9856006
40,10,-0.8169956079999999,-1.4135709520000002,-15.831069464,0.05134864937868064,0.08863865331022422,0.9947394158001055,16.0013013
40,11,0.816950796,-1.413570607,-15.831072693,-0.05143150666727899,0.0889552320104271,0.9947068748228821,16.0464264
40,12,1.222839765,0.7072140769999999,-15.874763608,-0.0767328568499995,-0.04458915192968631,0.9960541532516337,16.0119019
40,13,-1.8809999999999e-06,1.413282218,-15.874946696000002,-2.1376224387365798e-05,-0.08853092257463674,0.9960734286643433,15.9781582
40,14,-1.222843799,0.707215158,-15.874763409,0.07666175555467082,-0.04450564903372355,0.9960633626629197,16.0808358
40,15,-1.222787369,-0.7047122570000001,-15.874359537,0.0768121157239418,0.044465728446360334,0.9960535617484364,16.0418869
40,16,-2.2309e-05,-1.410526551,-15.874145102,-0.00015063592449162102,0.08854743997525197,0.9960719493001734,16.0027928
40,17,1.222751798,-0.704555715,-15.874365826,-0.07695351700027625,0.044430067542214485,0.9960442386357556,16.083974
40,18,2.446045128,0.001420386,-15.617037191,-0.15470190679478915,-0.0002249863735364112,0.9879611679692619,16.0091642
40,19,1.224487099,2.1204836840000003,-15.617284674,-0.07723908562858611,-0.13419249181673523,0.9879405340359689,16.0429379
40,20,-1.222997863,2.119680498,-15.617716931,0.07764585737682755,-0.13450312933512396,0.9878664024205278,16.0117017
40,21,-2.44604947,0.001422587,-15.617036097,0.15474679160847987,7.885962222264885e-05,0.9879541610156017,16.0302703
40,22,-1.222997951,-2.116663643,-15.616350447,0.0771513502337192,0.13422534946670317,0.9879429258401798,15.9985185
40,23,1.222951212,-2.116663354,-15.61635571,-0.07743136813147325,0.13399260996302337,0.9879526120743775,16.0747147
40,24,2.036654917,0.705821615,-15.704688961,-0.1285900722744184,-0.04468917048466438,0.9906904013635403,15.9859359
40,25,0.408221171,2.117346269,-15.705126504,-0.025839720652507937,-0.13393646075756946,0.9906529832975504,16.0461261
40,26,-1.628427155,1.412879602,-15.704900375,0.10248448209340703,-0.08926190650858776,0.9907215769208312,16.0067568
40,27,-2.036615431,-0.7031172400000001,-15.70419317,0.128734862325926,0.04438255613764668,0.9906853809018348,16.0502703
40,28,-0.408248923,-2.114410405,-15.70376587,0.02530650176319761,0.13336785024611916,0.9907434569500009,15.9970871
40,29,1.6283297930000002,-1.410017636,-15.704008819,-0.10281040806572668,0.08872254560215785,0.9907362564755726,16.0104855
40,30,1.628423658,1.412878032,-15.704900299000002,-0.10286901284729615,-0.089151431292054,0.9906916717598876,15.9986987
40,31,-0.408224517,2.117346717,-15.705126848,0.02556196070210263,-0.13351768663679997,0.9907167170893107,16.0332132
40,32,-2.03665883,0.7058234320000001,-15.704688485,0.12856981425033498,-0.0440920837589249,0.9907197843050426,15.9322523
40,33,-1.628374539,-1.410018886,-15.704002959,0.10252531606200314,0.0888267065479229,0.9907564664286757,16.0516466
40,34,0.40820278,-2.114410428,-15.703767822,-0.025515956383650416,0.13326150294375635,0.9907523948005368,16.0077928
40,35,2.036572322,-0.702960743,-15.704202548,-0.12829822515735143,0.044077681334559346,0.9907556325500465,16.018959
40,36,2.849396082,0.705605335,-15.442709246,-0.18118427338250598,-0.04535858445403593,0.9824025946093483,16.0249149
40,37,0.814886467,2.821112809,-15.443303598,-0.05174925862329017,-0.17977378185014586,0.9823458665822521,16.0011712
40,38,-2.034487782,2.116986412,-15.44310253,0.12980341245584498,-0.13480328469181077,0.9823335220540508,15.9913013
40,39,-2.849313937,-0.702600961,-15.442118358,0.18111920070991588,0.04483566075147713,0.982438597907869,16.0743393
40,40,-0.81489829,-2.817877545,-15.441314338,0.051868949648496615,0.1796559434115847,0.9823611118419006,16.0054505
40,41,2.034348552,-2.113838011,-15.441611206,-0.12897899351462314,0.13476637349270496,0.9824471710008532,16.0098999
40,42,2.437966697,1.408956874,-15.489153996,-0.15499325761340946,-0.08932558846434803,0.98386890861531,16.0415365
40,43,-1.512e-06,2.816486007,-15.489545599,-0.00041658671352419826,-0.17925107516955582,0.9838032722582642,15.9656306
40,44,-2.4379701220000003,1.40895923,-15.489153947,0.15502332774995192,-0.08962545332090176,0.9838369000857581,16.0034635
40,45,-2.437864427,-1.406046753,-15.488085191,0.15438276722018576,0.08922072652744514,0.9839744016707714,16.0167568
40,46,-2.3739e-05,-2.813304268,-15.487554319,0.00029046165372055246,0.17862291378597736,0.9839175627574878,16.0977778
40,47,2.437817785,-1.405885699,-15.488104765,-0.15480138831572537,0.08907895721567222,0.9839214753001849,15.9684084
40,48,2.034484772,2.116984231,-15.443101825,-0.1293915265081939,-0.13460261893344552,0.9824153743932028,16.0485736
40,49,-0.814889414,2.821113826,-15.443304563,0.05182611466668941,-0.1793388936127337,0.9824213022305226,16.0375976
40,50,-2.849399911,0.7056079310000001,-15.442708475,0.18150469478423345,-0.044792789143517454,0.9823694070012698,16.0492993
40,51,-2.034394581,-2.113839274,-15.441603017,0.12901043806570045,0.13487379113061437,0.9824283013717344,16.0475926
40,52,0.8148506139999999,-2.817877846,-15.441318315,-0.05159026549296994,0.17915893335293806,0.9824665496118443,15.9301001
40,53,2.85273302,-0.705000072,-15.440594237,-0.18155091983591723,0.04466373276740511,0.9823667413354414,16.061041
45,0,0.818013573,0.0012291465000000001,-15.9583309435,-0.0511130968153618,-0.0003192518138728709,0.9986928203467884,16.0488889
45,1,0.40898283950000003,0.709567478,-15.9584881185,-0.02576872112697168,-0.0444547952888841,0.9986789995725873,15.992963
45,2,-0.40898696349999997,0.7095678015,-15.958488059499999,0.025765870832098022,-0.04469028946837054,0.9986685626009746,16.0498999
45,3,-0.8180181335,0.0012298435,-15.9583305985,0.05134170451381286,-0.0002359536993632588,0.998681117125716,15.9893544
45,4,-0.409024751,-0.7069972630000001,-15.958092148,0.02560168489320625,0.044419876174517675,0.9986848493550253,16.0558258
45,5,0.40898431199999996,-0.7069968710000001,-15.958093434,-0.02549566180764507,0.04428452053325925,0.9986935728591275,16.012963
45,6,1.633864167,0.001308208,-15.831558127000001,-0.10277767308601021,-0.00038257274503461497,0.99470427944848,15.9949049
45,7,0.816959893,1.416354669,-15.8319191435,-0.05140094577341935,-0.08935419308542507,0.9946726953886141,16.001011
45,8,-0.8169635595,1.4163555190000001,-15.831919373,0.05153705962276671,-0.08887731556995261,0.994708376491582,16.0095495
45,9,-1.6338686315,0.0013095805,-15.831557432499999,0.10263138252034201,-7.724672829531334e-05,0.9947194545975795,15.9856006
45,10,-0.816990432,-1.413607464,-15.8311267595,0.05135081682078095,0.0886348924891455,0.9947396390238383,16.0013013
45,11,0.8169482379999999,-1.41360689,-15.8311298395,-0.05143691028894204,0.08894891706988978,0.9947071601290609,16.0464264
45,12,1.2228366755,0.7071887855,-15.87483428,-0.0767406146923998,-0.04459423730382745,0.9960533279176986,16.0119019
45,13,-1.9239999999999497e-06,1.4132539745,-15.8750171195,-2.288867251484287e-05,-0.08854136965292224,0.9960725000400789,15.9781582
45,14,-1.2228407775,0.7071897760000001,-15.8748340755,0.07666676374533642,-0.044511136328367465,0.9960627320001358,16.0808358
45,15,-1.2227888825000002,-0.7047328110000001,-15.8744261515,0.07680563086604734,0.04447075327807348,0.9960538374857805,16.0418869
45,16,-2.10065e-05,-1.410563174,-15.8742058885,-0.00015226905343428913,0.08854306550149797,0.9960723379181518,16.0027928
45,17,1.2227534575,-0.7045877150000001,-15.874431592,-0.07694844563532825,0.044437118785716594,0.99604431587572,16.083974
45,18,2.4460495690000004,0.0013907074999999999,-15.617110258499999,-0.1546924077057979,-0.0002356563062023968,0.9879626528691702,16.0091642
45,19,1.2244880875000002,2.120454467,-15.6173550715,-0.07723969811083498,-0.13421083189824104,0.9879379948341541,16.0429379
45,20,-1.222998565,2.119647587,-15.617784991,0.07764327787691704,-0.13452187585721032,0.9878640525479127,16.0117017
45,21,-2.4460539420000003,0.00139273,-15.617109141,0.15473494528850543,6.740837318538173e-05,0.9879560173219628,16.0302703
45,22,-1.2229964765,-2.116700967,-15.616415802999999,0.07714452668130661,0.13422357036114074,0.9879437004013059,15.9985185
45,23,1.2229522335,-2.1167003125,-15.6164208485,-0.07742947721608691,0.1339871991952556,0.9879534941027612,16.0747147
45,24,2.036656625,0.7057978295,-15.704760748,-0.12858716452752006,-0.04468724891985637,0.990690865458417,15.9859359
45,25,0.40822069749999995,2.1173163635,-15.705194839,-0.02584239422167998,-0.1339493903483751,0.9906511653888013,16.0461261
45,26,-1.62842877,1.4128534375000001,-15.7049732075,0.10248062141403601,-0.08926687094456653,0.9907215289809539,16.0067568
45,27,-2.0366205335,-0.7031462655,-15.7042676715,0.12872080036389835,0.04437148033198806,0.990687704217038,16.0502703
45,28,-0.4082461635,-2.1144487985,-15.703831743,0.02530612785923355,0.133360958008127,0.990744394267223,15.9970871
45,29,1.6283354565000001,-1.410054412,-15.7040786085,-0.10279557962993692,0.08871902725351517,0.9907381102045762,16.0104855
45,30,1.628425192,1.4128519855000001,-15.704973155500001,-0.1028680984700102,-0.08915588491089678,0.9906913659172161,15.9986987
45,31,-0.40822414900000004,2.1173167810000004,-15.705195175,0.025561412229948368,-0.13353074781008317,0.990714970914486,16.0332132
45,32,-2.0366605939999998,0.7057994995000001,-15.704760249,0.12856423811570203,-0.04409081217478551,0.990720564518319,15.9322523
45,33,-1.6283775815,-1.410056094,-15.704073018999999,0.10250726107458658,0.08882831478432969,0.9907581904377892,16.0516466
45,34,0.4082024915,-2.114448696,-15.703833615,-0.025520610093959235,0.13325338247236848,0.9907533671505259,16.0077928
45,35,2.0365767740000003,-0.7030010715,-15.7042763105,-0.1282853319251574,0.04406706543697241,0.9907577743104649,16.018959
45,36,2.8493977615,0.70557673,-15.4427873425,-0.1811848215570195,-0.045365111909326516,0.9824021921081025,16.0249149
45,37,0.8148854944999999,2.8210757325,-15.443363538,-0.0517524156622089,-0.17979405642064927,0.9823419897107801,16.0011712
45,38,-2.034488835,2.1169531805000004,-15.443172279,0.1298009970662524,-0.13481855051912586,0.9823317462021313,15.9913013
45,39,-2.8493224880000003,-0.70263527,-15.442206455,0.18110559744608346,0.044819776740992474,0.9824418304340388,16.0743393
45,40,-0.8148956435000001,-2.8179179305,-15.441384661,0.0518670020417392,0.17964615583529514,0.9823630045929066,16.0054505
45,41,2.0343562454999997,-2.1138756905,-15.441688622000001,-0.12896374962105986,0.13476205099450964,0.9824497650747491,16.0098999
45,42,2.437968499,1.408928062,-15.489230078,-0.15499445265541578,-0.08933304072097106,0.9838680437343177,16.0415365
45,43,-1.571e-06,2.8164499960000002,-15.489606763,-0.0004182722388443548,-0.17927130346055895,0.983799585690036,15.9656306
45,44,-2.4379719945000002,1.4089302345,-15.489229981000001,0.15502166706523188,-0.08963366568542516,0.9838364135953243,16.0034635
45,45,-2.4378746534999998,-1.406076343,-15.4881721275,0.1543637596210273,0.08921439181344916,0.9839779580910428,16.0167568
45,46,-2.2579500000000003e-05,-2.8133445540000004,-15.487626191,0.00028717694877072034,0.17861280277357003,0.9839193992470978,16.0977778
45,47,2.437826814,-1.4059258865,-15.488190570499999,-0.1547844218204382,0.08907211634304969,0.9839247638167681,15.9684084
45,48,2.034485731,2.1169511595,-15.443171626000002,-0.12939221583191177,-0.13461725896966642,0.9824132776329937,16.0485736
45,49,-0.8148885594999999,2.821076682,-15.443364474500001,0.05182591362505262,-0.17935943125396941,0.9824175635121664,16.0375976
45,50,-2.8494016374999998,0.7055791155,-15.4427865255,0.18150267587237687,-0.044800213258416585,0.9823694414746252,16.0492993
45,51,-2.03439979,-2.113877512,-15.441680761,0.12899021078025547,0.13487556479188653,0.9824307138648175,16.0475926
45,52,0.8148502885,-2.8179179605,-15.441388483499999,-0.05159487166816178,0.17914680397548027,0.9824685195175042,15.9301001
45,53,2.8527399285,-0.7050426575,-15.4406853685,-0.18153828152577664,0.04464653574975874,0.9823698586511157,16.061041
50,0,0.8180124520000001,0.001203396,-15.958402094,-0.051116619942921215,-0.0003246345699207842,0.9986926382916853,16.0488889
50,1,0.4089828,0.709539457,-15.958559574,-0.02577038184569821,-0.044465353315221286,0.9986784866883232,15.992963
50,2,-0.408987,0.709539752,-15.958559514,0.02576473370776244,-0.04470098393130479,0.9986681133051868,16.0498999
50,3,-0.818017072,0.001204035,-15.958401755,0.05134271009599584,-0.00024160299380448084,0.9986810640780129,15.9893544
50,4,-0.409020956,-0.707029483,-15.958157567,0.02560468990979068,0.04442916518479553,0.9986843591123303,16.0558258
50,5,0.4089832599999999,-0.7070289860000001,-15.958158779,-0.025499969275449084,0.04429247189095189,0.9986931102699871,16.012963
50,6,1.633856742,0.001279117,-15.831626446,-0.10279356722919226,-0.00039778142236700595,0.9947026310944579,15.9949049
50,7,0.8169586470000001,1.416324975,-15.831988054,-0.051405575058742964,-0.08936773329017915,0.9946712397065954,16.001011
50,8,-0.8169624010000001,1.4163257610000002,-15.831988268,0.05153867714260415,-0.08889112947854802,0.9947070583133601,16.0095495
50,9,-1.633861247,0.001280367,-15.831625757,0.10264484676576442,-9.299818987574015e-05,0.9947180639677603,15.9856006
50,10,-0.816985256,-1.413643976,-15.831184055,0.05135298426191096,0.0886311316663893,0.9947398622287795,16.0013013
50,11,0.81694568,-1.413643173,-15.831186986,-0.05144231390705238,0.08894260212321235,0.9947074453664456,16.0464264
50,12,1.222833586,0.707163494,-15.874904952,-0.07674837252814212,-0.04459932267411617,0.9960525024973793,16.0119019
50,13,-1.967e-06,1.413225731,-15.875087543,-2.4401120641476873e-05,-0.08855181672124253,0.9960715713039665,15.9781582
50,14,-1.222837756,0.7071643940000001,-15.874904742000002,0.07667177193173502,-0.04451662362054183,0.9960621012819808,16.0808358
50,15,-1.2227903960000002,-0.7047533650000001,-15.874492766,0.07679914600298479,0.04447577810680529,0.9960541131560106,16.0418869
50,16,-1.9704e-05,-1.4105997970000002,-15.874266675,-0.00015390218237685286,0.0885386910258015,0.996072726514262,16.0027928
50,17,1.222755117,-0.7046197150000001,-15.874497358,-0.0769433742645933,0.04444417002588093,0.9960443930405357,16.083974
50,18,2.44605401,0.001361029,-15.617183326,-0.15468290858490408,-0.00024632623883812213,0.9879641375652752,16.0091642
50,19,1.224489076,2.12042525,-15.617425469000002,-0.07724031056650073,-0.13422917193367054,0.987935455293306,16.0429379
50,20,-1.2229992669999998,2.1196146760000003,-15.617853051,0.07764069834888432,-0.13454062233049946,0.987861702316078,16.0117017
50,21,-2.4460584140000003,0.001362873,-15.617182185,0.1547230989260202,5.5957124190178194e-05,0.9879578733567181,16.0302703
50,22,-1.2229950020000002,-2.1167382910000003,-15.616481159,0.0771377031250019,0.13422179124883887,0.987944474912711,15.9985185
50,23,1.222953255,-2.116737271,-15.616485987,-0.0774275862980993,0.13398178842298505,0.9879543760979191,16.0747147
50,24,2.036658333,0.705774044,-15.704832535,-0.12858425677903398,-0.04468532735449826,0.9906913295410457,15.9859359
50,25,0.4082202239999999,2.117286458,-15.705263174,-0.02584506778627429,-0.13396231991544397,0.9906493473040777,16.0461261
50,26,-1.628430385,1.4128272730000002,-15.70504604,0.10247676073060398,-0.08927183537701865,0.9907214810018914,16.0067568
50,27,-2.036625636,-0.703175291,-15.704342173,0.12870673836004595,0.044360404511907696,0.990690027209449,16.0502703
50,28,-0.408243404,-2.114487192,-15.703897616,0.0253057539540194,0.13335406576366432,0.9907453315363737,15.9970871
50,29,1.62834112,-1.4100911880000002,-15.704148398,-0.10278075116996045,0.08871550888391469,0.9907399637000652,16.0104855
50,30,1.628426726,1.4128259390000002,-15.705046012,-0.10286718409059198,-0.08916033852788821,0.9906910600539729,15.9986987
50,31,-0.408223781,2.117286845,-15.705263502,0.025560863753313713,-0.13354380896011883,0.9907132245673357,16.0332132
50,32,-2.036662358,0.705775567,-15.704832013,0.12855866197679022,-0.044089540589163305,0.9907213446985856,15.9322523
50,33,-1.6283806239999998,-1.410093302,-15.704143079,0.10248920605314941,0.08882992299124674,0.9907599141184328,16.0516466
50,34,0.408202203,-2.114486964,-15.703899408,-0.02552526380198538,0.13324526198917347,0.9907543394127908,16.0077928
50,35,2.036581226,-0.7030414,-15.704350073,-0.12827243865656265,0.04405644952683823,0.9907599157899898,16.018959
50,36,2.849399441,0.7055481250000001,-15.442865439,-0.1811853697237272,-0.045371639362682945,0.9824017895645442,16.0249149
50,37,0.814884522,2.8210386560000003,-15.443423478,-0.05175557267851407,-0.1798143309128509,0.9823381124109369,16.0011712
50,38,-2.034489888,2.116919949,-15.443242028,0.12979858164534622,-0.1348338163138199,0.98232997011244,15.9913013
50,39,-2.8493310390000004,-0.702669579,-15.442294552,0.18109199410112023,0.0448038927105379,0.9824450625202726,16.0743393
50,40,-0.8148929970000001,-2.8179583160000004,-15.441454984,0.05186505442963327,0.17963636824051601,0.9823648972425515,16.0054505
50,41,2.034363939,-2.11391337,-15.441766038,-0.12894850569415592,0.13475772846164527,0.9824523588953826,16.0098999
50,42,2.437970301,1.40889925,-15.48930616,-0.154995647688486,-0.08934049297242591,0.983867178796544,16.0415365
50,43,-1.63e-06,2.816413985,-15.489667927,-0.0004199577641605614,-0.17929153167537573,0.9837958987030663,15.9656306
50,44,-2.437973867,1.408901239,-15.489306015,0.1550200063696069,-0.08964187804364068,0.9838359270355886,16.0034635
50,45,-2.43788488,-1.406105933,-15.488259064,0.1543447519577859,0.08920805706247814,0.9839815141039121,16.0167568
50,46,-2.142e-05,-2.8133848400000003,-15.487698063,0.0002838922438221497,0.17860269174036553,0.9839212356221863,16.0977778
50,47,2.437835843,-1.405966074,-15.488276376,-0.1547674552716892,0.08906527543958809,0.9839280519934351,15.9684084
50,48,2.03448669,2.116918088,-15.443241427000002,-0.1293929051272652,-0.13463189897634337,0.9824111806574426,16.0485736
50,49,-0.814887705,2.821039538,-15.443424386,0.05182571256081935,-0.17937996881693355,0.982413824365679,16.0375976
50,50,-2.849403364,0.7055503,-15.442864576,0.18150065694979228,-0.044807637370656864,0.9823694758898271,16.0492993
50,51,-2.034404999,-2.1139157500000003,-15.441758505,0.12896998344074204,0.1348773383969173,0.9824331259471344,16.0475926
50,52,0.814849963,-2.817958075,-15.441458652,-0.05159947783442067,0.1791346745671562,0.9824704892539694,15.9301001
50,53,2.852746837,-0.705085243,-15.4407765,-0.18152564313124722,0.044629338711301085,0.9823729755098005,16.061041
55,0,0.8180119385,0.001161509,-15.958467988999999,-0.051119611593951376,-0.00033450759377628015,0.9986924819057932,16.0488889
55,1,0.408983242,0.7094960849999999,-15.9586239565,-0.025771400339547806,-0.044478652849230714,0.9986778681663353,15.992963
55,2,-0.40898747599999996,0.709496339,-15.9586238905,0.02576256647935861,-0.04471441137285052,0.9986675681046101,16.0498999
55,3,-0.8180165429999999,0.001162059,-15.958467648500001,0.05134275269910897,-0.00025172451343350165,0.9986810593878546,15.9893544
55,4,-0.409017073,-0.7070802105,-15.958219976,0.025607266394506396,0.04443400160156274,0.9986840778792225,16.0558258
55,5,0.40898272049999995,-0.707079607,-15.958221101,-0.025504229350975693,0.04429582349349312,0.9986928528362692,16.012963
55,6,1.633850333,0.0012329595,-15.831689931,-0.10280827848600747,-0.0004190309484157422,0.9947011019838108,15.9949049
55,7,0.8169579075000001,1.416278769,-15.83204888,-0.05140973886610976,-0.08938611683148452,0.9946693726397262,16.001011
55,8,-0.8169617200000001,1.416279446,-15.832049046,0.05153951819101223,-0.0889097935648275,0.9947053466594508,16.0095495
55,9,-1.633854807,0.0012340125,-15.831689232999999,0.10265669327302449,-0.00011476615592047215,0.9947168391833817,15.9856006
55,10,-0.8169801115,-1.4136998365,-15.8312413195,0.051354380814142994,0.08862264796458558,0.9947405459912353,16.0013013
55,11,0.8169437900000001,-1.413698785,-15.831244048,-0.05144769617487682,0.08893126563824195,0.9947081805988519,16.0464264
55,12,1.222830295,0.7071225295,-15.874968669000001,-0.07675745412251671,-0.04460737245338019,0.9960514422254682,16.0119019
55,13,-1.996e-06,1.4131810755,-15.875149261499999,-2.6070081622103187e-05,-0.08856697416649842,0.9960702236325215,15.9781582
55,14,-1.222834481,0.7071232840000001,-15.874968428,0.07667773134720868,-0.04452505464567633,0.9960612656981721,16.0808358
55,15,-1.22279234,-0.7047902435000001,-15.8745566565,0.07679179300114007,0.04447652709137727,0.9960546466261578,16.0418869
55,16,-1.8082500000000002e-05,-1.4106553775,-15.8743271045,-0.00015590771088317562,0.08852991602036482,0.9960735061541456,16.0027928
55,17,1.222757763,-0.7046700255,-15.8745603375,-0.07693792510668804,0.044447622936906,0.9960446598900756,16.083974
55,18,2.4460576555,0.0013134485,-15.617250159,-0.15467574865908496,-0.00026240437564932365,0.9879652544096352,16.0091642
55,19,1.2244897505,2.120379051,-15.6174830695,-0.07724198180982443,-0.1342518461921383,0.9879322436483654,16.0429379
55,20,-1.2229996365,2.1195642525,-15.617908982,0.0776389100230758,-0.13456370688110536,0.9878586986208325,16.0117017
55,21,-2.446062023,0.001314997,-15.617248984,0.15471316939682941,3.913908657793355e-05,0.987959429168688,16.0302703
55,22,-1.2229930910000002,-2.1167962715,-15.616548689,0.07713106012444547,0.13421466530264844,0.9879459616708685,15.9985185
55,23,1.222954522,-2.1167948494999997,-15.616553199,-0.07742698503600957,0.13397054291155164,0.9879559482184505,16.0747147
55,24,2.0366590845,0.705732676,-15.704895575,-0.1285841005443785,-0.04468890621262733,0.9906911883875379,15.9859359
55,25,0.40821991449999995,2.117239171,-15.7053194675,-0.02584751016549901,-0.1339803583868643,0.990646844130022,16.0461261
55,26,-1.6284308315,1.4127839395000001,-15.705108319499999,0.10247573045155135,-0.08928106538120421,0.9907207558302279,16.0067568
55,27,-2.036630234,-0.703220993,-15.7044132155,0.12869375111543657,0.04434614647006497,0.9906923527095048,16.0502703
55,28,-0.40824041499999997,-2.1145454585,-15.703965751,0.025304732875150213,0.13334264164770407,0.990746895232344,15.9970871
55,29,1.628346905,-1.4101470770000002,-15.704216955,-0.10276738545974817,0.08870837375903759,0.9907419890722279,16.0104855
55,30,1.6284271205,1.4127828065,-15.7051083735,-0.10286941931312764,-0.0891690802095504,0.9906900411858206,15.9986987
55,31,-0.4082235635,2.1172395045,-15.7053197595,0.025559849634383083,-0.13356197916487242,0.990710801297851,16.0332132
55,32,-2.0366631164999998,0.7057339545,-15.704894991,0.12855546257689382,-0.04409373661768744,0.9907215731136226,15.9322523
55,33,-1.6283831530000001,-1.4101496525,-15.704212002999999,0.10247188294052145,0.0888285357938938,0.9907618303282263,16.0516466
55,34,0.4082023635,-2.1145450935000003,-15.703967427,-0.025530399093171712,0.1332324442932671,0.9907559308476458,16.0077928
55,35,2.036585865,-0.7031003634999999,-15.704420260500001,-0.12826113839840594,0.04404319712493736,0.9907619679639296,16.018959
55,36,2.8493996475000003,0.705500247,-15.4429322015,-0.18118825691450824,-0.04538436981200609,0.98240066904143,16.0249149
55,37,0.8148835839999999,2.8209830645,-15.4434682915,-0.05175860894628218,-0.1798398522821984,0.9823332804761644,16.0011712
55,38,-2.034489336,2.1168685065000004,-15.4432973605,0.12979902820899497,-0.1348529603953838,0.9823272832150196,15.9913013
55,39,-2.8493391255000002,-0.70272228,-15.4423777545,0.18107862454036905,0.04478338523222501,0.9824484618246956,16.0743393
55,40,-0.8148901825000001,-2.8180208990000004,-15.441531292,0.05186234776296372,0.17962083498826617,0.9823678804412487,16.0054505
55,41,2.0343718859999997,-2.1139723850000003,-15.4418448045,-0.12893458471375294,0.1347479070455487,0.9824555330454078,16.0098999
55,42,2.43797026,1.408852124,-15.4893688045,-0.15500011446273598,-0.08935238841415617,0.9838653948590855,16.0415365
55,43,-1.6855e-06,2.8163595580000003,-15.489713710499998,-0.00042172023966833785,-0.17931688433520776,0.9837912772251811,15.9656306
55,44,-2.4379738665,1.4088538005,-15.4893685305,0.1550213049232972,-0.08965450060169847,0.9838345722435953,16.0034635
55,45,-2.4378945080000003,-1.406153835,-15.488343993,0.15432608926378819,0.08919685163443505,0.9839854571237574,16.0167568
55,46,-1.9903000000000002e-05,-2.813446943,-15.4877757195,0.0002798343843049901,0.178586691558903,0.9839241410244808,16.0977778
55,47,2.4378450495,-1.4060266005,-15.4883598835,-0.15475151091568537,0.08905404639750855,0.98393157622344,15.9684084
55,48,2.034486059,2.116866922,-15.443296921500002,-0.12939670783920101,-0.13465044350594219,0.9824081382317786,16.0485736
55,49,-0.814886881,2.820983827,-15.443469098000001,0.051825221152904055,-0.17940574472302193,0.9824091434900383,16.0375976
55,50,-2.849403568,0.7055020675,-15.442931247,0.1815006153491722,-0.044821221884446524,0.9823688638676701,16.0492993
55,51,-2.0344097925,-2.1139753740000002,-15.441837763999999,0.12894997247355477,0.13487444162233314,0.9824361503915322,16.0475926
55,52,0.8148501855000001,-2.8180203529999996,-15.4415347155,-0.0516048644046723,0.17911644372187255,0.9824735302074069,15.9301001
55,53,2.8527539710000003,-0.705147504,-15.440862058,-0.18151377437607263,0.044607947331845414,0.9823761401553844,16.061041
62,0,0.8180119128000001,0.0011015766000000001,-15.9585585458,-0.05112285472842041,-0.000346272114616654,0.9986923118859178,16.0488889
62,1,0.4089842006,0.7094341603999998,-15.9587139476,-0.025772298207487082,-0.04449487196960227,0.9986771225043223,15.992963
62,2,-0.40898844320000005,0.7094343626,-15.9587138746,0.025758880830292936,-0.04473079732224045,0.9986669293759993,16.0498999
62,3,-0.818016464,0.0011020128000000001,-15.958558202999999,0.05134172799708821,-0.00026381757765212504,0.9986811089464738,15.9893544
62,4,-0.40901181200000003,-0.7071530758,-15.958303522000001,0.025610379306931115,0.04444309885774179,0.9986835932544783,16.0558258
62,5,0.40898232300000004,-0.7071523338000001,-15.958304521999999,-0.02550982737428052,0.04430279475610436,0.9986924006340155,16.012963
62,6,1.6338422502000003,0.0011671844,-15.831777884800001,-0.1028278405487935,-0.0004472917354829296,0.9946990676270765,15.9949049
62,7,0.8169572772000001,1.4162130906000003,-15.832136065800002,-0.05141501372938104,-0.08940987702583444,0.9946669644928561,16.001011
62,8,-0.8169611284000001,1.4162136300000001,-15.8321361748,0.051540033848004006,-0.08893391907427373,0.9947031632346592,16.0095495
62,9,-1.633846649,0.0011679852000000001,-15.831777173399999,0.10267210977295037,-0.00014371248802819855,0.994715244289285,15.9856006
62,10,-0.8169730970000001,-1.4137796370000002,-15.831316045200001,0.05135584744282548,0.08861309499465424,0.9947413213136859,16.0013013
62,11,0.816941522,-1.4137782626,-15.831318489400001,-0.05145496891028427,0.08891760811906621,0.9947090253641142,16.0464264
62,12,1.2228260394000001,0.7070641486,-15.8750581888,-0.07676994286791025,-0.04461651137329454,0.9960500704206264,16.0119019
62,13,-2.0156000000000002e-06,1.413117407,-15.875237308400001,-2.8463472181186293e-05,-0.08858618352218822,0.9960685153536396,15.9781582
62,14,-1.2228302098000001,0.7070647184000001,-15.8750579096,0.07668572546038298,-0.04453469373296903,0.9960602193465641,16.0808358
62,15,-1.2227955988,-0.7048426186000001,-15.874642832,0.07678062786760519,0.04448025816591024,0.9960553407405386,16.0418869
62,16,-1.57176e-05,-1.4107348499999999,-15.8744060436,-0.0001588289814535382,0.08851997729790712,0.996074388985347,16.0027928
62,17,1.2227622072,-0.704741877,-15.874645231,-0.07692958890371204,0.044455353410558014,0.9960449587765846,16.083974
62,18,2.4460624330000003,0.0012462576000000002,-15.6173420652,-0.1546671012905761,-0.0002831235809838935,0.9879666024817886,16.0091642
62,19,1.2244909192,2.1203138554,-15.617567008800002,-0.0772440018903735,-0.13428145247119297,0.987928062003599,16.0429379
62,20,-1.2230003824,2.1194933138000005,-15.6179909166,0.0776360132238197,-0.13459385248905567,0.987854819456212,16.0117017
62,21,-2.4460667164,0.0012474292,-15.61734084,0.15470051423689482,1.7442315973335455e-05,0.9879614114886299,16.0302703
62,22,-1.2229905932,-2.1168788408,-15.6166360102,0.07712117465905569,0.1342065067817623,0.9879478417187034,15.9985185
62,23,1.2229566676,-2.1168768952,-15.6166400786,-0.07742590916113079,0.1339564403589296,0.9879579447916479,16.0747147
62,24,2.0366599696,0.7056738279999999,-15.704983819200002,-0.12858492968770738,-0.04469252783841457,0.9906909173968538,15.9859359
62,25,0.40821967940000004,2.1171721832,-15.705401474400002,-0.02585063202801336,-0.13400368985127797,0.9906436069192567,16.0461261
62,26,-1.6284312774,1.4127226336,-15.705197229000003,0.1024750021535725,-0.08929187563011726,0.9907198569121752,16.0067568
62,27,-2.0366366036,-0.7032852282000001,-15.704509294400001,0.1286761155786651,0.04432921108796474,0.9906954013842523,16.0502703
62,28,-0.40823627700000004,-2.1146283856,-15.7040536652,0.025302901015079038,0.13332876451580875,0.9907488096146818,15.9970871
62,29,1.628355236,-1.4102264892,-15.7043074214,-0.10274896386234929,0.08870099368745096,0.9907445604917912,16.0104855
62,30,1.6284275392,1.4127217562,-15.7051973846,-0.10287336052789256,-0.0891792503545657,0.9906887164997368,15.9986987
62,31,-0.40822341120000005,2.11717245,-15.705401726200002,0.02555803479098683,-0.13358548358150732,0.9907076791031336,16.0332132
62,32,-2.0366639726,0.705674795,-15.704983154800003,0.128551914536833,-0.04409817138277342,0.9907218361122412,15.9322523
62,33,-1.6283867364000002,-1.4102296612000003,-15.7043029876,0.1024476928678369,0.08882941195688829,0.9907642533910126,16.0516466
62,34,0.40820283180000005,-2.1146278406,-15.704055181200001,-0.025537529456858513,0.13321655648566136,0.990757883474738,16.0077928
62,35,2.036592559,-0.7031838546,-15.704515122600002,-0.12824604241423745,0.044027844064174,0.9907646045111556,16.018959
62,36,2.8493993728000007,0.7054327786000001,-15.4430244634,-0.1811935100177008,-0.045400770713833874,0.9823989423579685,16.0249149
62,37,0.8148825096000001,2.8209049664,-15.443535949,-0.05176249983109516,-0.1798740834543711,0.9823268079985833,16.0011712
62,38,-2.0344881484000004,2.1167965752000004,-15.443377917400001,0.1298006622073746,-0.13487748991842424,0.9823236996040727,15.9913013
62,39,-2.8493501658000002,-0.702795962,-15.442489960600001,0.18106038592540313,0.044756934482719106,0.9824530286299968,16.0743393
62,40,-0.8148863836000001,-2.8181095752000003,-15.4416292794,0.05185794934147856,0.17960088175497896,0.9823717607723315,16.0054505
62,41,2.0343832084000004,-2.1140560368,-15.4419477526,-0.12891544148669243,0.13473589371100675,0.9824596927570045,16.0098999
62,42,2.4379696384000002,1.4087859032,-15.489457232,-0.15500771719817666,-0.08936700523550269,0.9838628695017653,16.0415365
62,43,-1.7380000000000001e-06,2.8162829512000003,-15.489782436399999,-0.00042422591529194664,-0.17935076201751937,0.9837851006170544,15.9656306
62,44,-2.4379732574000004,1.4087871824,-15.489456794600002,0.15502437637845856,-0.0896700718103712,0.9838326691821089,16.0034635
62,45,-2.4379077678000005,-1.4062209836000001,-15.488457007000001,0.15430025564522032,0.08918324868493539,0.9839907414512703,16.0167568
62,46,-1.76766e-05,-2.8135349942000003,-15.4878753952,0.0002739173043615152,0.1785659950883597,0.9839278989679142,16.0977778
62,47,2.4378580144,-1.406112168,-15.488470853600003,-0.1547297067341861,0.08904056346265478,0.9839362255310075,15.9684084
62,48,2.0344848100000004,2.116795342,-15.443377679000003,-0.12940311914587896,-0.1346741900756512,0.982404038714614,16.0485736
62,49,-0.8148859144,2.8209055780000005,-15.443536633600003,0.05182410514144487,-0.17944031139547809,0.9824028892326113,16.0375976
62,50,-2.8494032514000005,0.7054341478,-15.443023388,0.18150165748976263,-0.044838748715576325,0.982367871493205,16.0492993
62,51,-2.0344165042,-2.1140598134000004,-15.441941398800001,0.12892195418188865,0.1348724083028843,0.9824401066775029,16.0475926
62,52,0.8148508430000001,-2.8181086266,-15.441632369,-0.05161227340398051,0.17909258772008108,0.9824774899496669,15.9301001
62,53,2.8527639810000003,-0.7052353530000002,-15.440977274400002,-0.18149782597830763,0.04458040089980108,0.9823803372527166,16.061041
65,0,0.8180126445,0.0010745085,-15.9585955385,-0.051123231961409873,-0.0003491093601131053,0.9986922915875914,16.0488889
65,1,0.4089849755,0.7094063314999999,-15.9587523605,-0.025772117275062068,-0.0444992513603368,0.9986769320453587,15.992963
65,2,-0.40898918,0.7094065175,-15.958752286,0.02575660320588378,-0.04473523509545543,0.9986667893407936,16.0498999
65,3,-0.8180171390000001,0.0010749075000000001,-15.958595194499999,0.05134012704677521,-0.00026677489455493745,0.9986811904636917,15.9893544
65,4,-0.409009745,-0.7071862825,-15.958335227500001,0.025611183948763744,0.04444949011732475,0.9986832881775146,16.0558258
65,5,0.408982536,-0.7071854925000001,-15.9583361705,-0.02551183429636242,0.04430822424692596,0.9986921084973683,16.012963
65,6,1.6338397395,0.001137758,-15.831814588,-0.10283511684706165,-0.000457808627177128,0.9946983106220258,15.9949049
65,7,0.816957441,1.416183882,-15.832175605500002,-0.051416680337954636,-0.0894179420482673,0.9946661533514033,16.001011
65,8,-0.8169612625,1.4161843785000001,-15.832175701,0.05153954578509233,-0.08894211125103393,0.994702456047272,16.0095495
65,9,-1.633844072,0.001138476,-15.83181387,0.10267746484447388,-0.00015448003728103083,0.9947146899232109,15.9856006
65,10,-0.8169702919999999,-1.413815547,-15.831342237000001,0.05135595256312155,0.08861149110217756,0.9947414587625184,16.0013013
65,11,0.816940955,-1.413814061,-15.8313445585,-0.05145780462297334,0.08891412658730552,0.9947091898824502,16.0464264
65,12,1.2228245924999999,0.707038024,-15.875096893,-0.0767750536096747,-0.04461814509308651,0.9960496033188728,16.0119019
65,13,-2.0015000000000002e-06,1.4130888875,-15.875276801,-2.9550116552206312e-05,-0.08859226141620156,0.9960679747607358,15.9781582
65,14,-1.2228287155000002,0.707038535,-15.875096603,0.07668877751847679,-0.04453650583288793,0.9960599033446326,16.0808358
65,15,-1.222797571,-0.7048658635,-15.8746762595,0.076774909673015,0.044484731302550644,0.9960555817451354,16.0418869
65,16,-1.4602500000000001e-05,-1.410770688,-15.874433808,-0.00016020259455057814,0.08851823173284216,0.9960745438901747,16.0027928
65,17,1.2227649045,-0.7047741885,-15.874678102,-0.07692525833707212,0.04446176975505519,0.9960450068445817,16.083974
65,18,2.446064131,0.001216842,-15.617379674999999,-0.1546648701917818,-0.0002900851838411599,0.9879669497402964,16.0091642
65,19,1.2244916605,2.1202853605,-15.617606517,-0.07724452520033916,-0.13429185059591564,0.987926607694164,16.0429379
65,20,-1.223000947,2.1194625410000003,-15.618029922,0.07763435056936607,-0.13460444417178485,0.9878535069639008,16.0117017
65,21,-2.446068343,0.0012178915,-15.6173784255,0.15469642587069898,1.0124216392430565e-05,0.9879620517612665,16.0302703
65,22,-1.222989713,-2.116915724,-15.616665697,0.07711631097136848,0.1342049579362788,0.9879484317754085,15.9985185
65,23,1.2229579855,-2.116913596,-15.61666958,-0.07742519725570553,0.13395215482095998,0.9879585816463848,16.0747147
65,24,2.03666017,0.7056476079999999,-15.7050216255,-0.12858640775692162,-0.044692591990677134,0.990690722658351,15.9859359
65,25,0.40821979099999994,2.117142632,-15.705440044500001,-0.025851651264599252,-0.13401162940118558,0.9906425063120061,16.0461261
65,26,-1.6284312765,1.4126956750000002,-15.705237174,0.10247545513804329,-0.08929424600837872,0.9907195964166885,16.0067568
65,27,-2.036639261,-0.7033130280000001,-15.704546849,0.12866914320602332,0.044325195100191145,0.990696486652677,16.0502703
65,28,-0.40823455350000004,-2.1146653764999996,-15.704083334,0.025301684848125904,0.13332508501700707,0.9907493358307408,15.9970871
65,29,1.6283590550000002,-1.410261774,-15.704340285499999,-0.10274138006254065,0.08870062629422704,0.9907453798619787,16.0104855
65,30,1.6284275755,1.4126948795,-15.705237359,-0.10287591952796549,-0.08918139305978047,0.9906882578859973,15.9986987
65,31,-0.408223509,2.117142879,-15.70544029,0.02555683371588176,-0.1335934849594998,0.9907066311612105,16.0332132
65,32,-2.036664119,0.7056484745,-15.705020933500002,0.12855139158191614,-0.044098529489463446,0.9907218880287342,15.9322523
65,33,-1.628388318,-1.4102651485000002,-15.704336078499999,0.1024373924646858,0.08883280702943325,0.9907650140271946,16.0516466
65,34,0.4082032935,-2.114664767,-15.704084783999999,-0.025540522072428292,0.1332119513533664,0.9907584255250601,16.0077928
65,35,2.0365956415,-0.703220646,-15.7045521345,-0.12824034887982294,0.04402469309469561,0.9907654814925172,16.018959
65,36,2.8493986510000004,0.705403393,-15.4430627125,-0.18119705892637822,-0.04540627640252063,0.9823980333345993,16.0249149
65,37,0.814882305,2.8208712065,-15.443570215,-0.05176378180215864,-0.179887148316162,0.9823243480461112,16.0011712
65,38,-2.034487195,2.1167658420000004,-15.443415754,0.12980244342446,-0.13488556814835867,0.9823223550272763,15.9913013
65,39,-2.8493545965,-0.7028274335,-15.442533466,0.18105308248955437,0.0447480196117158,0.9824547806702658,16.0743393
65,40,-0.8148849069999999,-2.818148715,-15.4416617985,0.05185541172702233,0.17959425184484032,0.9823731068076493,16.0054505
65,41,2.0343882715,-2.114092992,-15.441984025,-0.12890760816694355,0.13473260588558317,0.9824611714810708,16.0098999
65,42,2.4379687675,1.4087572609999999,-15.4894959065,-0.1550124211730368,-0.0893710873240586,0.9838617575821254,16.0415365
65,43,-1.7335e-06,2.8162496815,-15.48981685,-0.00042534071547625514,-0.17936354970503574,0.9837827687668071,15.9656306
65,44,-2.4379723445000003,1.4087584130000002,-15.489495417499999,0.15502703576495902,-0.089674494806135,0.9838318469958139,16.0034635
65,45,-2.4379132155,-1.4062498535,-15.4884991345,0.15428949935484623,0.08917965245842134,0.9839927540262815,16.0167568
65,46,-1.66125e-05,-2.8135739165,-15.487908424,0.00027112847371558226,0.17855895072122951,0.9839291781458076,16.0977778
65,47,2.437863652,-1.4061497295,-15.4885120475,-0.1547209170752878,0.08903718266926346,0.9839379136519246,15.9684084
65,48,2.034483883,2.116764721,-15.443415573500001,-0.12940703210086008,-0.1346819932013113,0.982402453554636,16.0485736
65,49,-0.8148857005,2.820871771,-15.443570869,0.05182316828173269,-0.17945349770303237,0.9824005300239772,16.0375976
65,50,-2.8494024705000003,0.705404617,-15.443061593,0.18150328314611808,-0.04484466220263003,0.9823673012061792,16.0492993
65,51,-2.0344193815000002,-2.1140970365,-15.441977962500001,0.1289099432602925,0.13487370355334363,0.982441504934738,16.0475926
65,52,0.8148514955,-2.81814762,-15.441664754,-0.051615307072849004,0.17908415007265452,0.9824788686117022,15.9301001
65,53,2.8527682949999997,-0.705273735,-15.441021762,-0.1814917066610699,0.04457116835705941,0.9823818867245766,16.061041
68,0,0.8180133762,0.0010474404,-15.9586325312,-0.051123609193979555,-0.00035194660560840686,0.9986922712810828,16.0488889
68,1,0.4089857504,0.7093785025999999,-15.9587907734,-0.02577193634214395,-0.04450363075021411,0.9986767415671726,15.992963
68,2,-0.4089899168000001,0.7093786724,-15.9587906974,0.02575432558083734,-0.04473967286756138,0.9986666492807196,16.0498999
68,3,-0.8180178140000001,0.0010478022,-15.958632185999999,0.051338526095882665,-0.0002697322114561262,0.9986812719696092,15.9893544
68,4,-0.409007678,-0.7072194892000001,-15.958366933,0.025611988589530236,0.044455881375064,0.9986829830590167,16.0558258
68,5,0.40898274900000003,-0.7072186511999999,-15.958367819,-0.02551384121758289,0.04431365373625876,0.9986918163271724,16.012963
68,6,1.6338372288,0.0011083316,-15.831851291200001,-0.10284239312845092,-0.00046832551883274046,0.9946975534537227,15.9949049
68,7,0.8169576048,1.4161546734,-15.832215145200001,-0.051418346943009494,-0.08942600706459618,0.9946653421418338,16.001011
68,8,-0.8169613966000001,1.416155127,-15.8322152272,0.051539057718695894,-0.08895030342174556,0.9947017487923949,16.0095495
68,9,-1.633841495,0.0011089668,-15.8318505666,0.10268281990109555,-0.0001652475864988646,0.9947141354129808,15.9856006
68,10,-0.816967487,-1.413851457,-15.8313684288,0.05135605768328391,0.08860988720946984,0.9947415962087622,16.0013013
68,11,0.8169403880000001,-1.4138498594,-15.831370627599998,-0.051460640334624864,0.0889106450537531,0.9947093543807034,16.0464264
68,12,1.2228231456,0.7070118994000001,-15.8751355972,-0.07678016434921128,-0.044619778811589274,0.9960491361882269,16.0119019
68,13,-1.9874000000000002e-06,1.413060368,-15.875316293600001,-3.063676092268202e-05,-0.08859833930680393,0.9960674341295701,15.9781582
68,14,-1.2228272212000002,0.7070123516,-15.8751352964,0.0766918295755956,-0.04453831793224238,0.9960595873300523,16.0808358
68,15,-1.2227995432,-0.7048891084,-15.874709687,0.07676919147437919,0.0444892044368556,0.9960558226971749,16.0418869
68,16,-1.3487399999999999e-05,-1.410806526,-15.8744615724,-0.00016157620764755516,0.08851648616733866,0.9960746987900638,16.0027928
68,17,1.2227676018,-0.7048065,-15.874710973,-0.07692092776583705,0.04446818609689974,0.9960450548528887,16.083974
68,18,2.446065829,0.0011874263999999998,-15.617417284799998,-0.15466263908470537,-0.00029704678668765374,0.9879672969458861,16.0091642
68,19,1.2244924018,2.1202568656,-15.617646025200001,-0.07724504850174409,-0.13430224870579197,0.9879251532755559,16.0429379
68,20,-1.2230015116,2.1194317682000006,-15.6180689274,0.0776326879058899,-0.1346150358388468,0.987852194356328,16.0117017
68,21,-2.4460699696,0.0011883538,-15.617416011,0.15469233749357628,2.806116826388759e-06,0.9879626919640737,16.0302703
68,22,-1.2229888327999998,-2.1169526072,-15.6166953838,0.07711144728164007,0.13420340908726006,0.9879490218060284,15.9985185
68,23,1.2229593034000001,-2.1169502968000002,-15.6166990814,-0.0774244853487892,0.13394786928040994,0.9879592184820755,16.0747147
68,24,2.0366603704,0.705621388,-15.7050594318,-0.12858788582584982,-0.044692656142840605,0.990690527917642,15.9859359
68,25,0.40821990259999996,2.1171130808000003,-15.7054786146,-0.02585267049950199,-0.13401956894236455,0.9906414056400766,16.0461261
68,26,-1.6284312756,1.4126687163999998,-15.705277119000002,0.10247590812190918,-0.08929661638611469,0.9907193359153647,16.0067568
68,27,-2.0366419184,-0.7033408278000001,-15.7045844036,0.12866217082492276,0.044321179109502735,0.9906975718557919,16.0502703
68,28,-0.40823283,-2.1147023673999996,-15.7041130028,0.02530046868077878,0.1333214055161663,0.9907498620316467,15.9970871
68,29,1.6283628740000002,-1.4102970588,-15.704373149599999,-0.10273379625675054,0.08870025889581847,0.9907461991743857,16.0104855
68,30,1.6284276117999998,1.4126680028,-15.7052773334,-0.10287847852687287,-0.08918353576398308,0.9906877992610136,15.9986987
68,31,-0.40822360679999997,2.117113308,-15.7054788538,0.0255556326390625,-0.13360148632859212,0.9907055831533446,16.0332132
68,32,-2.0366642654000002,0.7056221540000001,-15.705058712200001,0.12855086862694734,-0.044098887596135464,0.9907219399448266,15.9322523
68,33,-1.6283898996,-1.4103006358,-15.7043691694,0.10242709204941386,0.08883620209146388,0.9907657745462675,16.0516466
68,34,0.40820375519999996,-2.1147016934000002,-15.704114386799999,-0.025543514687212287,0.13320734621701136,0.9907589675452074,16.0077928
68,35,2.036598724,-0.7032574374,-15.7045891464,-0.12823465533987494,0.044021542123311004,0.9907663584311638,16.018959
68,36,2.8493979292000002,0.7053740074,-15.443100961599999,-0.1812006078271293,-0.04541178208924169,0.9823971242682656,16.0249149
68,37,0.8148821003999999,2.8208374466,-15.443604481,-0.051765063763969145,-0.17990021314590407,0.9823218879184004,16.0011712
68,38,-2.0344862416000002,2.1167351088000004,-15.4434535906,0.1298042246324586,-0.13489364636882217,0.9823210103814789,15.9913013
68,39,-2.8493590272,-0.702858905,-15.442576971400001,0.18104577902909366,0.04473910473466238,0.9824565325770344,16.0743393
68,40,-0.8148834303999999,-2.8181878548,-15.4416943176,0.05185287410986024,0.17958762192534827,0.9823744527916761,16.0054505
68,41,2.0343933346000003,-2.1141299472,-15.4420202974,-0.12889977483758205,0.13472931805016192,0.9824626501320847,16.0098999
68,42,2.4379678966,1.4087286187999999,-15.489534581000001,-0.15501712514169866,-0.08937516940902863,0.9838606456231035,16.0415365
68,43,-1.729e-06,2.8162164117999997,-15.489851263599999,-0.000426455515657781,-0.1793763373620692,0.9837804367491063,15.9656306
68,44,-2.4379714316000003,1.4087296436,-15.489534040399999,0.15502969514723133,-0.089678917799452,0.9838310247826483,16.0034635
68,45,-2.4379186632,-1.4062787234,-15.488541262,0.15427874304394762,0.08917605622006385,0.9839947664707448,16.0167568
68,46,-1.5548400000000002e-05,-2.8136128388,-15.487941452800001,0.00026833964307123654,0.17855190634355392,0.9839304572656132,16.0977778
68,47,2.4378692896,-1.4061872910000002,-15.4885532414,-0.15471212740222992,0.08903380186770413,0.9839396016827753,15.9684084
68,48,2.034482956,2.1167341,-15.443453468000001,-0.12941094504565465,-0.13468979631635739,0.9824008683173324,16.0485736
68,49,-0.8148854866,2.820837964,-15.4436051044,0.051822231412671504,-0.17946668397818408,0.9823981706382022,16.0375976
68,50,-2.8494016896,0.7053750862,-15.443099797999999,0.18150490879559794,-0.04485057568797799,0.9823667308818833,16.0492993
68,51,-2.0344222588000003,-2.1141342596,-15.442014526200001,0.12889793231958308,0.1348749987839094,0.9824429030466741,16.0475926
68,52,0.8148521479999999,-2.8181866134,-15.441697138999999,-0.05161834073744706,0.17907571241048315,0.9824802471928842,15.9301001
68,53,2.852772609,-0.7053121170000001,-15.441066249599999,-0.18148558732114595,0.04456193580873104,0.9823834360735513,16.061041
76,0,0.8180188602,0.00096032,-15.958724542399999,-0.05111948869408422,-0.0003622623987350061,0.9986924785145875,16.0488889
76,1,0.4089893294,0.7092887323999999,-15.958883267600001,-0.02576889182637446,-0.04451840814039524,0.9986761615011572,15.992963
76,2,-0.40899326760000004,0.7092888505999999,-15.958883178,0.025745474997918367,-0.04475458609429928,0.998666209271476,16.0498999
76,3,-0.8180230022000001,0.0009605586,-15.9587241802,0.051328849088154466,-0.00028033156649202385,0.9986817664629201,15.9893544
76,4,-0.40900321419999996,-0.7073235078,-15.9584440002,0.025611768665792574,0.044471585444985695,0.9986822895164503,16.0558258
76,5,0.40898486079999996,-0.7073225454000001,-15.9584447222,-0.02551715239407905,0.044326735267347456,0.9986911511945202,16.012963
76,6,1.6338346166000002,0.0010143169999999998,-15.831946657800001,-0.10285724724058763,-0.0004999793216648192,0.9946960021588337,15.9949049
76,7,0.8169594156,1.4160602676,-15.8323097802,-0.05142086839020988,-0.08945228945370373,0.9946628485097287,16.001011
76,8,-0.8169630034,1.4160605834000002,-15.8323097938,0.051535714164477935,-0.08897689412192239,0.9946995438211346,16.0095495
76,9,-1.6338385446,0.0010146834,-15.8319458778,0.10269230407234536,-0.00019750313102854549,0.9947131504493274,15.9856006
76,10,-0.8169613767999999,-1.4139639707999998,-15.8314326456,0.05135340594868788,0.0886026643615773,0.9947423764802116,16.0013013
76,11,0.816940799,-1.4139620744,-15.8314344668,-0.051465814395029695,0.08889827739393369,0.9947101920786012,16.0464264
76,12,1.2228216308,0.7069259642000001,-15.875231774,-0.0767911113978556,-0.044629199806438966,0.9960478702024914,16.0119019
76,13,-1.8916e-06,1.4129679096,-15.8754095232,-3.3599049327762376e-05,-0.08861886566603674,0.996065608039535,15.9781582
76,14,-1.2228254401999998,0.7069262272000001,-15.8752314078,0.07669710040164295,-0.04454815951804754,0.9960587413770009,16.0808358
76,15,-1.2228074868,-0.7049649578,-15.8747941908,0.07674947217521698,0.04450108665522576,0.9960568115360335,16.0418869
76,16,-1.02474e-05,-1.4109183492000001,-15.8745286694,-0.0001655372804566256,0.08850918519619064,0.9960753469157417,16.0027928
76,17,1.2227781342,-0.7049078908,-15.8747939958,-0.07690530602296103,0.0444858324677705,0.9960454731663431,16.083974
76,18,2.4460693988,0.0010925441999999998,-15.617512293999999,-0.1546621520901151,-0.0003193760247760976,0.987967366217027,16.0091642
76,19,1.2244955966000002,2.1201647992,-15.6177374538,-0.07724356529853442,-0.1343332822760699,0.9879210499290461,16.0429379
76,20,-1.2230044122,2.1193333694,-15.6181599182,0.07762533998880602,-0.13464654891731603,0.9878484769721919,16.0117017
76,21,-2.4460731792,0.0010930764,-15.6175108792,0.1546866563038799,-2.035751498610228e-05,0.987963581285817,16.0302703
76,22,-1.2229883912,-2.1170696254,-15.6167721066,0.07709436461784644,0.13419520326219198,0.9879514696408876,15.9985185
76,23,1.2229653708,-2.1170668262000003,-15.616775217999999,-0.07741922063818993,0.13393208703254578,0.9879617706869441,16.0747147
76,24,2.036660903,0.7055341352,-15.7051528446,-0.12859503661862243,-0.04469953555037809,0.9906892893731292,15.9859359
76,25,0.40822096579999995,2.1170173018000003,-15.7055666368,-0.025854039940009618,-0.13404469686253312,0.9906379701292556,16.0461261
76,26,-1.6284314333999999,1.4125801792,-15.7053730052,0.10247823578391778,-0.08930727514583757,0.9907181343836609,16.0067568
76,27,-2.0366493209999996,-0.7034296432,-15.7046807062,0.12864532813911242,0.04431063124308134,0.9907002309007602,16.0502703
76,28,-0.40822880819999996,-2.1148183204,-15.7041873154,0.025295256757943838,0.1333080933940014,0.9907517863830505,15.9970871
76,29,1.6283746678000002,-1.4104081796,-15.704456906999999,-0.10271328894557823,0.08869740857433155,0.9907485806127507,16.0104855
76,30,1.6284280038,1.4125797302,-15.70537337,-0.10288652916290669,-0.08919366448324748,0.9906860513466718,15.9986987
76,31,-0.4082245186,2.1170174642,-15.7055668376,0.02555104182030584,-0.13362676351224972,0.9907022924850525,16.0332132
76,32,-2.0366645034,0.705534578,-15.7051519752,0.1285525089763104,-0.04410645059380494,0.9907213904281627,15.9322523
76,33,-1.628395154,-1.410412272,-15.704453579599999,0.10239883868679671,0.0888437087467149,0.9907680219161922,16.0516466
76,34,0.4082061414,-2.1148174702,-15.704188474199999,-0.02555041853084123,0.13319147412143262,0.9907609233989089,16.0077928
76,35,2.0366081422,-0.7033715942000001,-15.704683980799999,-0.12822164802831612,0.044013842636411726,0.9907683839491852,16.018959
76,36,2.8493942968000003,0.7052776104,-15.4431912232,-0.18121435242586584,-0.04543189298076974,0.9823936591687966,16.0249149
76,37,0.8148826156,2.8207292138,-15.443679063600001,-0.05176642263428173,-0.17994012005040597,0.9823145070108119,16.0011712
76,38,-2.0344830602000004,2.1166363038,-15.443540655800001,0.12981105817971056,-0.1349181600897236,0.9823167407981336,15.9913013
76,39,-2.8493697426,-0.7029592468000001,-15.4426857816,0.18102915204648648,0.04471274108792292,0.9824607966192517,16.0743393
76,40,-0.8148806063999999,-2.8183107940000003,-15.4417796756,0.05184323267758841,0.17956712312000833,0.9823787088083401,16.0054505
76,41,2.0344080470000003,-2.114247734,-15.4421150672,-0.12887984377459036,0.1347165921162497,0.9824670099688954,16.0098999
76,42,2.4379642314,1.4086350652,-15.4896246486,-0.15503337566390696,-0.0893899434339847,0.983856742845788,16.0415365
76,43,-1.6588000000000001e-06,2.8161094532,-15.4899250272,-0.0004294024618889472,-0.17941514126190336,0.9837733594174508,15.9656306
76,44,-2.4379675086,1.4086356776,-15.489623851,0.15504039062730243,-0.0896944788689227,0.9838279207943662,16.0034635
76,45,-2.4379326816,-1.4063723873999998,-15.488648875199999,0.15425177288818545,0.08916316400576199,0.9840001629803388,16.0167568
76,46,-1.2394e-05,-2.813734826,-15.4880267666,0.0002602899961510636,0.17852984352067902,0.9839344628691484,16.0977778
76,47,2.4378848260000003,-1.4063056290000002,-15.4886582162,-0.15469093956595134,0.0890220342609055,0.9839439977113806,15.9684084
76,48,2.0344799782000003,2.1166356596,-15.443540807600002,-0.1294234952714699,-0.13471367439390114,0.9823959409540582,16.0485736
76,49,-0.814885857,2.8207295749999997,-15.443679545399998,0.0518177224784023,-0.1795068779131484,0.9823910649120468,16.0375976
76,50,-2.8493977358,0.7052782209999999,-15.4431898226,0.18151335540717117,-0.04487163346876807,0.9823642085900088,16.0492993
76,51,-2.0344305202,-2.1142527404,-15.442110162799999,0.12886606905539202,0.13487497048744537,0.9824470869121765,16.0475926
76,52,0.814855649,-2.818309155,-15.441782053,-0.05162474835011836,0.1790501585545696,0.982484567858127,15.9301001
76,53,2.8527841058000005,-0.7054318456,-15.441176810199998,-0.1814725824377462,0.04453526988283706,0.9823870477361957,16.061041
79,0,0.8180213583000001,0.0009257825000000001,-15.958758217099998,-0.051117302698331514,-0.00036647454679505676,0.9986925888686937,16.0488889
79,1,0.4089908606,0.7092531235999999,-15.958916710399999,-0.025767429878164636,-0.044524337036602704,0.9986759349102815,15.992963
79,2,-0.40899469740000005,0.7092532213999999,-15.958916614500001,0.02574180891309672,-0.044760563447319546,0.9986660358867522,16.0498999
79,3,-0.8180253713000001,0.0009259719,-15.958757846800001,0.05132454423189232,-0.00028464547170135537,0.9986819864883635,15.9893544
79,4,-0.4090016713,-0.7073644482000001,-15.9584719653,0.025611390489364394,0.04447730705902093,0.9986820444135255,16.0558258
79,5,0.40898584569999996,-0.7073634396,-15.958472624299999,-0.025518139007925603,0.04433146620197089,0.9986909159925085,16.012963
79,6,1.6338341474,0.0009771184999999999,-15.831982106700002,-0.10286224884688867,-0.0005123005924675633,0.9946954786819248,15.9949049
79,7,0.8169602664,1.4160228009,-15.8323439178,-0.051421573571235356,-0.08946274229636916,0.9946618719506,16.001011
79,8,-0.8169637621,1.4160230621,-15.832343901700002,0.05153420506830451,-0.08898745873478564,0.9946986769348308,16.0095495
79,9,-1.6338379284,0.0009773781,-15.8319813012,0.10269526111762077,-0.00021004172016105476,0.994712842596525,15.9856006
79,10,-0.8169592566999999,-1.4140082577,-15.8314560234,0.05135204504049163,0.08859958756707488,0.9947427207841752,16.0013013
79,11,0.8169411935,-1.4140062491,-15.8314576967,-0.05146745618613969,0.08889325407197084,0.9947105560585068,16.0464264
79,12,1.2228213557,0.7068917048,-15.875266961,-0.07679488133928741,-0.04463336572926754,0.99604739288036,16.0119019
79,13,-1.8484e-06,1.4129311869,-15.8754429738,-3.4717978738441326e-05,-0.08862710287378843,0.9960648751114863,15.9781582
79,14,-1.2228250477999998,0.7068918928,-15.8752665657,0.07669871846010501,-0.04455247627656471,0.9960584237102781,16.0808358
79,15,-1.2228108012,-0.7049951341999999,-15.8748253002,0.07674151858340175,0.044505536714763344,0.996057225528355,16.0418869
79,16,-8.9991e-06,-1.4109623148000001,-15.8745529631,-0.00016705994582854404,0.08850611656433957,0.9960756193290116,16.0027928
79,17,1.2227825013,-0.7049478157000001,-15.874824550200001,-0.07689893866673972,0.044492516867663916,0.9960456662094913,16.083974
79,18,2.4460706177000002,0.0010549083,-15.617547262,-0.15466265227927856,-0.00032822010951446423,0.9879672850158038,16.0091642
79,19,1.2244969469000002,2.1201282643,-15.6177699987,-0.077242649248249,-0.13434533299877152,0.9879194828722435,16.0429379
79,20,-1.2230056743,2.1192944276000003,-15.6181924118,0.07762222023522836,-0.13465877487273026,0.98784705560908,16.0117017
79,21,-2.4460742418,0.0010552836,-15.6175457848,0.15468517848454008,-2.9499964343986843e-05,0.9879638124379648,16.0302703
79,22,-1.2229884638000001,-2.1171158401,-15.616800572399999,0.07708744450926054,0.1341916166212336,0.9879524967970938,15.9985185
79,23,1.2229679651999998,-2.1171128573,-15.616803452500001,-0.077416825579968,0.13392562441308375,0.9879628344440323,16.0747147
79,24,2.0366611024999997,0.7054992488,-15.7051869489,-0.12859811932130444,-0.04470295386868482,0.9906887349831116,15.9859359
79,25,0.4082214602,2.1169792627,-15.705597791199999,-0.025854384911884343,-0.13405461429119692,0.9906366191334068,16.0461261
79,26,-1.6284315126,1.4125448967999998,-15.705407633299998,0.10247924861709626,-0.0893118143970034,0.9907176204206679,16.0067568
79,27,-2.0366521365,-0.7034647843,-15.704716339299999,0.1286392309152754,0.044306695970689085,0.9907011986273598,16.0502703
79,28,-0.40822737179999996,-2.1148639666,-15.7042145821,0.02529305618440166,0.13330266382677855,0.9907525731107327,15.9970871
79,29,1.6283792917,-1.4104519784,-15.704487831,-0.10270556321734618,0.08869610587286694,0.9907494981513728,16.0104855
79,30,1.6284281877,1.4125445528,-15.705408063499998,-0.10288970147706591,-0.08919801460447888,0.9906853302237696,15.9986987
79,31,-0.40822494189999997,2.1169793993,-15.7055979749,0.025549146766299696,-0.13363673496251596,0.9907009963495911,16.0332132
79,32,-2.0366645736,0.7054995635,-15.7051860138,0.12855350346653904,-0.04411011272278662,0.9907210983430511,15.9322523
79,33,-1.6283972539999998,-1.410456261,-15.7044847544,0.10238814546185697,0.08884633037364104,0.9907688919460579,16.0516466
79,34,0.4082071806,-2.1148630498000003,-15.704215650299998,-0.02555287291276864,0.13318507311069944,0.9907617205899719,16.0077928
79,35,2.0366118237999995,-0.7034164088,-15.7047190607,-0.12821704221503127,0.044011043215325854,0.9907691043632355,16.018959
79,36,2.8493927212,0.7052392071,-15.4432236043,-0.1812200417327911,-0.04544011319129356,0.9823922295028233,16.0249149
79,37,0.8148829414,2.8206863507,-15.443704932900001,-0.05176667473182666,-0.17995571850048628,0.9823116362775017,16.0011712
79,38,-2.0344817873000003,2.1165971457,-15.4435715762,0.12981388120001064,-0.13492772419195806,0.9823150540901673,15.9913013
79,39,-2.8493736234,-0.7029989272,-15.4427256849,0.18102327301048035,0.04470253088249409,0.9824623445004256,16.0743393
79,40,-0.8148796865999999,-2.8183592170000002,-15.441811514900001,0.05183925782812043,0.17955908367073029,0.9823803880468897,16.0054505
79,41,2.0344137155,-2.1142943090000004,-15.4421503613,-0.12887248933913573,0.13471132508013592,0.982468696899137,16.0098999
79,42,2.4379626891,1.4085978358,-15.4896567909,-0.15503993291817336,-0.08939596974147285,0.9838551620003372,16.0415365
79,43,-1.6252e-06,2.8160670638000003,-15.4899504378,-0.0004305043349376853,-0.17943028060397953,0.9837705977860869,15.9656306
79,44,-2.4379658514,1.4085982844000002,-15.489655882000001,0.15504485189351794,-0.08970078506499224,0.9838266427882716,16.0034635
79,45,-2.4379378749,-1.4064095960999998,-15.4886886393,0.15424187322289515,0.08915791663066375,0.9840021902652312,16.0167568
79,46,-1.11715e-05,-2.8137828455000005,-15.4880584139,0.00025719478291009144,0.17852116021463113,0.983936039184695,16.0977778
79,47,2.4378907150000004,-1.4063522775,-15.4886969723,-0.15468327552326802,0.08901727738238131,0.9839456329497178,15.9684084
79,48,2.0344787983000003,2.1165966464,-15.4435718459,-0.12942846604982255,-0.13472301237387518,0.9823940055359145,16.0485736
79,49,-0.8148861135000001,2.8206866495,-15.4437053541,0.05181578028349197,-0.1795225793950317,0.9823882981799853,16.0375976
79,50,-2.8493960192000003,0.705239632,-15.4432220999,0.1815170368078014,-0.04488019119192061,0.9823631374329413,16.0492993
79,51,-2.0344336918,-2.1142995731000003,-15.442145793200002,0.12885414104738518,0.13487452457193683,0.9824487126341174,16.0475926
79,52,0.814857182,-2.8183574279999997,-15.441813715,-0.05162694092777861,0.1790401941560172,0.9824862685284793,15.9301001
79,53,2.8527884162,-0.7054789159,-15.4412172613,-0.18146811974784324,0.044525014429065625,0.9823883369652116,16.061041
