event_id,telescope_id,photon_index,mirror_id,surface_x_m,surface_y_m,surface_z_m,mirror_x_m,mirror_y_m,mirror_z_m,input_x_m,input_y_m,input_z_m,input_dir_x,input_dir_y,input_dir_z,u_m,v_m,dir_x,dir_y,dir_z,time_ns,wavelength_nm,weight,relative_efficiency,signal_weight,source_bunch_index,source_coordinate_frame,raw_input_x_m,raw_input_y_m,raw_input_z_m,raw_input_dir_x,raw_input_dir_y,raw_input_dir_z,emission_altitude_km,multiplicity,eventio_2d
117,0,4292,32,0.01101825706,-0.02410864894,-8,-2.058558777,1.083684903,-15.67985435,-2.058325756,1.082862971,-15.9382914,0.000901650374,-0.00318037863,-0.9999945361,0.01101825706,-0.02410864894,0.257711419,-0.1379465677,0.9563239874,-39.27486037,266.4242456,1,1,1,0,corsika_nwu_relative,1.968000031,1.240999985,0,-0.01820000075,-0.0251333341,-0.9995184218,5.902010625,4.349999905,1
117,0,4324,51,0.005877684272,-0.04706707094,-8,-1.782237771,-1.911465884,-15.49988534,-1.781722936,-1.913853811,-15.94658395,0.001152515249,-0.005345643889,-0.9999850478,0.005877684272,-0.04706707094,0.2254216423,0.2350384261,0.945485072,-40.13069246,301.5953141,1,1,1,6,corsika_nwu_relative,-0.765,2.501000061,0,-0.02019999921,-0.0242666658,-0.9995014202,5.821031875,4.880000114,1
117,0,4360,47,0.03133827215,-0.04770396651,-8,2.402749876,-1.828234697,-15.44996023,2.405438487,-1.831571466,-16.07211504,0.004321347662,-0.005363118125,-0.9999762812,0.03133827215,-0.04770396651,-0.2957438159,0.2220537976,0.9291004824,-39.92861066,571.1014817,1,1,1,13,corsika_nwu_relative,-2.79,-1.166999969,0,-0.02180000022,-0.0270000007,-0.9993976986,5.72796,4.059999943,1
117,0,4379,1,0.02255778934,-0.02635230648,-8,0.4865511122,1.052114323,-15.93692563,0.4867753477,1.051869672,-16.01459352,0.002887081084,-0.003149929987,-0.9999908713,0.02255778934,-0.02635230648,-0.05783081163,-0.1344170216,0.9892358978,-38.39626426,323.5658065,1,1,1,17,corsika_nwu_relative,0.6669999695,-0.9480000305,0,-0.01916666701,-0.02686666697,-0.9994552622,5.7016425,4.239999771,1
117,0,4422,13,0.02188364785,-0.02321173298,-8,0.02842986004,1.021739319,-15.90428647,0.02869299391,1.021455802,-16.00086022,0.002724671776,-0.002935732982,-0.9999919788,0.02188364785,-0.02321173298,-0.0008210412228,-0.1310602017,0.9913740714,-38.62686891,987.292116,1,1,1,26,corsika_nwu_relative,0.87,-0.5359999847,0,-0.01889999956,-0.02683333308,-0.999461236,5.5718575,4.840000153,1
117,0,4438,29,0.03202222088,-0.04371618408,-8,1.492075556,-1.552138862,-15.70456869,1.493434137,-1.55388383,-16.04477315,0.003993339778,-0.005129063953,-0.9999788727,0.03202222088,-0.04371618408,-0.1828391172,0.1888962987,0.9648253964,-39.19821393,411.8587785,1,1,1,29,corsika_nwu_relative,-2.093000031,-0.5159999847,0,-0.02143333293,-0.02683333308,-0.9994101183,5.5590425,4.940000057,1
117,0,4480,44,0.003668064277,-0.02561383282,-8,-2.684944602,1.179135316,-15.46662755,-2.684772018,1.178012131,-15.91951054,0.0003810773331,-0.002480069013,-0.999996852,0.003668064277,-0.02561383282,0.3349517114,-0.1500895961,0.9302045281,-39.93591218,335.4107744,1,1,1,37,corsika_nwu_relative,2.363999939,1.736000061,0,-0.01733333245,-0.02503333241,-0.9995363364,5.45757875,4.760000229,1
117,0,4490,45,0.009540311921,-0.04051978603,-8,-2.634837205,-1.69991383,-15.4267305,-2.634633891,-1.702482316,-15.92101368,0.0004113246957,-0.005196315269,-0.9999864145,0.009540311921,-0.04051978603,0.3282405649,0.2059768074,0.9218631603,-39.9761202,304.2744736,1,1,1,39,corsika_nwu_relative,-0.155,3.133999939,0,-0.01970000006,-0.02370000072,-0.9995249972,5.42000875,4.550000191,1
117,0,4506,45,0.003074596196,-0.03910830456,-8,-2.47636975,-1.403086012,-15.48266742,-2.476162511,-1.405254651,-15.92576465,0.0004677000332,-0.00489421591,-0.9999879139,0.003074596196,-0.03910830456,0.3099344389,0.1704993564,0.9353451839,-39.99323588,307.9338266,1,1,1,42,corsika_nwu_relative,0.02299999952,2.847999878,0,-0.0194666665,-0.02390000038,-0.9995248065,5.39510625,4.730000019,1
117,0,4522,6,0.03647886303,-0.02249000262,-8,1.440623451,0.2831865235,-15.84760656,1.441493992,0.2825888483,-16.04321599,0.00445033615,-0.003055407102,-0.9999854294,0.03647886303,-0.02249000262,-0.1759999987,-0.03831447889,0.9836442452,-38.84043728,332.1636502,1,1,1,46,corsika_nwu_relative,-0.4770000076,-1.39,0,-0.01986666583,-0.02826666646,-0.9994029774,5.370318125,4.880000114,1
117,0,4542,13,0.02625509293,-0.0154164221,-8,0.2211492848,1.23945469,-15.88727909,0.221526264,1.239221489,-16.00664136,0.003158256487,-0.001953712039,-0.9999931042,0.02625509293,-0.0154164221,-0.02439575028,-0.1570776532,0.9872848921,-38.65019105,629.3238691,1,1,1,50,corsika_nwu_relative,0.9619999695,-0.8119999695,0,-0.01826666668,-0.02769999951,-0.9994493679,5.33334875,4.679999828,1
117,0,4554,32,0.006002329139,-0.02327201752,-8,-1.838158593,0.4681847809,-15.73757905,-1.837958381,0.4676129222,-15.94489801,0.0009657160148,-0.002758340262,-0.9999957295,0.006002329139,-0.02327201752,0.2314029585,-0.06166737176,0.9709015429,-39.20822392,274.3881255,1,1,1,52,corsika_nwu_relative,1.325,1.358000031,0,-0.01786666736,-0.02539999969,-0.9995176948,5.33334875,4.710000038,1
117,0,4570,39,-0.004108548961,-0.02998985297,-8,-2.622485594,-0.5688003851,-15.48789495,-2.622478804,-0.5704676893,-15.92137809,1.566364121e-05,-0.003846266891,-0.999992603,-0.004108548961,-0.02998985297,0.329323596,0.06776832325,0.9417820467,-40.12502884,455.1803435,1,1,1,55,corsika_nwu_relative,0.8190000153,2.556999969,0,-0.01833333261,-0.02403333411,-0.9995430395,5.308844375,4.829999924,1
117,0,4583,53,0.0480368569,-0.0343039828,-8,3.182513457,-0.9017007386,-15.36589801,3.187283402,-0.9047644203,-16.09555475,0.006537048174,-0.004198671944,-0.9999698186,0.0480368569,-0.0343039828,-0.3892820512,0.1077251584,0.9147976688,-40.07555801,297.1568803,1,1,1,58,corsika_nwu_relative,-2.378999939,-2.308000031,0,-0.02190000005,-0.02950000018,-0.9993248421,5.2844525,4.570000172,1
117,0,4604,14,0.01396551484,-0.02127347294,-8,-0.9462121405,0.4267902643,-15.90325794,-0.9460884522,0.4266112662,-15.97163627,0.001808872421,-0.002617748079,-0.9999949377,0.01396551484,-0.02127347294,0.1204140128,-0.05619080206,0.9911322108,-38.62978777,408.5008426,1,1,1,62,corsika_nwu_relative,0.8430000305,0.6059999847,0,-0.01816666685,-0.0262000002,-0.9994916369,5.2601725,4.690000057,1
117,0,4639,9,0.008435922975,-0.02612660266,-8,-1.43230903,-0.132493209,-15.85032641,-1.432188956,-0.1328312323,-15.95706298,0.001124954488,-0.003166875494,-0.9999943527,0.008435922975,-0.02612660266,0.1804958986,0.013325562,0.9834854651,-38.83045602,884.7384919,1,1,1,69,corsika_nwu_relative,0.6020000076,1.306999969,0,-0.01830000058,-0.02533333376,-0.9995115468,5.236004375,4.860000134,1
117,0,4682,18,0.04740953232,-0.01853023585,-8,2.790500597,0.2412475193,-15.55722962,2.793835962,0.2398874281,-16.0837592,0.006334471551,-0.002583063605,-0.9999766009,0.04740953232,-0.01853023585,-0.341016577,-0.03229514396,0.9395023778,-39.52491005,655.0589942,1,1,1,78,corsika_nwu_relative,-1.190999985,-2.54,0,-0.02040000074,-0.03013333306,-0.9993376918,5.19996,4.679999828,1
117,0,4703,9,0.007016797705,-0.02676113434,-8,-1.464604881,-0.2424145337,-15.8460794,-1.464502509,-0.2427625893,-15.95609422,0.0009305210402,-0.003163698944,-0.9999945626,0.007016797705,-0.02676113434,0.1842796084,0.02700457907,0.9825028136,-38.82918025,904.8107794,1,1,1,82,corsika_nwu_relative,0.5229999924,1.39,0,-0.01820000075,-0.02516666614,-0.9995175831,5.188000313,4.710000038,1
117,0,4719,9,0.007465939421,-0.02375987427,-8,-1.339368737,-0.06956419039,-15.85885689,-1.339265694,-0.06985901937,-15.95984882,0.001020296964,-0.002919318185,-0.9999952183,0.007465939421,-0.02375987427,0.1689125451,0.005744523625,0.9856143021,-38.83993247,592.3106621,1,1,1,85,corsika_nwu_relative,0.61,1.195,0,-0.01803333312,-0.0253666658,-0.9995155482,5.176068438,4.78000021,1
117,0,4745,30,0.03957352824,-0.006198085128,-8,1.589537441,1.406654156,-15.70869906,1.591184141,1.406350684,-16.0477037,0.004857395485,-0.0008951731578,-0.9999878021,0.03957352824,-0.006198085128,-0.194014597,-0.1768518323,0.9649257824,-39.28270057,318.618038,1,1,1,90,corsika_nwu_relative,0.4209999847,-2.081999969,0,-0.01820000075,-0.02969999984,-0.9993931509,5.152286563,4.869999886,1
117,0,4767,33,0.005198814516,-0.04027024604,-8,-1.652985989,-1.643947671,-15.67909859,-1.652865687,-1.64530044,-15.95044709,0.0004433423353,-0.004985295744,-0.9999874751,0.005198814516,-0.04027024604,0.2068052267,0.2000071842,0.9577205879,-39.25963124,563.4569264,1,1,1,95,corsika_nwu_relative,-0.5970000076,2.255,0,-0.01953333244,-0.02383333258,-0.9995250978,5.140436563,4.619999886,1
117,0,4808,42,0.05572665088,-0.01378190116,-8,2.465449955,1.000939896,-15.51568199,2.468858335,1.000240361,-16.07401637,0.006104430727,-0.001252872394,-0.9999805829,0.05572665088,-0.01378190116,-0.3028239363,-0.1275175653,0.9444770691,-40.0190531,379.2656797,1,1,1,103,corsika_nwu_relative,-0.37,-2.638999939,0,-0.01913333312,-0.03060000017,-0.9993485656,5.116818438,4.71999979,1
117,0,4820,25,0.02088642487,0.00176424875,-8,0.1575557353,1.818294805,-15.74607644,0.1582964002,1.818283164,-16.00474573,0.00286335439,-4.500473522e-05,-0.9999958996,0.02088642487,0.00176424875,-0.01717512848,-0.2282820158,0.9734435455,-39.21981465,306.7215465,1,1,1,105,corsika_nwu_relative,1.495,-1.046999969,0,-0.01646666601,-0.02840000018,-0.9994609992,5.10505,4.730000019,1
117,0,4855,42,0.05016110124,-0.001383415805,-8,2.229920232,1.36668983,-15.52334955,2.233104271,1.366349728,-16.06694846,0.005857229695,-0.0006256390273,-0.9999826506,0.05016110124,-0.001383415805,-0.2741374293,-0.1720557457,0.9461741331,-39.9904733,491.79378,1,1,1,112,corsika_nwu_relative,0.065,-2.617999878,0,-0.01846666634,-0.0307,-0.9993580401,5.09330875,4.800000191,1
117,0,4887,30,0.04369394256,-0.006572001271,-8,2.008138601,1.450267514,-15.65675555,2.010394897,1.45009294,-16.06027163,0.005591500138,-0.0004326244491,-0.9999842739,0.04369394256,-0.006572001271,-0.2443987063,-0.1812469958,0.9525853237,-39.23455961,539.684416,1,1,1,119,corsika_nwu_relative,0.2489999962,-2.466999969,0,-0.01816666685,-0.03056666628,-0.9993676256,5.069907188,4.869999886,1
117,0,4903,36,0.05965508663,-0.01732932107,-8,2.922755188,0.507650798,-15.43616353,2.927290034,0.5064788338,-16.08776015,0.006959411258,-0.001798557438,-0.9999741656,0.05965508663,-0.01732932107,-0.3585338079,-0.06574102004,0.9311990265,-40.13652214,685.7781594,1,1,1,122,corsika_nwu_relative,-1.026999969,-2.788999939,0,-0.02003333345,-0.03106666729,-0.9993165303,5.069907188,4.590000153,1
117,0,4919,51,-0.001304353213,-0.05238116052,-8,-1.740480675,-2.09639953,-15.48069758,-1.740517156,-2.099084879,-15.9478193,-7.809706396e-05,-0.005748620164,-0.9999834735,-0.001304353213,-0.05238116052,0.2188317028,0.2571884258,0.941258094,-40.14799489,535.997992,1,1,1,125,corsika_nwu_relative,-0.9459999847,2.558000031,0,-0.01993333362,-0.02300000004,-0.9995367238,5.058246563,4.619999886,1
117,0,4941,27,-0.004759227986,-0.02975809648,-8,-1.967005077,-0.7208312222,-15.71241162,-1.967117105,-0.7216629024,-15.94102583,-0.000490023758,-0.003637895343,-0.9999932628,-0.004759227986,-0.02975809648,0.2456470111,0.08651313891,0.9654910785,-39.21724066,459.5710504,1,1,1,129,corsika_nwu_relative,0.36,2.065,0,-0.0178999994,-0.02370000072,-0.9995588527,5.058246563,4.650000095,1
117,0,4952,9,-0.001002478424,-0.02174128256,-8,-1.812276424,-0.08200390558,-15.81172781,-1.8123139,-0.08236144069,-15.94566683,-0.0002797979181,-0.002669377537,-0.9999963981,-0.001002478424,-0.02174128256,0.2258673944,0.007514800109,0.9741290715,-38.79762817,572.6967476,1,1,1,132,corsika_nwu_relative,0.8359999847,1.611000061,0,-0.01716666669,-0.02436666749,-0.9995556868,5.046613125,4.679999828,1
117,0,4964,30,0.04114878316,-0.0009918442014,-8,1.644337613,1.47516272,-15.69677057,1.646140956,1.475089533,-16.0493513,0.005114626901,-0.0002075722834,-0.9999868987,0.04114878316,-0.0009918442014,-0.2004150074,-0.1845344243,0.962175073,-39.29315771,817.2036279,1,1,1,134,corsika_nwu_relative,0.4529999924,-2.163999939,0,-0.01773333363,-0.03026666678,-0.9993845395,5.046613125,4.699999809,1
117,0,5000,51,-0.0005080125205,-0.05552144467,-8,-1.782570543,-2.308677862,-15.44567351,-1.782739117,-2.311767089,-15.94655348,-0.0003365492116,-0.006167481983,-0.9999809243,-0.0005080125205,-0.05552144467,0.2232983734,0.2823280073,0.9329677019,-40.15025742,603.4521858,1,1,1,141,corsika_nwu_relative,-1.109000015,2.701000061,0,-0.02016666718,-0.02256666683,-0.9995419206,5.023425938,4.739999771,1
117,0,5027,53,0.06296766269,-0.02447036976,-8,2.882600653,-0.5552062253,-15.44125543,2.887275438,-0.5573291697,-16.08656051,0.007244072671,-0.003289726571,-0.9999683501,0.06296766269,-0.02447036976,-0.3535488003,0.06654803147,0.9330458752,-40.15006894,414.5141124,1,1,1,147,corsika_nwu_relative,-1.928000031,-2.221999969,0,-0.02146666683,-0.03056666628,-0.9993021871,5.011872188,4.820000172,1
117,0,5042,33,-0.004699955576,-0.03522972306,-8,-1.665481176,-1.256576759,-15.71356007,-1.6655609,-1.257625701,-15.95006649,-0.0003370904812,-0.004435109571,-0.999990108,-0.004699955576,-0.03522972306,0.2080061164,0.152968766,0.9660921344,-39.25618104,264.9047309,1,1,1,150,corsika_nwu_relative,-0.255,2.071999969,0,-0.018666666,-0.02343333326,-0.9995511165,5.000345313,4.849999905,1
117,0,5079,51,-0.005537444977,-0.0526881389,-8,-1.705947535,-2.041961442,-15.49182952,-1.706194959,-2.044587865,-15.94884828,-0.0005413784234,-0.005746766331,-0.9999833407,-0.005537444977,-0.0526881389,0.2142721611,0.2506724067,0.9440607955,-40.15366497,279.4968301,1,1,1,157,corsika_nwu_relative,-0.9159999847,2.501000061,0,-0.01970000006,-0.02260000072,-0.9995504739,4.977370938,4.639999866,1
117,0,5099,6,0.04269421961,-0.01110085067,-8,1.630805888,0.3249402303,-15.82836206,1.631969312,0.3245836466,-16.04892644,0.005274681375,-0.001616662909,-0.999984782,0.04269421961,-0.01110085067,-0.1986408269,-0.0420319802,0.9791706361,-38.76764743,745.2488025,1,1,1,161,corsika_nwu_relative,-0.5359999847,-1.576000061,0,-0.01903333329,-0.02969999984,-0.9993776274,4.977370938,4.670000076,1
117,0,5116,33,-0.003642104795,-0.04024273414,-8,-1.644385538,-1.574496827,-15.68712064,-1.644529316,-1.575799056,-15.95069701,-0.0005454818575,-0.004940550095,-0.9999876466,-0.003642104795,-0.04024273414,0.2048724924,0.1915756319,0.9598573014,-39.26536547,457.2224716,1,1,1,164,corsika_nwu_relative,-0.5409999847,2.213000031,0,-0.01899999939,-0.02300000004,-0.999554901,4.965923125,4.690000057,1
117,0,5133,22,-0.005306360018,-0.04556647591,-8,-1.601405598,-2.23123727,-15.56693095,-1.601616483,-2.233599784,-15.95198354,-0.0005476675892,-0.006135445327,-0.999981028,-0.005306360018,-0.04556647591,0.1986096442,0.2719726246,0.9415864807,-39.57799781,264.1776857,1,1,1,168,corsika_nwu_relative,-1.131999969,2.505,0,-0.02003333345,-0.0223999992,-0.9995483508,4.954501875,4.739999771,1
117,0,5143,45,-0.01542443034,-0.04149360577,-8,-2.143029228,-1.399399336,-15.5326934,-2.143666522,-1.40125934,-15.93573288,-0.001581199031,-0.004614887515,-0.9999881012,-0.01542443034,-0.04149360577,0.2678148869,0.1709280642,0.9481871035,-39.9450398,337.4334582,1,1,1,170,corsika_nwu_relative,-0.14,2.558000031,0,-0.01820000075,-0.02226666734,-0.9995863922,4.954501875,4.730000019,1
117,0,5165,51,-0.02189956028,-0.03947865401,-8,-2.202118205,-1.751853884,-15.46477037,-2.202926538,-1.754310469,-15.93395627,-0.001722814921,-0.005235765238,-0.9999848092,-0.02189956028,-0.03947865401,0.2737957636,0.2150431494,0.9374392374,-40.10355639,261.9430525,1,1,1,174,corsika_nwu_relative,-0.4159999847,2.786000061,0,-0.018666666,-0.02183333412,-0.9995873454,4.943106875,4.760000229,1
117,0,5193,35,0.04961148297,-0.03092026321,-8,1.926294101,-0.8807150885,-15.70931797,1.928396647,-0.8819443394,-16.05781333,0.006033062492,-0.003527223114,-0.9999755801,0.04961148297,-0.03092026321,-0.2351782971,0.1064928603,0.9661006362,-39.244636,547.4435572,1,1,1,180,corsika_nwu_relative,-1.728999939,-1.229000015,0,-0.02106666751,-0.02940000035,-0.9993457037,4.920395313,4.829999924,1
117,0,5213,41,0.06243763871,-0.04129498883,-8,2.180378087,-1.779528569,-15.46467614,2.184388469,-1.782674391,-16.06548796,0.006674698549,-0.00523576419,-0.9999640169,0.06243763871,-0.04129498883,-0.2663527865,0.2186007439,0.9387597711,-40.18035836,315.4226821,1,1,1,184,corsika_nwu_relative,-2.637000122,-1,0,-0.02286666632,-0.02910000086,-0.9993149181,4.90907875,4.860000134,1
117,0,5225,17,0.03848278596,-0.01683612418,-8,1.138340868,-0.2985789067,-15.89358981,1.138993168,-0.2988954976,-16.03414701,0.004640751953,-0.002252369028,-0.999986695,0.03848278596,-0.01683612418,-0.137916273,0.03532902575,0.9898135994,-38.66770624,435.7473429,1,1,1,186,corsika_nwu_relative,-0.8290000153,-0.8369999695,0,-0.01926666684,-0.0288333334,-0.9993985363,4.897788125,4.889999866,1
117,0,5290,17,0.04248456273,-0.0245662,-8,1.36735571,-0.7952111596,-15.85839135,1.368324148,-0.7957706815,-16.04102236,0.005302600475,-0.003063616579,-0.9999812482,0.04248456273,-0.0245662,-0.1654751559,0.09625282814,0.9815056627,-38.70251134,301.1165004,1,1,1,199,corsika_nwu_relative,-1.373999939,-0.7869999695,0,-0.02030000091,-0.02899999917,-0.9993732586,4.864072188,4.739999771,1
117,0,5321,45,-0.02555890942,-0.03493946958,-8,-2.301697386,-1.307924651,-15.51792571,-2.302812735,-1.309636675,-15.93096168,-0.002700334634,-0.004144925336,-0.9999877638,-0.02555890942,-0.03493946958,0.2860398205,0.1599746485,0.9447694602,-39.93466499,266.6452821,1,1,1,205,corsika_nwu_relative,0.01899999976,2.65,0,-0.01723333262,-0.02153333277,-0.9996195916,4.852885,4.78000021,1
117,0,5367,45,-0.02356535839,-0.043277644,-8,-2.313527292,-1.612442933,-15.48749717,-2.314824968,-1.61457689,-15.93060155,-0.002928556514,-0.004815845592,-0.9999841155,-0.02356535839,-0.043277644,0.2867636339,0.1965008824,0.9376321355,-39.94117106,629.5825337,1,1,1,215,corsika_nwu_relative,-0.2389999962,2.812999878,0,-0.01769999973,-0.02099999972,-0.9996227839,4.84172375,4.809999943,1
117,0,5377,17,0.0413505036,-0.02300720871,-8,1.15193585,-0.7478974001,-15.87778965,1.152736453,-0.7483350606,-16.03455904,0.005106796271,-0.002791700041,-0.9999830634,0.0413505036,-0.02300720871,-0.1390205053,0.09074007778,0.9861234899,-38.67568973,353.2128689,1,1,1,217,corsika_nwu_relative,-1.225,-0.6240000153,0,-0.01996666752,-0.02896666713,-0.9993809406,4.830588125,4.820000172,1
117,0,5393,45,-0.02566149426,-0.03817665321,-8,-2.240017069,-1.408514374,-15.51815321,-2.241194775,-1.410298548,-15.93280899,-0.002840162024,-0.00430272739,-0.9999867099,-0.02566149426,-0.03817665321,0.278312292,0.1722315224,0.9449225211,-39.94356597,424.8227252,1,1,1,220,corsika_nwu_relative,-0.09899999619,2.647000122,0,-0.01730000041,-0.0213333331,-0.9996227283,4.830588125,4.840000153,1
117,0,5409,9,-0.01112211516,-0.01808667676,-8,-1.614390662,-0.4343966638,-15.82743324,-1.614566038,-0.4346420359,-15.95159531,-0.001412471445,-0.001976218638,-0.9999970497,-0.01112211516,-0.01808667676,0.2003890076,0.05203366918,0.9783336562,-38.82642734,265.9200985,1,1,1,223,corsika_nwu_relative,0.4320000076,1.616000061,0,-0.01600000076,-0.02373333275,-0.9995902805,4.819478125,4.860000134,1
117,0,5434,17,0.04211110362,-0.02480095425,-8,1.146823104,-0.8789811945,-15.87144648,1.147679075,-0.879466344,-16.03440742,0.005252520375,-0.002977036261,-0.999981774,0.04211110362,-0.02480095425,-0.13818654,0.1068479494,0.9846258152,-38.67730041,701.5441949,1,1,1,228,corsika_nwu_relative,-1.336000061,-0.5540000153,0,-0.02019999921,-0.02899999917,-0.9993752849,4.808393438,4.900000095,1
117,0,5460,23,0.04916283274,-0.05045644629,-8,1.364468042,-2.179757057,-15.5967153,1.36709377,-2.18250189,-16.04098547,0.005909988899,-0.006178070798,-0.9999634511,0.04916283274,-0.05045644629,-0.1644465164,0.2662165901,0.9497821173,-39.60226963,532.511116,1,1,1,233,corsika_nwu_relative,-2.573999939,-0.09199999809,0,-0.02329999954,-0.02796666697,-0.9993372682,4.808393438,4.929999828,1
117,0,5507,33,-0.01262928361,-0.03943441143,-8,-1.612250702,-1.663529437,-15.68127739,-1.612723834,-1.664824371,-15.95165054,-0.001749899002,-0.004789368574,-0.9999869998,-0.01262928361,-0.03943441143,0.1996433206,0.2026977885,0.9586741632,-39.27540048,964.1263894,1,1,1,243,corsika_nwu_relative,-0.6340000153,2.23,0,-0.01826666668,-0.02203333378,-0.9995903466,4.786300938,4.75,1
117,0,5560,33,-0.01289079108,-0.04154444777,-8,-1.588096177,-1.816938072,-15.66674142,-1.588659398,-1.818386701,-15.95237199,-0.001971819273,-0.005071610766,-0.9999851952,-0.01289079108,-0.04154444777,0.1962696098,0.2212129396,0.9552712053,-39.2818456,260.9521136,1,1,1,253,corsika_nwu_relative,-0.7790000153,2.286000061,0,-0.01840000041,-0.02170000039,-0.999595193,4.753352187,4.789999962,1
117,0,5606,10,-0.0088132646,-0.02695012215,-8,-1.173262547,-1.323644085,-15.81688195,-1.173402444,-1.324164258,-15.9648214,-0.0009456312279,-0.0035161025,-0.9999933714,-0.0088132646,-0.02695012215,0.1453960846,0.1619084901,0.976035665,-38.77896921,420.5979243,1,1,1,262,corsika_nwu_relative,-0.5590000153,1.678999939,0,-0.01756666601,-0.02336666733,-0.9995726142,4.74242,4.849999905,1
117,0,5636,23,0.05703018139,-0.047888195,-8,1.379660731,-2.110917264,-15.60484582,1.382623336,-2.113461229,-16.04145104,0.006785275237,-0.005826460704,-0.9999600054,0.05703018139,-0.047888195,-0.1655370083,0.2582033663,0.9518027739,-39.60485283,854.6476467,1,1,1,268,corsika_nwu_relative,-2.521999969,-0.14,0,-0.02343333326,-0.02889999934,-0.9993075948,4.7315125,4.889999866,1
117,0,5657,23,0.05872499275,-0.04947131287,-8,1.445509067,-2.227129899,-15.58273081,1.448782812,-2.229977383,-16.04343451,0.007105653113,-0.006180454818,-0.9999556549,0.05872499275,-0.04947131287,-0.173127448,0.2718609773,0.9466353552,-39.51768324,514.5773157,1,1,1,273,corsika_nwu_relative,-2.656000061,-0.1389999962,0,-0.02390000038,-0.02899999917,-0.9992936455,4.720630312,4.900000095,1
117,0,5683,11,0.04398186576,-0.02465192974,-8,0.8646114238,-1.249934667,-15.84272339,0.8655905449,-1.250484614,-16.0259504,0.005343659405,-0.003001395237,-0.9999812183,0.04398186576,-0.02465192974,-0.1028336358,0.1535409948,0.9827768853,-38.79222314,631.6515298,1,1,1,278,corsika_nwu_relative,-1.516000061,-0.1239999962,0,-0.02026666701,-0.02906666696,-0.9993719983,4.709773125,4.929999828,1
117,0,5708,4,0.01472440452,-0.01614975144,-8,-0.2290899892,-1.004360648,-15.94578501,-0.2290052575,-1.004457781,-15.99313442,0.001789493527,-0.002051410794,-0.9999962947,0.01472440452,-0.01614975144,0.03043604562,0.1233611825,0.9918949873,-38.43708246,289.722029,1,1,1,283,corsika_nwu_relative,-0.755,0.7009999847,0,-0.01766666584,-0.02646666579,-0.999493574,4.698940938,4.960000038,1
117,0,5724,5,0.0260363427,-0.01625038723,-8,0.2264172646,-1.029619067,-15.94421286,0.2266237508,-1.029748276,-16.00679418,0.00329946168,-0.002064648109,-0.9999924254,0.0260363427,-0.01625038723,-0.02501293646,0.126495707,0.9916517479,-38.38662716,544.3636745,1,1,1,286,corsika_nwu_relative,-1.005,0.3189999962,0,-0.01843333244,-0.02776666731,-0.9994444579,4.698940938,4.96999979,1
117,0,5745,22,-0.01684143301,-0.03643853512,-8,-1.189837734,-1.717273913,-15.6686818,-1.190305596,-1.718558792,-15.96431464,-0.001582560921,-0.004346149391,-0.9999893032,-0.01684143301,-0.03643853512,0.14777214,0.2117488697,0.9660878898,-39.50824535,338.7355833,1,1,1,290,corsika_nwu_relative,-0.8919999695,1.891000061,0,-0.01796666719,-0.0223999992,-0.9995876344,4.68813375,4.730000019,1
117,0,5785,22,-0.01839183028,-0.04950325216,-8,-1.303773325,-2.225936237,-15.59538256,-1.304585865,-2.228166729,-15.96088852,-0.002223008697,-0.006102349913,-0.9999789096,-0.01839183028,-0.04950325216,0.1605737357,0.2718865771,0.9488381129,-39.51765044,327.0595828,1,1,1,298,corsika_nwu_relative,-1.275999985,2.245,0,-0.01916666701,-0.02096666582,-0.9995964375,4.677351563,4.769999981,1
117,0,5811,10,0.007278390994,-0.01962849027,-8,-0.4650969625,-1.219176868,-15.86189686,-0.464997387,-1.219459389,-15.98605938,0.0008019748871,-0.002275404201,-0.9999970897,0.007278390994,-0.01962849027,0.05929224952,0.1505665383,0.9868202201,-38.83944878,522.4179874,1,1,1,303,corsika_nwu_relative,-0.8230000305,1.013000031,0,-0.01736666635,-0.02549999952,-0.9995239612,4.66659375,4.800000191,1
117,0,5826,23,0.05614298363,-0.05481449195,-8,1.199198045,-2.382089736,-15.58071833,1.202453573,-2.385120434,-16.03604956,0.007149460443,-0.006655711588,-0.9999522922,0.05614298363,-0.05481449195,-0.1426701797,0.2904783754,0.9461857816,-39.5941723,664.3761895,1,1,1,306,corsika_nwu_relative,-2.667000122,0.1519999981,0,-0.0243333336,-0.02879999951,-0.9992889717,4.66659375,4.809999943,1
117,0,5852,10,-0.005672706933,-0.0291846961,-8,-0.8393203798,-1.639807612,-15.80849335,-0.8394534408,-1.640423313,-15.97483319,-0.0007999286081,-0.003701440332,-0.9999928297,-0.005672706933,-0.0291846961,0.1039936041,0.2009175906,0.9740726113,-38.8152353,397.9914594,1,1,1,312,corsika_nwu_relative,-1,1.548000031,0,-0.01779999956,-0.02339999937,-0.9995677066,4.655860937,4.829999924,1
117,0,5869,52,0.06341896798,-0.07044558813,-8,1.129178563,-2.848182326,-15.41717165,1.133594706,-2.853448317,-16.03398517,0.007159162952,-0.008536881502,-0.9999379321,0.06341896798,-0.07044558813,-0.1333595288,0.3475808843,0.9281178615,-40.2004013,495.8455891,1,1,1,315,corsika_nwu_relative,-3.037999878,0.4459999847,0,-0.02596666664,-0.02786666714,-0.9992743272,4.645152813,4.840000153,1
117,0,5889,40,-0.01025151754,-0.07639991283,-8,-0.9007344282,-3.046422281,-15.39427392,-0.9014364611,-3.051889146,-15.97297494,-0.001213063588,-0.009446358108,-0.9999546464,-0.01025151754,-0.07639991283,0.1110596524,0.3704165998,0.9222024161,-40.18505846,297.7825749,1,1,1,319,corsika_nwu_relative,-2.191000061,2.308000031,0,-0.02256666683,-0.02016666718,-0.9995419206,4.645152813,4.860000134,1
117,0,5901,52,0.05094871727,-0.07921864472,-8,0.9004318032,-3.14802024,-15.37387085,0.9045972841,-3.154496613,-16.02711982,0.006376116335,-0.009913406898,-0.9999305323,0.05094871727,-0.07921864472,-0.1057622446,0.3820715801,0.9180608124,-40.18726709,525.1281358,1,1,1,321,corsika_nwu_relative,-3.183999939,0.795,0,-0.02676666714,-0.02649999969,-0.999290396,4.645152813,4.869999886,1
117,0,5918,22,-0.01400433714,-0.04997239361,-8,-1.018209208,-2.189144296,-15.62183772,-1.018868928,-2.191160136,-15.96945431,-0.001897801215,-0.005798925974,-0.9999813852,-0.01400433714,-0.04997239361,0.1258436737,0.268074034,0.9551438018,-39.5418637,715.9285632,1,1,1,325,corsika_nwu_relative,-1.386999969,1.978999939,0,-0.01906666718,-0.0214000009,-0.9995891667,4.634469063,4.889999866,1
117,0,5934,10,-0.004448514468,-0.02806442635,-8,-0.7254109644,-1.68714271,-15.80915506,-0.7255302858,-1.687739861,-15.9782486,-0.0007056488186,-0.00353145947,-0.9999935154,-0.004448514468,-0.02806442635,0.08994114318,0.2069724956,0.9742037656,-38.82575452,511.4487323,1,1,1,328,corsika_nwu_relative,-1.098000031,1.473000031,0,-0.01769999973,-0.02356666699,-0.9995655667,4.623810313,4.909999847,1
117,0,5956,52,0.06237519906,-0.07269648885,-8,1.011446848,-2.810188563,-15.43227476,1.015749545,-2.815329981,-16.03045217,0.007192560252,-0.008594600101,-0.999937198,0.06237519906,-0.07269648885,-0.118975284,0.3431710316,0.9317073172,-40.1868627,739.6969645,1,1,1,332,corsika_nwu_relative,-2.946000061,0.5290000153,0,-0.02603333257,-0.02786666714,-0.9992725927,4.623810313,4.929999828,1
117,0,5966,22,-0.0138379778,-0.05455875548,-8,-0.9854829391,-2.343174532,-15.60160243,-0.9862457934,-2.345548554,-15.97043235,-0.002068261802,-0.006436484315,-0.9999771467,-0.0138379778,-0.05455875548,0.1214876899,0.2861525093,0.9504511995,-39.55222891,358.8409383,1,1,1,334,corsika_nwu_relative,-1.536999969,2.028000031,0,-0.01953333244,-0.02093333378,-0.9995900382,4.623810313,4.679999828,1
117,0,5982,16,0.02983358558,-0.01723108236,-8,0.2294589714,-1.454879434,-15.86888058,0.2299583673,-1.455176153,-16.00689415,0.003618423347,-0.002149903167,-0.9999911424,0.02983358558,-0.01723108236,-0.02494811305,0.179669602,0.9834106089,-38.66982924,959.4946379,1,1,1,338,corsika_nwu_relative,-1.375,0.5290000153,0,-0.018666666,-0.02800000086,-0.9994336174,4.613175625,4.699999809,1
117,0,6008,40,-0.002035694787,-0.08456032743,-8,-0.645431295,-3.110596543,-15.39429272,-0.6458417685,-3.116616635,-15.98063767,-0.0007000175858,-0.01026660698,-0.999947052,-0.002035694787,-0.08456032743,0.08027006739,0.3775284303,0.9225123309,-40.21948892,666.5984525,1,1,1,343,corsika_nwu_relative,-2.375,2.118999939,0,-0.02353333309,-0.02019999921,-0.9995189554,4.602565625,4.730000019,1
117,0,6019,40,-0.0121561308,-0.07835385633,-8,-0.7876559201,-2.900644618,-15.42856432,-0.7884660319,-2.905713799,-15.97636179,-0.001478787862,-0.00925334353,-0.9999560934,-0.0121561308,-0.07835385633,0.09712713807,0.3534765944,0.9303873474,-40.19431752,276.196379,1,1,1,345,corsika_nwu_relative,-2.121000061,2.136999969,0,-0.02226666734,-0.02003333345,-0.9995513299,4.602565625,4.730000019,1
117,0,6030,52,0.06326103742,-0.07097109153,-8,0.9323605591,-2.685550474,-15.45942083,0.9365296404,-2.690195573,-16.02807716,0.00733101889,-0.008168060604,-0.9999397677,0.06326103742,-0.07097109153,-0.1092931869,0.3287951565,0.9380558322,-40.17193076,321.9848333,1,1,1,347,corsika_nwu_relative,-2.797999878,0.535,0,-0.02573333308,-0.02820000052,-0.9992710121,4.602565625,4.739999771,1
117,0,6056,23,0.05697231996,-0.05653188839,-8,0.9315326805,-2.376561421,-15.59988408,0.9347512462,-2.379369647,-16.02802384,0.007517184462,-0.006558806296,-0.9999502358,0.05697231996,-0.05653188839,-0.1094007315,0.2902177361,0.9506866706,-39.56274813,421.9975168,1,1,1,352,corsika_nwu_relative,-2.528000031,0.3809999847,0,-0.02443333343,-0.02916666679,-0.9992758967,4.59198,4.769999981,1
117,0,6066,40,-0.02177528295,-0.06192509844,-8,-0.8474215058,-2.458896214,-15.50202187,-0.8484248532,-2.462207559,-15.97456422,-0.002123239356,-0.00700732273,-0.9999731943,-0.02177528295,-0.06192509844,0.1042639741,0.3026934872,0.947367762,-40.16197906,562.2409072,1,1,1,354,corsika_nwu_relative,-1.706999969,1.966999969,0,-0.01999999955,-0.0206000004,-0.999587735,4.59198,4.78000021,1
117,0,6083,34,0.05244650068,-0.03013666064,-8,0.6424849117,-1.847535513,-15.73033932,0.6442546999,-1.848561859,-16.01931475,0.006124201511,-0.003551581411,-0.9999749399,0.05244650068,-0.03013666064,-0.07409758358,0.2282306725,0.9707833477,-39.20226572,266.7094233,1,1,1,358,corsika_nwu_relative,-1.923000031,0.3670000076,0,-0.02113333344,-0.02946666628,-0.9993423326,4.58141875,4.78000021,1
117,0,6094,40,-0.01638500233,-0.06808745489,-8,-0.7409498294,-2.576999668,-15.48824847,-0.7418376952,-2.580757075,-15.97775971,-0.001813723804,-0.007675596623,-0.9999688973,-0.01638500233,-0.06808745489,0.09136384464,0.316360741,0.9442290662,-40.17944312,398.9624444,1,1,1,360,corsika_nwu_relative,-1.863000031,1.933999939,0,-0.02073333412,-0.0205333326,-0.9995741649,4.58141875,4.789999962,1
117,0,6119,23,0.05888912522,-0.05443706589,-8,0.8825536271,-2.330010914,-15.60975449,0.8857965924,-2.332601191,-16.02655618,0.007780209614,-0.006214343694,-0.9999504239,0.05888912522,-0.05443706589,-0.1031475909,0.2849703487,0.9529703431,-39.55427764,266.7219302,1,1,1,365,corsika_nwu_relative,-2.463000031,0.4,0,-0.0242666658,-0.02956666611,-0.9992682028,4.570881875,4.809999943,1
117,0,6130,23,0.0567853167,-0.04827070732,-8,0.8230401497,-2.193000631,-15.63284045,0.8259807346,-2.195091646,-16.0247629,0.007502658365,-0.005335053502,-0.9999576228,0.0567853167,-0.04827070732,-0.09619816091,0.2692564737,0.9582519842,-39.53772586,362.3358975,1,1,1,367,corsika_nwu_relative,-2.313999939,0.3829999924,0,-0.02336666733,-0.02976666577,-0.9992837157,4.570881875,4.820000172,1
117,0,6141,16,0.0302330332,-0.0177263905,-8,0.2070581095,-1.737932244,-15.84070046,0.2076723641,-1.738336627,-16.00622602,0.003710898686,-0.002443002132,-0.9999901304,0.0302330332,-0.0177263905,-0.02202293829,0.2142455592,0.9765315308,-38.66983961,730.3036783,1,1,1,369,corsika_nwu_relative,-1.608999939,0.69,0,-0.01896666735,-0.02793333307,-0.9994298347,4.560369063,4.829999924,1
117,0,6157,34,0.06285416891,-0.04145456865,-8,0.7744339251,-2.190447597,-15.68030797,0.7769943384,-2.192232207,-16.02329429,0.007464750545,-0.005202934073,-0.9999586026,0.06285416891,-0.04145456865,-0.08886998694,0.2683901288,0.9592022019,-39.23573619,327.7536081,1,1,1,373,corsika_nwu_relative,-2.286999969,0.4240000153,0,-0.0232333336,-0.02979999967,-0.9992858311,4.560369063,4.840000153,1
117,0,6169,40,-0.01183221621,-0.07607604952,-8,-0.6078192606,-2.704968065,-15.47221092,-0.6086693862,-2.709346592,-15.98175209,-0.001668350156,-0.00859274986,-0.9999616899,-0.01183221621,-0.07607604952,0.07502766272,0.3309461595,0.940662261,-40.20283397,356.5181239,1,1,1,375,corsika_nwu_relative,-2.041000061,1.883000031,0,-0.02160000056,-0.02019999921,-0.9995626043,4.549880625,4.849999905,1
117,0,6179,40,-0.01463948645,-0.0646621797,-8,-0.6203874149,-2.490320923,-15.50776177,-0.6212614246,-2.49370962,-15.98137458,-0.001845359408,-0.007154799129,-0.9999727014,-0.01463948645,-0.0646621797,0.07654996297,0.3065368914,0.9487756518,-40.18456685,466.9055621,1,1,1,377,corsika_nwu_relative,-1.848000031,1.786000061,0,-0.02026666701,-0.02076666616,-0.9995789152,4.549880625,4.860000134,1
117,0,6190,52,0.05487723625,-0.08691391721,-8,0.6738626361,-2.904235404,-15.43328899,0.6779974618,-2.910145694,-16.02032636,0.007043016051,-0.0100672364,-0.9999245205,0.05487723625,-0.08691391721,-0.07763183574,0.3533424842,0.9322673366,-40.16208106,644.0197895,1,1,1,379,corsika_nwu_relative,-2.858999939,0.8690000153,0,-0.02723333426,-0.0270000007,-0.9992644022,4.549880625,4.869999886,1
117,0,6201,28,0.0153701393,-0.0234425696,-8,-0.1043689317,-1.84972467,-15.7428625,-0.1039588296,-1.850388829,-15.99688331,0.001614435039,-0.00261457153,-0.9999952788,0.0153701393,-0.0234425696,0.01504972852,0.2295411981,0.9731825852,-39.20820791,832.0878761,1,1,1,381,corsika_nwu_relative,-1.55,1.015999985,0,-0.01806666702,-0.02603333257,-0.9994978045,4.549880625,4.840000153,1
117,0,6211,40,0.0007434805768,-0.09105656475,-8,-0.4176082585,-2.953615014,-15.43306389,-0.4179955916,-2.959456184,-15.98746849,-0.0006986079566,-0.01053534511,-0.9999442577,0.0007434805768,-0.09105656475,0.05245003443,0.3588876899,0.9319059072,-40.14367429,404.3691653,1,1,1,383,corsika_nwu_relative,-2.353000031,1.843000031,0,-0.02376666665,-0.02006666735,-0.9995161201,4.53941625,4.849999905,1
117,0,6222,34,0.04233392387,-0.02575395184,-8,0.3885274417,-1.931216258,-15.72858357,0.3900097781,-1.932050929,-16.01169249,0.005235828007,-0.002948177767,-0.999981947,0.04233392387,-0.02575395184,-0.04345050829,0.2391532524,0.9700091624,-39.26752672,382.1062593,1,1,1,386,corsika_nwu_relative,-1.868000031,0.6290000153,0,-0.02016666718,-0.02899999917,-0.9993759581,4.53941625,4.860000134,1
117,0,6232,52,0.04354001549,-0.09517117954,-8,0.4934781169,-3.000097191,-15.42183191,0.4970893169,-3.006669395,-16.01490274,0.006088499532,-0.01108076474,-0.9999200702,0.04354001549,-0.09517117954,-0.05636365083,0.3638994673,0.9297313142,-40.15077561,768.4460254,1,1,1,388,corsika_nwu_relative,-2.852000122,1.074000015,0,-0.02763333358,-0.02566666715,-0.9992885575,4.53941625,4.869999886,1
117,0,6243,52,0.06449085186,-0.06634483356,-8,0.7112637785,-2.51739902,-15.49946015,0.7153843614,-2.521231942,-16.02144722,0.007893573661,-0.007342516456,-0.9999418878,0.06449085186,-0.06634483356,-0.08170136563,0.3096209907,0.9473435116,-40.13531466,376.6232317,1,1,1,390,corsika_nwu_relative,-2.541000061,0.6419999695,0,-0.02529999986,-0.02910000086,-0.9992562734,4.528975938,4.880000114,1
117,0,6254,28,-0.01170948353,-0.04143393045,-8,-0.4567942812,-2.242536601,-15.68537877,-0.4572244778,-2.244084331,-15.98629241,-0.001429614113,-0.005143362687,-0.9999857509,-0.01170948353,-0.04143393045,0.05558871635,0.2749059789,0.9598628013,-39.29612038,984.3010663,1,1,1,392,corsika_nwu_relative,-1.713999939,1.518999939,0,-0.0187333338,-0.02213333361,-0.9995795005,4.528975938,4.889999866,1
117,0,6265,52,0.064107874,-0.06328830149,-8,0.6805994172,-2.468457875,-15.50872883,0.6846427582,-2.472017024,-16.02052559,0.007899848733,-0.006953838391,-0.9999446167,0.064107874,-0.06328830149,-0.07795207172,0.3041208807,0.9494387629,-40.12702684,762.3592129,1,1,1,394,corsika_nwu_relative,-2.483000031,0.6440000153,0,-0.02496666647,-0.02930000052,-0.9992588131,4.528975938,4.900000095,1
117,0,6276,34,0.04323699792,-0.02603597955,-8,0.3746775936,-2.007273247,-15.71938796,0.3762506967,-2.008152902,-16.01128,0.00538922902,-0.003013574726,-0.9999809371,0.04323699792,-0.02603597955,-0.04155228008,0.2483851613,0.9677697142,-39.26702068,390.0321078,1,1,1,396,corsika_nwu_relative,-1.926999969,0.6790000153,0,-0.02030000091,-0.02910000086,-0.9993703517,4.518559375,4.909999847,1
117,0,6287,46,0.001031538476,-0.09576446367,-8,-0.1898397032,-2.990906067,-15.45424071,-0.1895617378,-2.997153624,-15.99431694,0.0005146436653,-0.01156714208,-0.9999329659,0.001031538476,-0.09576446367,0.02386189162,0.3619379983,0.9318967193,-40.0198348,756.3958233,1,1,1,399,corsika_nwu_relative,-2.5,1.663999939,0,-0.02526666597,-0.0206000004,-0.9994684765,4.518559375,4.920000076,1
117,0,6297,28,-0.0127479605,-0.04396828029,-8,-0.4167964713,-2.317453216,-15.67560657,-0.4173049505,-2.319177601,-15.9874892,-0.001630327275,-0.005528864202,-0.9999833867,-0.0127479605,-0.04396828029,0.0504089135,0.283638975,0.9576052805,-39.30378934,379.9773801,1,1,1,401,corsika_nwu_relative,-1.798999939,1.521999969,0,-0.01896666735,-0.02176666632,-0.999583152,4.518559375,4.929999828,1
117,0,6308,28,-0.0005211673021,-0.02168263765,-8,-0.2487437574,-1.994692162,-15.72349423,-0.2487981597,-1.995356854,-15.99254103,-0.0002022031776,-0.002470537501,-0.9999969278,-0.0005211673021,-0.02168263765,0.03112359249,0.2473874129,0.9684166407,-39.19443157,315.5912338,1,1,1,403,corsika_nwu_relative,-1.603000031,1.214000015,0,-0.01703333296,-0.02453333326,-0.9995538911,4.508167188,4.71999979,1
117,0,6318,52,0.04779930577,-0.08496823963,-8,0.4596140376,-2.736977229,-15.47173785,0.463179892,-2.742143113,-16.01388613,0.006576826997,-0.009527905383,-0.9999329799,0.04779930577,-0.08496823963,-0.05187159115,0.334043237,0.9411293502,-40.22648449,309.4283848,1,1,1,405,corsika_nwu_relative,-2.606000061,0.9709999847,0,-0.02653333358,-0.02686666697,-0.9992868279,4.508167188,4.71999979,1
117,0,6329,46,0.04155237866,-0.09321488602,-8,0.2536203721,-2.88139047,-15.47412009,0.2561031128,-2.88729366,-16.00767797,0.004652844575,-0.0110630263,-0.9999279776,0.04155237866,-0.09321488602,-0.02657473474,0.3493927836,0.9365994161,-40.06127033,546.090738,1,1,1,407,corsika_nwu_relative,-2.627999878,1.223000031,0,-0.02690000087,-0.02443333343,-0.9993394829,4.508167188,4.730000019,1
117,0,6347,28,0.01024215629,-0.01702547082,-8,-0.1076396296,-1.985841442,-15.72623327,-0.107380667,-1.986349457,-15.99678073,0.0009571780105,-0.001877724809,-0.999997779,0.01024215629,-0.01702547082,0.01478325294,0.2469041699,0.9689271316,-39.2040231,568.6822503,1,1,1,411,corsika_nwu_relative,-1.666000061,1.086999969,0,-0.01710000075,-0.02583333291,-0.9995199992,4.497798438,4.75,1
117,0,6358,46,0.02958256528,-0.09646889819,-8,0.1240860732,-2.875714193,-15.4767308,0.1258962489,-2.881733701,-16.00377437,0.003434340227,-0.01142046117,-0.9999288867,0.02958256528,-0.09646889819,-0.01184680223,0.3484015574,0.9372705096,-40.04930572,857.5810406,1,1,1,413,corsika_nwu_relative,-2.558000031,1.333000031,0,-0.02659999952,-0.0231999997,-0.9993769059,4.497798438,4.760000229,1
117,0,6369,28,-0.01650740657,-0.05846308512,-8,-0.3780874372,-2.523021386,-15.64485722,-0.3788462199,-2.52563246,-15.98864219,-0.00220707443,-0.007594841762,-0.9999687231,-0.01650740657,-0.05846308512,0.0449701955,0.3065204359,0.9508011905,-39.2267692,430.2180156,1,1,1,415,corsika_nwu_relative,-1.996999969,1.591999969,0,-0.02046666667,-0.02023333311,-0.9995857781,4.497798438,4.760000229,1
117,0,6383,46,0.0344473271,-0.0960912539,-8,0.163664565,-2.830872447,-15.48463196,0.1657205046,-2.836760244,-16.0049683,0.003950890589,-0.01131455455,-0.9999281831,0.0344473271,-0.0960912539,-0.01621365005,0.3431491491,0.9391409793,-40.05186542,347.682093,1,1,1,418,corsika_nwu_relative,-2.538999939,1.275999985,0,-0.02676666714,-0.02370000072,-0.9993607234,4.48745375,4.78000021,1
117,0,6394,28,-0.01733992135,-0.04581145959,-8,-0.3477708549,-2.366477847,-15.66997225,-0.3485016298,-2.368329071,-15.98955192,-0.002286630627,-0.005792571943,-0.9999806085,-0.01733992135,-0.04581145959,0.04119998335,0.28935371,0.956335188,-39.21361263,302.3345714,1,1,1,420,corsika_nwu_relative,-1.876000061,1.486999969,0,-0.01886666752,-0.02106666751,-0.9996000422,4.48745375,4.78000021,1
117,0,6410,34,0.05710799132,-0.03566344206,-8,0.4015755132,-2.264438119,-15.68374416,0.4039276349,-2.265887813,-16.01210975,0.007162865108,-0.004414721171,-0.9999646012,0.05710799132,-0.03566344206,-0.04301611077,0.2783229544,0.9595238128,-39.28396323,271.0809005,1,1,1,423,corsika_nwu_relative,-2.163999939,0.7840000153,0,-0.0223999992,-0.0299333334,-0.9993008734,4.477133125,4.800000191,1
117,0,6421,34,0.01326963599,-0.01401386689,-8,0.0142549556,-2.05960457,-15.71712005,0.01485502549,-2.060044759,-16.00044535,0.002117946479,-0.001553648629,-0.9999965502,0.01326963599,-0.01401386689,-0.0001234174597,0.2562230616,0.9666176739,-39.21454552,725.3459437,1,1,1,425,corsika_nwu_relative,-1.791000061,1.018000031,0,-0.01740000024,-0.0270000007,-0.9994839868,4.477133125,4.800000191,1
117,0,6432,34,0.01229272699,-0.014400442,-8,0.008573183991,-2.083671854,-15.71395229,0.009146531764,-2.084135803,-16.00027421,0.002002451842,-0.001620370167,-0.9999966823,0.01229272699,-0.014400442,0.0004657186593,0.259090514,0.9658529332,-39.21439575,590.2390423,1,1,1,428,corsika_nwu_relative,-1.808999939,1.035,0,-0.01740000024,-0.02686666697,-0.9994875798,4.477133125,4.78000021,1
117,0,6443,46,-0.01499545548,-0.08317781433,-8,-0.2147469658,-2.632150329,-15.51905221,-0.2153889213,-2.636707625,-15.99354264,-0.001352873064,-0.009604158549,-0.9999529638,-0.01499545548,-0.08317781433,0.0251516956,0.3209536722,0.9467608634,-39.99157706,534.0090224,1,1,1,430,corsika_nwu_relative,-2.175,1.506000061,0,-0.02263333276,-0.01996666752,-0.9995444284,4.466835937,4.789999962,1
117,0,6453,46,0.005495013721,-0.09664681015,-8,-0.06171526682,-2.727996287,-15.50381987,-0.06130007852,-2.733564775,-15.99816222,0.0008398265094,-0.01126371908,-0.9999362096,0.005495013721,-0.09664681015,0.008451895074,0.3309001168,0.9436279342,-40.02371843,897.4790344,1,1,1,432,corsika_nwu_relative,-2.336000061,1.421000061,0,-0.02516666614,-0.02103333361,-0.9994619742,4.466835937,4.789999962,1
117,0,6464,28,0.01559328354,-0.0145152914,-8,-0.01745935142,-2.132272116,-15.70742168,-0.01702180762,-2.132763007,-15.99948969,0.001498084987,-0.001680737675,-0.9999974654,0.01559328354,-0.0145152914,0.004135123674,0.2649466946,0.9642541935,-39.21198277,660.0364906,1,1,1,434,corsika_nwu_relative,-1.838000031,1.081999969,0,-0.01720000058,-0.02639999986,-0.9995034767,4.466835937,4.800000191,1
117,0,6475,46,0.04529242991,-0.09328393521,-8,0.2003193475,-2.67593438,-15.51174492,0.2028930199,-2.681283748,-16.00608273,0.005205927678,-0.01082049937,-0.999927905,0.04529242991,-0.09328393521,-0.01951291457,0.3250728213,0.9454876557,-40.04793159,279.9958464,1,1,1,436,corsika_nwu_relative,-2.423000031,1.165999985,0,-0.0269666668,-0.02503333241,-0.9993228363,4.466835937,4.809999943,1
117,0,6485,28,-0.01710686495,-0.05652338009,-8,-0.2243410346,-2.465520066,-15.65697659,-0.2251465059,-2.467942309,-15.99325011,-0.00239521703,-0.007202986216,-0.9999711895,-0.01710686495,-0.05652338009,0.02580857351,0.3000121465,0.9535861941,-39.23764601,268.2049494,1,1,1,438,corsika_nwu_relative,-2.023999939,1.43,0,-0.02003333345,-0.02026666701,-0.9995938814,4.4565625,4.820000172,1
117,0,6497,28,-0.01508577995,-0.03932974489,-8,-0.1913190957,-2.34787101,-15.67547152,-0.1920071978,-2.349448475,-15.99424362,-0.002158570616,-0.004948494275,-0.9999854264,-0.01508577995,-0.03932974489,0.0219822816,0.2879535233,0.9573920554,-39.2212858,689.1807881,1,1,1,441,corsika_nwu_relative,-1.938000031,1.341999969,0,-0.01820000075,-0.02160000056,-0.9996010204,4.4565625,4.829999924,1
117,0,6509,46,0.05991593202,-0.07987554148,-8,0.2539231512,-2.553120014,-15.53168671,0.2572067747,-2.557475961,-16.00771106,0.006897562931,-0.009150081546,-0.9999343477,0.05991593202,-0.07987554148,-0.02446575258,0.311894514,0.9498016841,-40.0371645,325.6478342,1,1,1,443,corsika_nwu_relative,-2.343000031,1.056999969,0,-0.02636666596,-0.02733333409,-0.9992785837,4.4565625,4.840000153,1
117,0,6519,34,0.05917435413,-0.04641023136,-8,0.2729400431,-2.399342287,-15.6664659,0.2755309123,-2.401348039,-16.00826042,0.007579847136,-0.005868028872,-0.999954055,0.05917435413,-0.04641023136,-0.02664656106,0.2933003326,0.9556489291,-39.28077269,764.5495145,1,1,1,445,corsika_nwu_relative,-2.216999969,0.9630000305,0,-0.02386666648,-0.02956666611,-0.9992778365,4.446312813,4.849999905,1
117,0,6531,46,0.03509079165,-0.09813406676,-8,0.1133812702,-2.628227765,-15.52077207,0.115376443,-2.633713069,-16.00345899,0.004133169823,-0.01136327275,-0.9999268938,0.03509079165,-0.09813406676,-0.009866060396,0.3188389917,0.9477575419,-40.04076644,465.594759,1,1,1,447,corsika_nwu_relative,-2.338000031,1.218000031,0,-0.02690000087,-0.02383333258,-0.9993539724,4.446312813,4.849999905,1
117,0,6542,46,0.004734124512,-0.09698020577,-8,-0.02354988469,-2.602290788,-15.52553717,-0.02323833355,-2.607604412,-15.99930331,0.0006575638068,-0.0112150018,-0.9999368937,0.004734124512,-0.09698020577,0.003565967349,0.315862425,0.9487982991,-40.02327446,704.6157403,1,1,1,450,corsika_nwu_relative,-2.246000061,1.325,0,-0.02503333241,-0.02089999989,-0.9994681197,4.446312813,4.860000134,1
117,0,6553,34,0.05363499804,-0.03155342466,-8,0.2002964658,-2.341721124,-15.67627731,0.2025912671,-2.343038375,-16.00607369,0.006958012878,-0.003994007131,-0.9999678165,0.05363499804,-0.03155342466,-0.0182921971,0.2881332332,0.9574156023,-39.25592907,387.1058517,1,1,1,452,corsika_nwu_relative,-2.13,0.9969999695,0,-0.02193333395,-0.02996666729,-0.999310226,4.436086563,4.860000134,1
117,0,6569,46,0.04242391698,-0.09468525896,-8,0.1218395482,-2.559927073,-15.53213646,0.1242130772,-2.565077454,-16.00372391,0.005032698498,-0.01092058121,-0.9999277038,0.04242391698,-0.09468525896,-0.01002000815,0.3110438422,0.9503427422,-40.03585464,379.8495686,1,1,1,455,corsika_nwu_relative,-2.283000031,1.175999985,0,-0.0269666668,-0.02483333275,-0.9993278263,4.436086563,4.869999886,1
117,0,6584,46,0.03791942502,-0.09683544954,-8,0.09847263889,-2.546933181,-15.53443913,0.1005931904,-2.55217004,-16.00301578,0.004525187864,-0.01117528695,-0.9999273152,0.03791942502,-0.09683544954,-0.007642683042,0.3092374325,0.9509541523,-40.0347323,362.5494529,1,1,1,458,corsika_nwu_relative,-2.26,1.19,0,-0.02693333291,-0.0242666658,-0.9993426462,4.42588375,4.880000114,1
117,0,6595,34,0.05196936487,-0.02909723754,-8,0.1452781941,-2.364400412,-15.67349015,0.1475311736,-2.365636242,-16.00442298,0.006807760636,-0.003734269402,-0.9999698544,0.05196936487,-0.02909723754,-0.01163231134,0.2911297228,0.9566128652,-39.24699409,279.6811102,1,1,1,460,corsika_nwu_relative,-2.121999969,1.055999985,0,-0.0216333326,-0.02996666729,-0.9993167655,4.42588375,4.889999866,1
117,0,6611,46,0.001025812902,-0.09498249922,-8,0.004138046327,-2.508175114,-15.54106234,0.004192414721,-2.513201659,-16.00012569,0.0001184262145,-0.01094891166,-0.9999400519,0.001025812902,-0.09498249922,-0.000393069291,0.3047817372,0.9524221428,-40.02051591,317.7060175,1,1,1,463,corsika_nwu_relative,-2.178000031,1.254000015,0,-0.02453333326,-0.0205666665,-0.9994874325,4.42588375,4.900000095,1
117,0,6621,46,0.02770370257,-0.0997133841,-8,0.06066252085,-2.504389444,-15.54155814,0.06219801159,-2.509690736,-16.0018647,0.003335560501,-0.01151604281,-0.9999281248,0.02770370257,-0.0997133841,-0.004163716072,0.3037848103,0.9527315742,-40.03152334,335.5434269,1,1,1,465,corsika_nwu_relative,-2.203999939,1.201999969,0,-0.02663333341,-0.02306666598,-0.9993791045,4.415704375,4.909999847,1
117,0,6633,46,-0.007808377394,-0.02857516039,-8,0.00923421686,-2.387973578,-15.56003008,0.008789322676,-2.389266807,-16.0002635,-0.00101058214,-0.002937586407,-0.9999951746,-0.007808377394,-0.02857516039,-0.002151933518,0.2979164123,0.9545895351,-39.95130774,289.5988925,1,1,1,468,corsika_nwu_relative,-2.073000031,1.188000031,0,-0.01703333296,-0.02360000089,-0.999576363,4.415704375,4.920000076,1
117,0,6643,46,-0.007266282876,-0.02804175247,-8,0.0196821509,-2.39811488,-15.55845622,0.01925349873,-2.399386146,-16.00057722,-0.0009695314269,-0.00287536761,-0.9999953961,-0.007266282876,-0.02804175247,-0.003401988005,0.2991995905,0.9541844851,-39.95189154,315.4395803,1,1,1,470,corsika_nwu_relative,-2.086999969,1.184000015,0,-0.01700000092,-0.02366666682,-0.9995753543,4.415704375,4.929999828,1
117,0,6654,46,0.04566112932,-0.02440056311,-8,0.06429019151,-2.406627459,-15.55701955,0.06677910301,-2.407710448,-16.00200204,0.005593175652,-0.002433734304,-0.9999813965,0.04566112932,-0.02440056311,-0.002351077037,0.3006484649,0.9537321285,-39.95394954,514.7074752,1,1,1,472,corsika_nwu_relative,-2.118000031,1.146999969,0,-0.01989999972,-0.02956666611,-0.9993646993,4.40554875,4.929999828,1
117,0,6665,46,0.01502470992,-0.09983803078,-8,0.04756510168,-2.43858745,-15.55208765,0.0483595618,-2.443771719,-16.00144982,0.001767852448,-0.01153616487,-0.9999318935,0.01502470992,-0.09983803078,-0.004115910938,0.2958195582,0.9552349702,-40.0274372,431.3994118,1,1,1,474,corsika_nwu_relative,-2.14,1.180999985,0,-0.02586666681,-0.02170000039,-0.9994298502,4.40554875,4.940000057,1
117,0,6677,46,-0.01895395219,-0.06074518999,-8,0.05314785804,-2.427054987,-15.55387848,0.05201170557,-2.430109733,-16.00155931,-0.002537795402,-0.00682331109,-0.9999735007,-0.01895395219,-0.06074518999,-0.009108171893,0.2989211548,0.9542343446,-39.98785262,280.852927,1,1,1,477,corsika_nwu_relative,-2.13,1.170999985,0,-0.01963333413,-0.02033333294,-0.9996004641,4.40554875,3.349999905,1
117,0,6690,46,0.02727543452,-0.0159584893,-8,0.04576710792,-2.447223129,-15.550733,0.04726390753,-2.447870356,-16.00141697,0.003321151604,-0.001436091095,-0.9999934538,0.02727543452,-0.0159584893,-0.002331120618,0.3064931446,0.9518700112,-39.94327488,293.3060282,1,1,1,480,corsika_nwu_relative,-2.143000031,1.184000015,0,-0.0178999994,-0.02810000069,-0.9994448359,4.40554875,3.349999905,1
