event_id,shower_event_id,array_id,telescope_id,source_bunch_index,source_coordinate_frame,input_x_m,input_y_m,input_z_m,input_dir_x,input_dir_y,input_dir_z,time_ns,emission_altitude_km,multiplicity,wavelength_nm,eventio_2d
117,1,17,0,0,corsika_nwu_relative,1.968000031,1.240999985,0,-0.01820000075,-0.0251333341,-0.9995184218,-65.19999695,5.902010625,4.349999905,266.4242456,1
117,1,17,0,1,corsika_nwu_relative,3.202999878,-1.385,0,-0.01740000024,-0.02693333291,-0.9994857856,-65,5.861381875,4.139999866,372.1588397,1
117,1,17,0,2,corsika_nwu_relative,1.856000061,0.5570000076,0,-0.01833333261,-0.02559999935,-0.9995041415,-65.09999847,5.861381875,4.25,563.5149343,1
117,1,17,0,3,corsika_nwu_relative,0.1910000038,-0.3129999924,0,-0.0195000004,-0.0262000002,-0.9994665127,-64.90000153,5.847900625,4.340000153,721.9250897,1
117,1,17,0,4,corsika_nwu_relative,-0.1189999962,-0.02700000048,0,-0.01973333396,-0.02603333257,-0.9994662881,-64.90000153,5.83445125,4.559999943,413.6710259,1
117,1,17,0,5,corsika_nwu_relative,-0.7580000305,1.321999969,0,-0.02019999921,-0.0251000002,-0.9994808402,-65,5.821031875,4.769999981,318.1187072,1
117,1,17,0,6,corsika_nwu_relative,-0.765,2.501000061,0,-0.02019999921,-0.0242666658,-0.9995014202,-65.09999847,5.821031875,4.880000114,473.5308482,1
117,1,17,0,7,corsika_nwu_relative,3.572999878,-0.9930000305,0,-0.01713333279,-0.02673333324,-0.9994957618,-65.09999847,5.807644375,4.300000191,283.8432461,1
117,1,17,0,8,corsika_nwu_relative,-0.3940000153,0.2360000038,0,-0.01999999955,-0.02590000071,-0.9994644516,-64.90000153,5.780960625,4.53000021,312.6683205,1
117,1,17,0,9,corsika_nwu_relative,-3.591000061,-0.6129999924,0,-0.02236666717,-0.02653333358,-0.9993976758,-64.59999847,5.767664375,4.199999809,394.602691,1
117,1,17,0,10,corsika_nwu_relative,1.858999939,2.892000122,0,-0.01833333261,-0.02393333241,-0.9995454389,-65.30000305,5.754399375,4.320000172,322.0106274,1
117,1,17,0,11,corsika_nwu_relative,-3.188999939,-0.9969999695,0,-0.02209999971,-0.02683333308,-0.9993955985,-64.59999847,5.741164375,4.440000057,262.9326476,1
117,1,17,0,12,corsika_nwu_relative,2.068999939,1.361999969,0,-0.01813333295,-0.0251000002,-0.9995204711,-65.19999695,5.72796,4.5,570.2233426,1
117,1,17,0,13,corsika_nwu_relative,-2.79,-1.166999969,0,-0.02180000022,-0.0270000007,-0.9993976986,-64.59999847,5.72796,4.059999943,340.8704795,1
117,1,17,0,14,corsika_nwu_relative,1.8,3.247000122,0,-0.01833333261,-0.02366666682,-0.9995517885,-65.30000305,5.71478625,4.110000134,439.7589434,1
117,1,17,0,15,corsika_nwu_relative,1.373000031,-0.2729999924,0,-0.01863333397,-0.02633333392,-0.9994795418,-65,5.71478625,4.150000095,570.2926518,1
117,1,17,0,16,corsika_nwu_relative,2.09,2.286999969,0,-0.01806666702,-0.02439999953,-0.9995390115,-65.30000305,5.71478625,4.199999809,312.1847506,1
117,1,17,0,17,corsika_nwu_relative,0.6669999695,-0.9480000305,0,-0.01916666701,-0.02686666697,-0.9994552622,-64.90000153,5.7016425,4.239999771,501.6787924,1
117,1,17,0,18,corsika_nwu_relative,2.091999969,2.415,0,-0.01803333312,-0.0242666658,-0.9995428594,-65.30000305,5.688529375,4.380000114,927.1290033,1
117,1,17,0,19,corsika_nwu_relative,2.788999939,1.346999969,0,-0.01746666618,-0.0251333341,-0.9995315058,-65.19999695,5.67544625,4.489999771,517.6455824,1
117,1,17,0,20,corsika_nwu_relative,0.06300000191,-0.4679999924,0,-0.01960000023,-0.02656666748,-0.9994548775,-64.90000153,5.662393125,4.579999924,386.1618088,1
117,1,17,0,21,corsika_nwu_relative,-0.2189999962,-0.485,0,-0.01983333379,-0.02659999952,-0.9994493879,-64.90000153,5.662393125,4.630000114,286.0432852,1
117,1,17,0,22,corsika_nwu_relative,-3.491000061,1.838999939,0,-0.022466667,-0.02473333292,-0.9994415997,-64.80000305,5.64937,4.71999979,355.4527313,1
117,1,17,0,23,corsika_nwu_relative,-3.227999878,1.293999939,0,-0.02233333327,-0.02523333393,-0.9994320893,-64.80000305,5.61048,4.570000172,501.0796155,1
117,1,17,0,24,corsika_nwu_relative,2.812999878,1.951999969,0,-0.01726666652,-0.02470000088,-0.9995457829,-65.30000305,5.59757625,4.690000057,552.7650582,1
117,1,17,0,25,corsika_nwu_relative,2.606000061,1.265999985,0,-0.01743333414,-0.02529999986,-0.999527883,-65.19999695,5.584701875,4.800000191,864.0315928,1
117,1,17,0,26,corsika_nwu_relative,0.87,-0.5359999847,0,-0.01889999956,-0.02683333308,-0.999461236,-64.90000153,5.5718575,4.840000153,987.292116,1
117,1,17,0,27,corsika_nwu_relative,2.877000122,2.558999939,0,-0.01716666669,-0.02419999987,-0.9995597359,-65.30000305,5.5718575,4.869999886,627.0929431,1
117,1,17,0,28,corsika_nwu_relative,-1.313000031,-0.7819999695,0,-0.02076666616,-0.02706666663,-0.9994179011,-64.80000305,5.5718575,4.909999847,473.2209391,1
117,1,17,0,29,corsika_nwu_relative,-2.093000031,-0.5159999847,0,-0.02143333293,-0.02683333308,-0.9994101183,-64.69999695,5.5590425,4.940000057,681.4563387,1
117,1,17,0,30,corsika_nwu_relative,2.316999969,0.8169999695,0,-0.0175999999,-0.02573333308,-0.9995138996,-65.09999847,5.546256875,4.599999905,324.84336,1
117,1,17,0,31,corsika_nwu_relative,1.153000031,0.3979999924,0,-0.01856666617,-0.02613333426,-0.9994860318,-65,5.508076875,4.409999847,416.7082867,1
117,1,17,0,32,corsika_nwu_relative,-3.365,1.35,0,-0.02266666666,-0.02529999986,-0.9994228996,-64.80000305,5.508076875,4.449999809,293.8571915,1
117,1,17,0,33,corsika_nwu_relative,-0.5459999847,-0.06300000191,0,-0.02009999938,-0.02659999952,-0.9994440605,-64.90000153,5.49540875,4.480000019,370.1715303,1
117,1,17,0,34,corsika_nwu_relative,2.82,2.812000122,0,-0.01703333296,-0.02396666631,-0.9995676388,-65.30000305,5.49540875,4.5,292.9205762,1
117,1,17,0,35,corsika_nwu_relative,0.135,0.025,0,-0.0194666665,-0.02656666748,-0.9994574834,-64.90000153,5.482769375,4.619999886,292.3001091,1
117,1,17,0,36,corsika_nwu_relative,-3.032999878,1.064000015,0,-0.0224333331,-0.02563333325,-0.9994196705,-64.80000305,5.470159375,4.650000095,421.2797533,1
117,1,17,0,37,corsika_nwu_relative,2.363999939,1.736000061,0,-0.01733333245,-0.02503333241,-0.9995363364,-65.19999695,5.45757875,4.760000229,504.1544707,1
117,1,17,0,38,corsika_nwu_relative,2.061999969,1.316000061,0,-0.0175999999,-0.02543333359,-0.9995215783,-65.19999695,5.44502625,4.829999924,406.1718249,1
117,1,17,0,39,corsika_nwu_relative,-0.155,3.133999939,0,-0.01970000006,-0.02370000072,-0.9995249972,-65.19999695,5.42000875,4.550000191,772.9103196,1
117,1,17,0,40,corsika_nwu_relative,0.4190000153,-0.22,0,-0.01913333312,-0.0269666668,-0.9994532077,-64.90000153,5.42000875,4.610000134,872.4561373,1
117,1,17,0,41,corsika_nwu_relative,-1.36,-2.113000031,0,-0.02086666599,-0.0288666673,-0.9993654476,-64.59999847,5.407543125,4.690000057,292.1068711,1
117,1,17,0,42,corsika_nwu_relative,0.02299999952,2.847999878,0,-0.0194666665,-0.02390000038,-0.9995248065,-65.19999695,5.39510625,4.730000019,581.2518423,1
117,1,17,0,43,corsika_nwu_relative,-1.353000031,-2.093999939,0,-0.02083333395,-0.02889999934,-0.9993651796,-64.59999847,5.39510625,4.760000229,341.7112565,1
117,1,17,0,44,corsika_nwu_relative,-1.383999939,-2.013999939,0,-0.02083333395,-0.0288666673,-0.999366143,-64.59999847,5.370318125,4.820000172,406.2775381,1
117,1,17,0,45,corsika_nwu_relative,-0.7680000305,3.69,0,-0.02019999921,-0.02300000004,-0.9995313702,-65.19999695,5.370318125,4.860000134,420.7392784,1
117,1,17,0,46,corsika_nwu_relative,-0.4770000076,-1.39,0,-0.01986666583,-0.02826666646,-0.9994029774,-64.80000305,5.370318125,4.880000114,332.1636502,1
117,1,17,0,47,corsika_nwu_relative,-1.533999939,-2.053999939,0,-0.02096666582,-0.02896666713,-0.9993604611,-64.59999847,5.357966875,4.920000076,399.5868084,1
117,1,17,0,48,corsika_nwu_relative,-1.573999939,-2.485,0,-0.02099999972,-0.02946666628,-0.9993451434,-64.59999847,5.34564375,4.619999886,510.0263673,1
117,1,17,0,49,corsika_nwu_relative,-1.583999939,-2.481999969,0,-0.02099999972,-0.02946666628,-0.9993451434,-64.59999847,5.34564375,4.630000114,503.5992875,1
117,1,17,0,50,corsika_nwu_relative,0.9619999695,-0.8119999695,0,-0.01826666668,-0.02769999951,-0.9994493679,-64.90000153,5.33334875,4.679999828,629.3238691,1
117,1,17,0,51,corsika_nwu_relative,-1.255999985,-2.416000061,0,-0.02066666633,-0.02943333425,-0.9993530746,-64.59999847,5.33334875,4.699999809,273.5494863,1
117,1,17,0,52,corsika_nwu_relative,1.325,1.358000031,0,-0.01786666736,-0.02539999969,-0.9995176948,-65.09999847,5.33334875,4.710000038,609.1684981,1
117,1,17,0,53,corsika_nwu_relative,1.32,0.2870000076,0,-0.01783333346,-0.02653333358,-0.9994888466,-65,5.3210825,4.760000229,529.5479057,1
117,1,17,0,54,corsika_nwu_relative,1.028000031,-0.6059999847,0,-0.01813333295,-0.02753333375,-0.9994564011,-64.90000153,5.308844375,4.809999943,537.5744864,1
117,1,17,0,55,corsika_nwu_relative,0.8190000153,2.556999969,0,-0.01833333261,-0.02403333411,-0.9995430395,-65.19999695,5.308844375,4.829999924,582.7958792,1
117,1,17,0,56,corsika_nwu_relative,0.1160000038,-1.666999969,0,-0.01909999922,-0.02869999968,-0.9994055734,-64.80000305,5.308844375,4.480000019,369.1336475,1
117,1,17,0,57,corsika_nwu_relative,0.695,2.747999878,0,-0.01843333244,-0.02380000055,-0.9995467834,-65.19999695,5.296634375,4.550000191,900.7184306,1
117,1,17,0,58,corsika_nwu_relative,-2.378999939,-2.308000031,0,-0.02190000005,-0.02950000018,-0.9993248421,-64.5,5.2844525,4.570000172,739.8404123,1
117,1,17,0,59,corsika_nwu_relative,-0.8469999695,3.878999939,0,-0.02016666718,-0.02250000089,-0.9995434235,-65.19999695,5.2844525,4.579999924,314.6157538,1
117,1,17,0,60,corsika_nwu_relative,0.2310000038,3.226000061,0,-0.01889999956,-0.0232333336,-0.9995514005,-65.19999695,5.2844525,4.619999886,921.9792128,1
117,1,17,0,61,corsika_nwu_relative,0.5229999924,2.896000061,0,-0.01853333414,-0.02356666699,-0.9995504628,-65.19999695,5.27229875,4.679999828,807.0904821,1
117,1,17,0,62,corsika_nwu_relative,0.8430000305,0.6059999847,0,-0.01816666685,-0.0262000002,-0.9994916369,-65,5.2601725,4.690000057,314.9652594,1
117,1,17,0,63,corsika_nwu_relative,0.8569999695,0.2039999962,0,-0.01810000092,-0.02666666731,-0.9994805045,-65,5.2601725,4.71999979,322.0368178,1
117,1,17,0,64,corsika_nwu_relative,-1.331000061,-2.781000061,0,-0.02066666633,-0.03016666695,-0.9993312069,-64.59999847,5.2601725,4.730000019,345.161071,1
117,1,17,0,65,corsika_nwu_relative,-1.658000031,3.276000061,0,-0.02106666751,-0.02306666598,-0.9995119431,-65.09999847,5.248074375,4.739999771,396.8786568,1
117,1,17,0,66,corsika_nwu_relative,-1.741000061,3.287000122,0,-0.02116666734,-0.02303333394,-0.9995105991,-65.09999847,5.248074375,4.760000229,483.9844415,1
117,1,17,0,67,corsika_nwu_relative,-0.8069999695,2.957000122,0,-0.02003333345,-0.02339999937,-0.9995254402,-65.09999847,5.248074375,4.769999981,877.4546032,1
117,1,17,0,68,corsika_nwu_relative,-0.4420000076,-2.298000031,0,-0.01960000023,-0.02966666594,-0.9993676645,-64.69999695,5.248074375,4.800000191,678.4248592,1
117,1,17,0,69,corsika_nwu_relative,0.6020000076,1.306999969,0,-0.01830000058,-0.02533333376,-0.9995115468,-65.09999847,5.236004375,4.860000134,778.4352887,1
117,1,17,0,70,corsika_nwu_relative,-2.268999939,3.291000061,0,-0.02176666632,-0.02293333411,-0.9995000122,-65,5.223961875,4.869999886,359.1741,1
117,1,17,0,71,corsika_nwu_relative,-1.586000061,-2.731000061,0,-0.02093333378,-0.03023333289,-0.9993236418,-64.59999847,5.223961875,4.539999962,462.4466706,1
117,1,17,0,72,corsika_nwu_relative,0.2229999924,-1.495,0,-0.0187333338,-0.02876666747,-0.9994105968,-64.80000305,5.223961875,4.559999943,939.6053588,1
117,1,17,0,73,corsika_nwu_relative,-1.593999939,3.247999878,0,-0.02093333378,-0.02293333411,-0.9995178126,-65.09999847,5.223961875,4.570000172,456.2314358,1
117,1,17,0,74,corsika_nwu_relative,-2.827000122,-2.732999878,0,-0.022466667,-0.03030000068,-0.9992883262,-64.5,5.211947188,4.610000134,369.7656824,1
117,1,17,0,75,corsika_nwu_relative,-0.8490000153,-2.411999969,0,-0.01999999955,-0.0299333334,-0.9993517877,-64.59999847,5.211947188,4.619999886,447.9440456,1
117,1,17,0,76,corsika_nwu_relative,-2,-2.756000061,0,-0.02143333293,-0.03036666662,-0.9993090002,-64.5,5.211947188,4.630000114,567.9719715,1
117,1,17,0,77,corsika_nwu_relative,-2.456000061,-2.748999939,0,-0.02199999988,-0.03040000051,-0.9992956719,-64.5,5.19996,4.670000076,392.5097552,1
117,1,17,0,78,corsika_nwu_relative,-1.190999985,-2.54,0,-0.02040000074,-0.03013333306,-0.9993376918,-64.59999847,5.19996,4.679999828,655.0589942,1
117,1,17,0,79,corsika_nwu_relative,-0.7590000153,2.856000061,0,-0.01986666583,-0.02333333343,-0.9995303253,-65.09999847,5.188000313,4.690000057,738.1178333,1
117,1,17,0,80,corsika_nwu_relative,-1.276999969,3.092999878,0,-0.02050000057,-0.02300000004,-0.9995252623,-65.09999847,5.188000313,4.710000038,260.5267391,1
117,1,17,0,81,corsika_nwu_relative,-1.928999939,-2.708999939,0,-0.0213333331,-0.03040000051,-0.9993101265,-64.5,5.188000313,4.71999979,273.2957457,1
117,1,17,0,82,corsika_nwu_relative,0.5229999924,1.39,0,-0.01820000075,-0.02516666614,-0.9995175831,-65.09999847,5.188000313,4.710000038,552.3710866,1
117,1,17,0,83,corsika_nwu_relative,-1.388000031,-3.273999939,0,-0.02063333243,-0.03113333322,-0.9993022471,-64.5,5.176068438,4.730000019,343.6641533,1
117,1,17,0,84,corsika_nwu_relative,0.9290000153,-1.164000015,0,-0.0176333338,-0.02843333408,-0.9994401488,-64.90000153,5.176068438,4.769999981,765.7197336,1
117,1,17,0,85,corsika_nwu_relative,0.61,1.195,0,-0.01803333312,-0.0253666658,-0.9995155482,-65.09999847,5.176068438,4.78000021,418.5998024,1
117,1,17,0,86,corsika_nwu_relative,0.9409999847,0.395,0,-0.0175999999,-0.02639999986,-0.9994965133,-65,5.16416375,4.789999962,915.9500085,1
117,1,17,0,87,corsika_nwu_relative,0.11,-2.476999969,0,-0.018666666,-0.03016666695,-0.9993705658,-64.69999695,5.16416375,4.809999943,307.8097985,1
117,1,17,0,88,corsika_nwu_relative,1.000999985,-0.1039999962,0,-0.01746666618,-0.02706666663,-0.9994810209,-65,5.16416375,4.840000153,337.5623725,1
117,1,17,0,89,corsika_nwu_relative,-2.675,2.476999969,0,-0.02233333327,-0.02363333292,-0.9994712041,-65,5.152286563,4.849999905,473.6655484,1
117,1,17,0,90,corsika_nwu_relative,0.4209999847,-2.081999969,0,-0.01820000075,-0.02969999984,-0.9993931509,-64.80000305,5.152286563,4.869999886,278.5609658,1
117,1,17,0,91,corsika_nwu_relative,0.4559999847,-2.013000031,0,-0.01813333295,-0.02960000001,-0.9993973295,-64.80000305,5.152286563,4.889999866,573.8920821,1
117,1,17,0,92,corsika_nwu_relative,-3.175,2.311999969,0,-0.02303333394,-0.02380000055,-0.9994513622,-64.90000153,5.140436563,4.579999924,328.5336259,1
117,1,17,0,93,corsika_nwu_relative,0.9659999847,-0.295,0,-0.01743333414,-0.02730000019,-0.9994752567,-65,5.140436563,4.590000153,937.4790619,1
117,1,17,0,94,corsika_nwu_relative,-1.803999939,-3.167000122,0,-0.02116666734,-0.03119999915,-0.9992890134,-64.5,5.140436563,4.599999905,483.8793862,1
117,1,17,0,95,corsika_nwu_relative,-0.5970000076,2.255,0,-0.01953333244,-0.02383333258,-0.9995250978,-65.09999847,5.140436563,4.619999886,563.4569264,1
117,1,17,0,96,corsika_nwu_relative,0.9430000305,-0.2889999962,0,-0.01740000024,-0.02730000019,-0.9994758376,-65,5.12861375,4.630000114,669.5115298,1
117,1,17,0,97,corsika_nwu_relative,-1.688000031,-3.136000061,0,-0.02099999972,-0.03119999915,-0.9992925298,-64.5,5.12861375,4.650000095,659.7524336,1
117,1,17,0,98,corsika_nwu_relative,-1.841999969,-3.138999939,0,-0.02119999938,-0.03123333305,-0.9992872655,-64.5,5.12861375,4.659999847,290.2002411,1
117,1,17,0,99,corsika_nwu_relative,0.85,0.3620000076,0,-0.01750000007,-0.02639999986,-0.9994982691,-65,5.12861375,4.670000076,681.7028341,1
117,1,17,0,100,corsika_nwu_relative,-1.845,-3.121000061,0,-0.02123333327,-0.03123333305,-0.9992865577,-64.5,5.116818438,4.690000057,374.9324044,1
117,1,17,0,101,corsika_nwu_relative,0.8759999847,0.1319999981,0,-0.01743333414,-0.02673333324,-0.9994905741,-65,5.116818438,4.699999809,872.5276004,1
117,1,17,0,102,corsika_nwu_relative,-1.605,2.511999969,0,-0.02089999989,-0.02336666733,-0.9995084736,-65,5.116818438,4.710000038,749.4264752,1
117,1,17,0,103,corsika_nwu_relative,-0.37,-2.638999939,0,-0.01913333312,-0.03060000017,-0.9993485656,-64.69999695,5.116818438,4.71999979,471.1782376,1
117,1,17,0,104,corsika_nwu_relative,0.885,-0.4440000153,0,-0.01736666635,-0.02753333375,-0.9994700168,-64.90000153,5.116818438,4.730000019,356.2165685,1
117,1,17,0,105,corsika_nwu_relative,1.495,-1.046999969,0,-0.01646666601,-0.02840000018,-0.9994609992,-64.90000153,5.10505,4.730000019,265.7570416,1
117,1,17,0,106,corsika_nwu_relative,-3.508999939,1.338999939,0,-0.02360000089,-0.02500000037,-0.9994088452,-64.80000305,5.10505,4.739999771,524.9443285,1
117,1,17,0,107,corsika_nwu_relative,-3.052999878,-2.183000031,0,-0.02296666615,-0.02999999933,-0.9992860113,-64.5,5.10505,4.75,372.3363425,1
117,1,17,0,108,corsika_nwu_relative,-3.831000061,0.575,0,-0.02406666614,-0.02606666647,-0.9993704641,-64.69999695,5.10505,4.760000229,287.5744991,1
117,1,17,0,109,corsika_nwu_relative,-3.387000122,1.485,0,-0.02346666716,-0.02476666681,-0.9994177944,-64.80000305,5.09330875,4.769999981,444.9460996,1
117,1,17,0,110,corsika_nwu_relative,-2.375,2.328000031,0,-0.02199999988,-0.02353333309,-0.9994809564,-65,5.09330875,4.78000021,699.5488515,1
117,1,17,0,111,corsika_nwu_relative,-3.796000061,0.6320000076,0,-0.02406666614,-0.02596666664,-0.9993730674,-64.69999695,5.09330875,4.789999962,297.9957724,1
117,1,17,0,112,corsika_nwu_relative,0.065,-2.617999878,0,-0.01846666634,-0.0307,-0.9993580401,-64.69999695,5.09330875,4.800000191,308.7736923,1
117,1,17,0,113,corsika_nwu_relative,1.328000031,-1.326999969,0,-0.01663333364,-0.0288333334,-0.999445832,-64.90000153,5.09330875,4.809999943,501.8059421,1
117,1,17,0,114,corsika_nwu_relative,-2.058000031,-2.736000061,0,-0.02156666666,-0.03089999966,-0.9992897823,-64.5,5.081594375,4.820000172,655.7407974,1
117,1,17,0,115,corsika_nwu_relative,-3.076000061,1.788999939,0,-0.02306666598,-0.0242666658,-0.9994393718,-64.90000153,5.081594375,4.829999924,692.8943089,1
117,1,17,0,116,corsika_nwu_relative,-1.225999985,-2.876000061,0,-0.02033333294,-0.03113333322,-0.9993083964,-64.59999847,5.081594375,4.840000153,316.3608163,1
117,1,17,0,117,corsika_nwu_relative,-2.551000061,-2.483999939,0,-0.02229999937,-0.03056666628,-0.9992839381,-64.5,5.081594375,4.849999905,496.2471645,1
117,1,17,0,118,corsika_nwu_relative,-0.9790000153,2.558000031,0,-0.01996666752,-0.02309999987,-0.9995337524,-65.09999847,5.081594375,4.860000134,842.4099086,1
117,1,17,0,119,corsika_nwu_relative,0.2489999962,-2.466999969,0,-0.01816666685,-0.03056666628,-0.9993676256,-64.69999695,5.069907188,4.869999886,539.684416,1
117,1,17,0,120,corsika_nwu_relative,-0.5320000076,-2.778999939,0,-0.01930000074,-0.03103333339,-0.999331998,-64.59999847,5.069907188,4.880000114,280.3398179,1
117,1,17,0,121,corsika_nwu_relative,0.9430000305,-1.843999939,0,-0.01710000075,-0.02963333391,-0.9994145564,-64.80000305,5.069907188,4.889999866,552.2699102,1
117,1,17,0,122,corsika_nwu_relative,-1.026999969,-2.788999939,0,-0.02003333345,-0.03106666729,-0.9993165303,-64.59999847,5.069907188,4.590000153,292.4248783,1
117,1,17,0,123,corsika_nwu_relative,-2.005,2.438999939,0,-0.02153333277,-0.0231999997,-0.9994989123,-65,5.069907188,4.599999905,573.7792317,1
117,1,17,0,124,corsika_nwu_relative,-2.772000122,2.026000061,0,-0.02270000055,-0.02380000055,-0.9994589886,-64.90000153,5.069907188,4.610000134,377.1966813,1
117,1,17,0,125,corsika_nwu_relative,-0.9459999847,2.558000031,0,-0.01993333362,-0.02300000004,-0.9995367238,-65.09999847,5.058246563,4.619999886,919.2096535,1
117,1,17,0,126,corsika_nwu_relative,-1.563000031,2.528000031,0,-0.02086666599,-0.02303333394,-0.9995169072,-65,5.058246563,4.630000114,335.4722296,1
117,1,17,0,127,corsika_nwu_relative,-3.781000061,0.2960000038,0,-0.0242666658,-0.02643333375,-0.9993559965,-64.69999695,5.058246563,4.639999866,445.5886029,1
117,1,17,0,128,corsika_nwu_relative,1.296000061,0.91,0,-0.01649999991,-0.02549999952,-0.9995386436,-65.09999847,5.058246563,4.639999866,730.0193166,1
117,1,17,0,129,corsika_nwu_relative,0.36,2.065,0,-0.0178999994,-0.02370000072,-0.9995588527,-65.09999847,5.058246563,4.650000095,850.1259567,1
117,1,17,0,130,corsika_nwu_relative,-0.3759999847,-2.626000061,0,-0.01903333329,-0.03093333356,-0.9993402129,-64.69999695,5.046613125,4.659999847,338.106615,1
117,1,17,0,131,corsika_nwu_relative,0.8609999847,1.59,0,-0.01713333279,-0.02443333343,-0.9995546314,-65.09999847,5.046613125,4.670000076,795.6888776,1
117,1,17,0,132,corsika_nwu_relative,0.8359999847,1.611000061,0,-0.01716666669,-0.02436666749,-0.9995556868,-65.09999847,5.046613125,4.679999828,572.6967476,1
117,1,17,0,133,corsika_nwu_relative,0.8009999847,1.641000061,0,-0.01720000058,-0.0243333336,-0.9995559258,-65.09999847,5.046613125,4.690000057,360.0212782,1
117,1,17,0,134,corsika_nwu_relative,0.4529999924,-2.163999939,0,-0.01773333363,-0.03026666678,-0.9993845395,-64.80000305,5.046613125,4.699999809,269.7272509,1
117,1,17,0,135,corsika_nwu_relative,-2.785,-2.138999939,0,-0.02280000038,-0.03023333289,-0.9992827956,-64.5,5.035005938,4.710000038,541.9997273,1
117,1,17,0,136,corsika_nwu_relative,-3.357999878,-1.486000061,0,-0.02370000072,-0.02920000069,-0.9992925847,-64.59999847,5.035005938,4.71999979,379.6494528,1
117,1,17,0,137,corsika_nwu_relative,-3.321000061,1.321000061,0,-0.02366666682,-0.02480000071,-0.9994122517,-64.80000305,5.035005938,4.730000019,357.2119128,1
117,1,17,0,138,corsika_nwu_relative,1.230999985,-1.106999969,0,-0.01646666601,-0.02863333374,-0.9994543417,-64.90000153,5.035005938,4.730000019,457.122418,1
117,1,17,0,139,corsika_nwu_relative,-2.752999878,1.921999969,0,-0.02280000038,-0.02380000055,-0.9994567124,-64.90000153,5.035005938,4.739999771,524.900588,1
117,1,17,0,140,corsika_nwu_relative,0.4229999924,1.181999969,0,-0.01773333363,-0.02500000037,-0.9995301541,-65.09999847,5.035005938,4.730000019,883.4484832,1
117,1,17,0,141,corsika_nwu_relative,-1.109000015,2.701000061,0,-0.02016666718,-0.02256666683,-0.9995419206,-65.09999847,5.023425938,4.739999771,572.8529565,1
117,1,17,0,142,corsika_nwu_relative,-1.375,-2.185,0,-0.0205666665,-0.03040000051,-0.9993261991,-64.59999847,5.023425938,4.769999981,301.4208033,1
117,1,17,0,143,corsika_nwu_relative,-0.8269999695,-1.971000061,0,-0.01966666616,-0.03006666712,-0.9993544005,-64.69999695,5.023425938,4.78000021,302.3622242,1
117,1,17,0,144,corsika_nwu_relative,-2.455,2.782000122,0,-0.02233333327,-0.02236666717,-0.9995003524,-65,5.011872188,4.789999962,724.8588727,1
117,1,17,0,145,corsika_nwu_relative,0.345,-0.6609999847,0,-0.01773333363,-0.02796666697,-0.9994515468,-64.90000153,5.011872188,4.800000191,275.7127179,1
117,1,17,0,146,corsika_nwu_relative,0.03099999905,1.785,0,-0.01823333278,-0.02396666631,-0.9995464694,-65.09999847,5.011872188,4.809999943,891.694714,1
117,1,17,0,147,corsika_nwu_relative,-1.928000031,-2.221999969,0,-0.02146666683,-0.03056666628,-0.9993021871,-64.59999847,5.011872188,4.820000172,414.5141124,1
117,1,17,0,148,corsika_nwu_relative,0.4579999924,0.7980000305,0,-0.01750000007,-0.02556666732,-0.9995199325,-65,5.011872188,4.829999924,733.5006491,1
117,1,17,0,149,corsika_nwu_relative,0.1679999924,1.54,0,-0.01796666719,-0.0243333336,-0.9995424392,-65.09999847,5.000345313,4.840000153,322.1013027,1
117,1,17,0,150,corsika_nwu_relative,-0.255,2.071999969,0,-0.018666666,-0.02343333326,-0.9995511165,-65.09999847,5.000345313,4.849999905,264.9047309,1
117,1,17,0,151,corsika_nwu_relative,-1.003000031,2.558999939,0,-0.01989999972,-0.02260000072,-0.9995465122,-65.09999847,5.000345313,4.869999886,678.3797019,1
117,1,17,0,152,corsika_nwu_relative,-2.358000031,2.723999939,0,-0.02219999954,-0.02229999937,-0.9995048124,-65,4.988845,4.880000114,310.6497324,1
117,1,17,0,153,corsika_nwu_relative,-2.902999878,-1.955,0,-0.02313333377,-0.03023333289,-0.9992751345,-64.5,4.988845,4.599999905,598.1958857,1
117,1,17,0,154,corsika_nwu_relative,-2.916000061,2.598999939,0,-0.02316666581,-0.022466667,-0.9994791416,-64.90000153,4.988845,4.599999905,480.7085618,1
117,1,17,0,155,corsika_nwu_relative,-3.131000061,-1.836999969,0,-0.02353333309,-0.03006666712,-0.999270823,-64.5,4.988845,4.610000134,443.2314023,1
117,1,17,0,156,corsika_nwu_relative,-2.498999939,-2.051000061,0,-0.0224333331,-0.03043333255,-0.9992850233,-64.59999847,4.988845,4.630000114,432.827716,1
117,1,17,0,157,corsika_nwu_relative,-0.9159999847,2.501000061,0,-0.01970000006,-0.02260000072,-0.9995504739,-65.09999847,4.977370938,4.639999866,571.3320231,1
117,1,17,0,158,corsika_nwu_relative,-1.611000061,-2.06,0,-0.02089999989,-0.03050000034,-0.9993162362,-64.59999847,4.977370938,4.639999866,311.436906,1
117,1,17,0,159,corsika_nwu_relative,-2.708999939,2.632999878,0,-0.02283333242,-0.02233333327,-0.9994898004,-65,4.977370938,4.650000095,623.2716793,1
117,1,17,0,160,corsika_nwu_relative,-0.1130000019,1.828000031,0,-0.01830000058,-0.02373333275,-0.9995508186,-65.09999847,4.977370938,4.659999847,299.2205074,1
117,1,17,0,161,corsika_nwu_relative,-0.5359999847,-1.576000061,0,-0.01903333329,-0.02969999984,-0.9993776274,-64.69999695,4.977370938,4.670000076,378.1755382,1
117,1,17,0,162,corsika_nwu_relative,-0.03400000095,1.7,0,-0.01813333295,-0.02393333241,-0.9995490873,-65.09999847,4.965923125,4.670000076,571.0707739,1
117,1,17,0,163,corsika_nwu_relative,0.1760000038,-0.6619999695,0,-0.01773333363,-0.02810000069,-0.999447807,-64.90000153,4.965923125,4.679999828,262.7049523,1
117,1,17,0,164,corsika_nwu_relative,-0.5409999847,2.213000031,0,-0.01899999939,-0.02300000004,-0.999554901,-65.09999847,4.965923125,4.690000057,427.388223,1
117,1,17,0,165,corsika_nwu_relative,-0.9409999847,2.456000061,0,-0.01970000006,-0.02256666683,-0.9995512271,-65.09999847,4.965923125,4.699999809,287.7587107,1
117,1,17,0,166,corsika_nwu_relative,0.3220000076,-0.15,0,-0.01743333414,-0.02720000036,-0.9994779832,-64.90000153,4.965923125,4.710000038,277.6734996,1
117,1,17,0,167,corsika_nwu_relative,-2.26,-2.003999939,0,-0.02206666581,-0.03056666628,-0.9992891179,-64.59999847,4.954501875,4.730000019,372.5334326,1
117,1,17,0,168,corsika_nwu_relative,-1.131999969,2.505,0,-0.02003333345,-0.0223999992,-0.9995483508,-65.09999847,4.954501875,4.739999771,357.2727418,1
117,1,17,0,169,corsika_nwu_relative,-0.4390000153,2.847000122,0,-0.01876666583,-0.02176666632,-0.9995869269,-65.09999847,4.954501875,4.730000019,639.8790567,1
117,1,17,0,170,corsika_nwu_relative,-0.14,2.558000031,0,-0.01820000075,-0.02226666734,-0.9995863922,-65.09999847,4.954501875,4.730000019,542.9262068,1
117,1,17,0,171,corsika_nwu_relative,-0.4340000153,2.826000061,0,-0.0187333338,-0.02176666632,-0.9995875522,-65.09999847,4.954501875,4.739999771,394.1753791,1
117,1,17,0,172,corsika_nwu_relative,-0.001000000015,-0.3509999847,0,-0.0178999994,-0.02759999968,-0.9994587686,-64.90000153,4.943106875,4.75,336.9825698,1
117,1,17,0,173,corsika_nwu_relative,-1.745,3.308999939,0,-0.02113333344,-0.02086666599,-0.9995588849,-65.09999847,4.943106875,4.760000229,560.4819955,1
117,1,17,0,174,corsika_nwu_relative,-0.4159999847,2.786000061,0,-0.018666666,-0.02183333412,-0.9995873454,-65.09999847,4.943106875,4.760000229,304.0825913,1
117,1,17,0,175,corsika_nwu_relative,-0.2679999924,2.635,0,-0.01836666651,-0.02206666581,-0.9995877789,-65.09999847,4.943106875,4.78000021,398.3970601,1
117,1,17,0,176,corsika_nwu_relative,-1.140999985,3.165,0,-0.01999999955,-0.02106666751,-0.9995780087,-65.09999847,4.931738125,4.789999962,273.9822775,1
117,1,17,0,177,corsika_nwu_relative,-1.526999969,3.246000061,0,-0.02070000023,-0.02089999989,-0.9995672564,-65.09999847,4.931738125,4.800000191,274.47284,1
117,1,17,0,178,corsika_nwu_relative,-3.163999939,-0.85,0,-0.02380000055,-0.02863333374,-0.9993066057,-64.59999847,4.931738125,4.809999943,378.2756982,1
117,1,17,0,179,corsika_nwu_relative,-0.1060000038,-0.38,0,-0.01799999923,-0.02776666731,-0.9994523562,-64.90000153,4.931738125,4.829999924,315.1846574,1
117,1,17,0,180,corsika_nwu_relative,-1.728999939,-1.229000015,0,-0.02106666751,-0.02940000035,-0.9993457037,-64.69999695,4.920395313,4.829999924,273.9607436,1
117,1,17,0,181,corsika_nwu_relative,-0.8469999695,2.966000061,0,-0.01936666667,-0.02129999921,-0.9995855352,-65.09999847,4.920395313,4.869999886,306.7964749,1
117,1,17,0,182,corsika_nwu_relative,-3.808999939,0.008999999762,0,-0.02516666614,-0.02706666663,-0.9993167838,-64.69999695,4.90907875,4.849999905,524.9244193,1
117,1,17,0,183,corsika_nwu_relative,-0.7580000305,-0.8359999847,0,-0.01916666701,-0.02876666747,-0.9994023803,-64.80000305,4.90907875,4.849999905,295.642583,1
117,1,17,0,184,corsika_nwu_relative,-2.637000122,-1,0,-0.02286666632,-0.02910000086,-0.9993149181,-64.69999695,4.90907875,4.860000134,274.5273464,1
117,1,17,0,185,corsika_nwu_relative,-1.031999969,3.026000061,0,-0.01966666616,-0.02106666751,-0.9995846226,-65.09999847,4.897788125,4.889999866,315.2884845,1
117,1,17,0,186,corsika_nwu_relative,-0.8290000153,-0.8369999695,0,-0.01926666684,-0.0288333334,-0.9993985363,-64.80000305,4.897788125,4.889999866,460.1037935,1
117,1,17,0,187,corsika_nwu_relative,-0.01600000024,2.093000031,0,-0.01756666601,-0.02290000021,-0.9995834143,-65.09999847,4.897788125,4.909999847,898.9994158,1
117,1,17,0,188,corsika_nwu_relative,-3.507000122,-0.3270000076,0,-0.02470000088,-0.02783333324,-0.9993073679,-64.69999695,4.897788125,4.920000076,408.684249,1
117,1,17,0,189,corsika_nwu_relative,0.01200000048,0.07199999809,0,-0.01750000007,-0.02703333274,-0.99948134,-64.90000153,4.886523438,4.920000076,505.771258,1
117,1,17,0,190,corsika_nwu_relative,-2.42,3.082999878,0,-0.02250000089,-0.02083333395,-0.9995297505,-65,4.886523438,4.929999828,302.4565474,1
117,1,17,0,191,corsika_nwu_relative,-0.1960000038,-0.2329999924,0,-0.0178999994,-0.02766666748,-0.9994569253,-64.90000153,4.886523438,4.940000057,811.6868379,1
117,1,17,0,192,corsika_nwu_relative,-0.6220000076,2.727000122,0,-0.01876666583,-0.02153333277,-0.9995919807,-65.09999847,4.886523438,4.949999809,477.3642119,1
117,1,17,0,193,corsika_nwu_relative,-1.943999939,3.132999878,0,-0.02150000073,-0.02070000023,-0.9995545308,-65.09999847,4.886523438,4.949999809,279.1704564,1
117,1,17,0,194,corsika_nwu_relative,-3.477999878,1.323000031,0,-0.02473333292,-0.02446666732,-0.999394639,-64.80000305,4.875285,4.710000038,292.1187854,1
117,1,17,0,195,corsika_nwu_relative,-1.32,3.315,0,-0.02019999921,-0.02023333311,-0.9995912026,-65.09999847,4.875285,4.71999979,349.717185,1
117,1,17,0,196,corsika_nwu_relative,0.6109999847,0.8480000305,0,-0.01606666669,-0.02546666749,-0.9995465527,-65,4.875285,4.71999979,638.8739207,1
117,1,17,0,197,corsika_nwu_relative,-3.387000122,1.788000031,0,-0.02459999919,-0.02346666716,-0.9994219107,-64.80000305,4.875285,4.730000019,464.9248904,1
117,1,17,0,198,corsika_nwu_relative,-2.947000122,-0.09600000381,0,-0.02366666682,-0.02749999985,-0.9993416027,-64.69999695,4.875285,4.739999771,694.5314409,1
117,1,17,0,199,corsika_nwu_relative,-1.373999939,-0.7869999695,0,-0.02030000091,-0.02899999917,-0.9993732586,-64.80000305,4.864072188,4.739999771,335.6718284,1
117,1,17,0,200,corsika_nwu_relative,-0.395,-0.5090000153,0,-0.01820000075,-0.02840000018,-0.9994309381,-64.90000153,4.864072188,4.75,286.4892073,1
117,1,17,0,201,corsika_nwu_relative,-2.571000061,2.907000122,0,-0.02290000021,-0.02099999972,-0.9995171784,-65,4.864072188,4.760000229,333.0027432,1
117,1,17,0,202,corsika_nwu_relative,-3.21,2.156999969,0,-0.0242999997,-0.02263333276,-0.999448469,-64.90000153,4.864072188,4.760000229,350.718769,1
117,1,17,0,203,corsika_nwu_relative,-0.9959999847,3.22,0,-0.0194666665,-0.02030000091,-0.9996044012,-65.09999847,4.864072188,4.769999981,317.016471,1
117,1,17,0,204,corsika_nwu_relative,-2.453999939,-0.4579999924,0,-0.02266666666,-0.02836666629,-0.9993405598,-64.69999695,4.852885,4.78000021,292.9801259,1
117,1,17,0,205,corsika_nwu_relative,0.01899999976,2.65,0,-0.01723333262,-0.02153333277,-0.9996195916,-65.09999847,4.852885,4.78000021,585.0834848,1
117,1,17,0,206,corsika_nwu_relative,-1.923999939,3.172999878,0,-0.02153333277,-0.02033333294,-0.9995613394,-65.09999847,4.852885,4.789999962,446.542876,1
117,1,17,0,207,corsika_nwu_relative,-1.588000031,3.226000061,0,-0.02076666616,-0.02019999921,-0.9995802647,-65.09999847,4.852885,4.800000191,411.4426645,1
117,1,17,0,208,corsika_nwu_relative,-3.093999939,0.2210000038,0,-0.02413333394,-0.02690000087,-0.9993467727,-64.69999695,4.852885,4.800000191,746.0169561,1
117,1,17,0,209,corsika_nwu_relative,0.3129999924,0.2939999962,0,-0.01649999991,-0.02676666714,-0.9995055255,-65,4.852885,4.809999943,451.8118342,1
117,1,17,0,210,corsika_nwu_relative,0.5259999847,0.9159999847,0,-0.01603333279,-0.0253666658,-0.9995496308,-65,4.84172375,4.820000172,320.2974929,1
117,1,17,0,211,corsika_nwu_relative,0.4809999847,0.7459999847,0,-0.01610000059,-0.02576666698,-0.9995383279,-65,4.84172375,4.820000172,260.173146,1
117,1,17,0,212,corsika_nwu_relative,-3.355,1.208000031,0,-0.02480000071,-0.02470000088,-0.9993872472,-64.80000305,4.84172375,4.829999924,357.9859961,1
117,1,17,0,213,corsika_nwu_relative,0.5170000076,1.506000061,0,-0.01596666686,-0.02403333411,-0.9995836455,-65.09999847,4.84172375,4.840000153,438.2945016,1
117,1,17,0,214,corsika_nwu_relative,0.5020000076,0.9830000305,0,-0.01600000076,-0.02523333393,-0.9995535398,-65,4.84172375,4.800000191,292.785564,1
117,1,17,0,215,corsika_nwu_relative,-0.2389999962,2.812999878,0,-0.01769999973,-0.02099999972,-0.9996227839,-65.09999847,4.84172375,4.809999943,629.5825337,1
117,1,17,0,216,corsika_nwu_relative,-2.393000031,-0.3690000153,0,-0.02266666666,-0.02836666629,-0.9993405598,-64.69999695,4.830588125,4.820000172,314.7466342,1
117,1,17,0,217,corsika_nwu_relative,-1.225,-0.6240000153,0,-0.01996666752,-0.02896666713,-0.9993809406,-64.80000305,4.830588125,4.820000172,353.2128689,1
117,1,17,0,218,corsika_nwu_relative,-1.078000031,-0.5970000076,0,-0.01960000023,-0.02893333323,-0.9993891645,-64.80000305,4.830588125,4.829999924,341.7636205,1
117,1,17,0,219,corsika_nwu_relative,-2.463000031,-0.3,0,-0.02286666632,-0.02823333256,-0.9993397793,-64.69999695,4.830588125,4.840000153,431.3817972,1
117,1,17,0,220,corsika_nwu_relative,-0.09899999619,2.647000122,0,-0.01730000041,-0.0213333331,-0.9996227283,-65.09999847,4.830588125,4.840000153,519.995152,1
117,1,17,0,221,corsika_nwu_relative,-1.461000061,3.165,0,-0.02050000057,-0.02006666735,-0.9995884547,-65.09999847,4.830588125,4.849999905,264.3855403,1
117,1,17,0,222,corsika_nwu_relative,-3.16,0.6009999847,0,-0.02453333326,-0.02613333426,-0.9993573757,-64.80000305,4.819478125,4.860000134,377.2554498,1
117,1,17,0,223,corsika_nwu_relative,0.4320000076,1.616000061,0,-0.01600000076,-0.02373333275,-0.9995902805,-65.09999847,4.819478125,4.860000134,396.8670294,1
117,1,17,0,224,corsika_nwu_relative,-1.15,-0.5659999847,0,-0.019766666,-0.02896666713,-0.9993849164,-64.80000305,4.819478125,4.869999886,412.5118687,1
117,1,17,0,225,corsika_nwu_relative,-2.201999969,2.958999939,0,-0.02229999937,-0.02050000057,-0.9995411247,-65,4.819478125,4.880000114,640.6221788,1
117,1,17,0,226,corsika_nwu_relative,-2.875,2.406999969,0,-0.02393333241,-0.02180000022,-0.9994758404,-64.90000153,4.819478125,4.880000114,346.9882013,1
117,1,17,0,227,corsika_nwu_relative,0.4340000153,1.258000031,0,-0.01590000093,-0.02459999919,-0.999570923,-65.09999847,4.819478125,4.889999866,386.8622596,1
117,1,17,0,228,corsika_nwu_relative,-1.336000061,-0.5540000153,0,-0.02019999921,-0.02899999917,-0.9993752849,-64.80000305,4.808393438,4.900000095,294.9338079,1
117,1,17,0,229,corsika_nwu_relative,-3.202999878,0.9280000305,0,-0.02476666681,-0.02539999969,-0.999370528,-64.80000305,4.808393438,4.900000095,409.0808881,1
117,1,17,0,230,corsika_nwu_relative,-1.179000015,-0.5259999847,0,-0.01979999989,-0.02899999917,-0.9993832899,-64.80000305,4.808393438,4.909999847,855.3825005,1
117,1,17,0,231,corsika_nwu_relative,-0.2960000038,-0.1519999981,0,-0.0176333338,-0.0280666668,-0.9994505129,-64.90000153,4.808393438,4.920000076,261.3494453,1
117,1,17,0,232,corsika_nwu_relative,-2.846000061,2.375,0,-0.02396666631,-0.02183333412,-0.999474314,-64.90000153,4.808393438,4.920000076,482.841456,1
117,1,17,0,233,corsika_nwu_relative,-2.573999939,-0.09199999809,0,-0.02329999954,-0.02796666697,-0.9993372682,-64.80000305,4.808393438,4.929999828,266.9348999,1
117,1,17,0,234,corsika_nwu_relative,-0.2670000076,1.155999985,0,-0.01750000007,-0.02486666664,-0.9995375925,-65,4.797334375,4.679999828,910.120364,1
117,1,17,0,235,corsika_nwu_relative,-0.2739999962,1.150999985,0,-0.01750000007,-0.02486666664,-0.9995375925,-65,4.797334375,4.690000057,296.2642345,1
117,1,17,0,236,corsika_nwu_relative,-0.2860000038,1.448000031,0,-0.01753333397,-0.02410000004,-0.9995557874,-65,4.797334375,4.699999809,603.4033255,1
117,1,17,0,237,corsika_nwu_relative,-1.17,-0.2670000076,0,-0.01973333396,-0.02846666612,-0.9993999422,-64.80000305,4.797334375,4.699999809,333.0510711,1
117,1,17,0,238,corsika_nwu_relative,-0.4409999847,1.981000061,0,-0.01786666736,-0.02276666649,-0.9995811428,-65.09999847,4.797334375,4.710000038,269.3806755,1
117,1,17,0,239,corsika_nwu_relative,-1.371000061,-0.3520000076,0,-0.02023333311,-0.02873333357,-0.9993823131,-64.80000305,4.797334375,4.710000038,434.6471927,1
117,1,17,0,240,corsika_nwu_relative,-0.6659999847,0.2029999924,0,-0.01843333244,-0.02730000019,-0.9994573139,-64.90000153,4.786300938,4.71999979,298.059746,1
117,1,17,0,241,corsika_nwu_relative,-3.708999939,0.7069999695,0,-0.02626666613,-0.02603333257,-0.9993159299,-64.69999695,4.786300938,4.730000019,286.7241622,1
117,1,17,0,242,corsika_nwu_relative,-3.197999878,-0.03400000095,0,-0.02500000037,-0.02796666697,-0.9992961851,-64.69999695,4.786300938,4.739999771,867.1241792,1
117,1,17,0,243,corsika_nwu_relative,-0.6340000153,2.23,0,-0.01826666668,-0.02203333378,-0.9995903466,-65.09999847,4.786300938,4.75,964.1263894,1
117,1,17,0,244,corsika_nwu_relative,-2.025,2.977000122,0,-0.02193333395,-0.02003333345,-0.9995586998,-65,4.786300938,4.760000229,887.7632967,1
117,1,17,0,245,corsika_nwu_relative,-1.736999969,-0.4059999847,0,-0.02113333344,-0.02903333306,-0.9993550159,-64.80000305,4.775292813,4.760000229,817.4370098,1
117,1,17,0,246,corsika_nwu_relative,-1.006999969,-0.065,0,-0.01920000091,-0.02813333273,-0.9994197694,-64.90000153,4.775292813,4.769999981,559.7203642,1
117,1,17,0,247,corsika_nwu_relative,-3.127999878,-0.03,0,-0.02490000054,-0.0280666668,-0.9992958782,-64.69999695,4.775292813,4.78000021,475.0204149,1
117,1,17,0,248,corsika_nwu_relative,-2.902999878,2.696000061,0,-0.0243333336,-0.02066666633,-0.999490259,-65,4.76431,4.800000191,886.2786965,1
117,1,17,0,249,corsika_nwu_relative,-3.135,0.01299999952,0,-0.02496666647,-0.0280333329,-0.9992951505,-64.69999695,4.76431,4.800000191,426.366923,1
117,1,17,0,250,corsika_nwu_relative,-1.396000061,-0.2170000076,0,-0.02016666718,-0.02866666578,-0.9993855751,-64.80000305,4.76431,4.769999981,678.0984768,1
117,1,17,0,251,corsika_nwu_relative,-3.586000061,0.6969999695,0,-0.02626666613,-0.0261666663,-0.9993124475,-64.69999695,4.76431,4.78000021,307.6082721,1
117,1,17,0,252,corsika_nwu_relative,-3.298999939,0.23,0,-0.02546666749,-0.02746666595,-0.9992982693,-64.69999695,4.76431,4.78000021,912.3629841,1
117,1,17,0,253,corsika_nwu_relative,-0.7790000153,2.286000061,0,-0.01840000041,-0.02170000039,-0.999595193,-65.09999847,4.753352187,4.789999962,286.2827776,1
117,1,17,0,254,corsika_nwu_relative,-3.081000061,0.04599999905,0,-0.02490000054,-0.0280333329,-0.9992968139,-64.69999695,4.753352187,4.800000191,645.3713144,1
117,1,17,0,255,corsika_nwu_relative,-2.133999939,2.887000122,0,-0.02223333344,-0.01993333362,-0.9995540711,-65,4.753352187,4.809999943,287.9083681,1
117,1,17,0,256,corsika_nwu_relative,-2.878999939,2.652999878,0,-0.02436666749,-0.0205666665,-0.9994915096,-65,4.753352187,4.820000172,301.4456208,1
117,1,17,0,257,corsika_nwu_relative,-1.014000015,2.483000031,0,-0.01899999939,-0.02106666751,-0.9995975168,-65.09999847,4.753352187,4.820000172,389.0347285,1
117,1,17,0,258,corsika_nwu_relative,-0.9340000153,0.1870000076,0,-0.0187333338,-0.02773333341,-0.9994398053,-64.90000153,4.74242,4.829999924,426.9494646,1
117,1,17,0,259,corsika_nwu_relative,-3.626000061,1.231999969,0,-0.02659999952,-0.02466666698,-0.9993417812,-64.80000305,4.74242,4.829999924,268.2169721,1
117,1,17,0,260,corsika_nwu_relative,-3.592000122,1.58,0,-0.02653333358,-0.02366666682,-0.9993677357,-64.80000305,4.74242,4.840000153,802.9312704,1
117,1,17,0,261,corsika_nwu_relative,-3.593999939,1.051999969,0,-0.02653333358,-0.02520000003,-0.9993302468,-64.80000305,4.74242,4.849999905,529.0661105,1
117,1,17,0,262,corsika_nwu_relative,-0.5590000153,1.678999939,0,-0.01756666601,-0.02336666733,-0.9995726142,-65,4.74242,4.849999905,416.8194735,1
117,1,17,0,263,corsika_nwu_relative,-3.235,0.2979999924,0,-0.02553333342,-0.02746666595,-0.9992965682,-64.69999695,4.74242,4.860000134,492.7922749,1
117,1,17,0,264,corsika_nwu_relative,-3.092000122,0.1589999962,0,-0.0251000002,-0.02789999917,-0.9992955419,-64.69999695,4.7315125,4.860000134,363.3144732,1
117,1,17,0,265,corsika_nwu_relative,-3.567000122,1.518000031,0,-0.02656666748,-0.02383333258,-0.9993628893,-64.80000305,4.7315125,4.869999886,270.4624005,1
117,1,17,0,266,corsika_nwu_relative,-0.5540000153,1.076999969,0,-0.01743333414,-0.02516666614,-0.999531249,-65,4.7315125,4.869999886,836.1485317,1
117,1,17,0,267,corsika_nwu_relative,-0.7330000305,0.5620000076,0,-0.01796666719,-0.02673333324,-0.9994811293,-64.90000153,4.7315125,4.880000114,268.7971504,1
117,1,17,0,268,corsika_nwu_relative,-2.521999969,-0.14,0,-0.02343333326,-0.02889999934,-0.9993075948,-64.80000305,4.7315125,4.889999866,594.6006598,1
117,1,17,0,269,corsika_nwu_relative,-1.065999985,0.08,0,-0.01893333346,-0.02823333256,-0.9994220369,-64.90000153,4.7315125,4.869999886,270.8519171,1
117,1,17,0,270,corsika_nwu_relative,-3.041000061,2.321000061,0,-0.02506666631,-0.02129999921,-0.9994588397,-64.90000153,4.7315125,4.880000114,340.1077693,1
117,1,17,0,271,corsika_nwu_relative,-0.8909999847,2.12,0,-0.01836666651,-0.02193333395,-0.9995907135,-65.09999847,4.720630312,4.889999866,329.8854261,1
117,1,17,0,272,corsika_nwu_relative,-0.9490000153,2.178000031,0,-0.01853333414,-0.02173333243,-0.9995920057,-65.09999847,4.720630312,4.889999866,308.3000355,1
117,1,17,0,273,corsika_nwu_relative,-2.656000061,-0.1389999962,0,-0.02390000038,-0.02899999917,-0.9992936455,-64.69999695,4.720630312,4.900000095,514.5773157,1
117,1,17,0,274,corsika_nwu_relative,-3.427999878,0.695,0,-0.02633333392,-0.02636666596,-0.999305436,-64.80000305,4.720630312,4.900000095,304.1569855,1
117,1,17,0,275,corsika_nwu_relative,-1.541999969,2.562999878,0,-0.02036666684,-0.02043333277,-0.9995837523,-65,4.720630312,4.909999847,281.8984654,1
117,1,17,0,276,corsika_nwu_relative,-0.6329999924,0.9480000305,0,-0.01743333414,-0.02559999935,-0.9995202444,-65,4.720630312,4.909999847,303.6778151,1
117,1,17,0,277,corsika_nwu_relative,-0.6329999924,1.418000031,0,-0.01743333414,-0.02410000004,-0.9995575365,-65,4.709773125,4.920000076,268.9500309,1
117,1,17,0,278,corsika_nwu_relative,-1.516000061,-0.1239999962,0,-0.02026666701,-0.02906666696,-0.9993719983,-64.80000305,4.709773125,4.929999828,302.0236117,1
117,1,17,0,279,corsika_nwu_relative,-0.7630000305,0.605,0,-0.01779999956,-0.02673333324,-0.9994841114,-64.90000153,4.709773125,4.929999828,785.7111889,1
117,1,17,0,280,corsika_nwu_relative,-2.795,2.411999969,0,-0.02443333343,-0.02080000006,-0.9994850535,-64.90000153,4.709773125,4.940000057,428.5402068,1
117,1,17,0,281,corsika_nwu_relative,-2.31,-0.185,0,-0.02283333242,-0.02933333255,-0.9993088584,-64.80000305,4.709773125,4.940000057,733.0647132,1
117,1,17,0,282,corsika_nwu_relative,-3.458999939,1.155999985,0,-0.02666666731,-0.02493333258,-0.9993333867,-64.80000305,4.709773125,4.949999809,384.8356298,1
117,1,17,0,283,corsika_nwu_relative,-0.755,0.7009999847,0,-0.01766666584,-0.02646666579,-0.999493574,-65,4.698940938,4.960000038,650.1525735,1
117,1,17,0,284,corsika_nwu_relative,-2.298000031,-0.165,0,-0.02280000038,-0.02936666645,-0.9993086405,-64.80000305,4.698940938,4.960000038,314.0980148,1
117,1,17,0,285,corsika_nwu_relative,-1.991999969,2.582000122,0,-0.02180000022,-0.02013333328,-0.9995596075,-65,4.698940938,4.96999979,410.4342207,1
117,1,17,0,286,corsika_nwu_relative,-1.005,0.3189999962,0,-0.01843333244,-0.02776666731,-0.9994444579,-64.90000153,4.698940938,4.96999979,360.5714659,1
117,1,17,0,287,corsika_nwu_relative,-0.8009999847,1.741000061,0,-0.01773333363,-0.02293333411,-0.9995797072,-65,4.698940938,4.980000019,671.6119572,1
117,1,17,0,288,corsika_nwu_relative,-1.403000031,0.01100000024,0,-0.019766666,-0.0288666673,-0.9993878098,-64.80000305,4.698940938,4.980000019,781.8880942,1
117,1,17,0,289,corsika_nwu_relative,-2.82,2.316999969,0,-0.02463333309,-0.02093333378,-0.9994773606,-64.90000153,4.68813375,4.989999771,389.4434727,1
117,1,17,0,290,corsika_nwu_relative,-0.8919999695,1.891000061,0,-0.01796666719,-0.0223999992,-0.9995876344,-65,4.68813375,4.730000019,745.5892581,1
117,1,17,0,291,corsika_nwu_relative,-2.572000122,2.455,0,-0.02380000055,-0.02040000074,-0.9995085792,-65,4.68813375,4.730000019,352.643617,1
117,1,17,0,292,corsika_nwu_relative,-1.79,2.523999939,0,-0.02106666751,-0.02013333328,-0.999575332,-65,4.68813375,4.739999771,656.0296165,1
117,1,17,0,293,corsika_nwu_relative,-3.381000061,1.211999969,0,-0.02669999935,-0.02473333292,-0.9993374667,-64.80000305,4.68813375,4.739999771,444.7138493,1
117,1,17,0,294,corsika_nwu_relative,-2.818999939,2.293999939,0,-0.02473333292,-0.02089999989,-0.9994755886,-64.90000153,4.68813375,4.75,416.2388735,1
117,1,17,0,295,corsika_nwu_relative,-2.06,-0.08800000191,0,-0.02199999988,-0.02940000035,-0.9993255926,-64.80000305,4.68813375,4.760000229,324.5210274,1
117,1,17,0,296,corsika_nwu_relative,-1.631000061,-0.008000000119,0,-0.02046666667,-0.02913333289,-0.9993659812,-64.80000305,4.677351563,4.760000229,755.0612845,1
117,1,17,0,297,corsika_nwu_relative,-1.746999969,2.478000031,0,-0.02089999989,-0.02016666718,-0.9995781588,-65,4.677351563,4.769999981,461.4909587,1
117,1,17,0,298,corsika_nwu_relative,-1.275999985,2.245,0,-0.01916666701,-0.02096666582,-0.9995964375,-65,4.677351563,4.769999981,796.4185627,1
117,1,17,0,299,corsika_nwu_relative,-3.227000122,1.743000031,0,-0.02630000003,-0.02280000038,-0.9993940514,-64.90000153,4.677351563,4.78000021,269.962792,1
117,1,17,0,300,corsika_nwu_relative,-0.7840000153,1.225999985,0,-0.01730000041,-0.02470000088,-0.9995452066,-65,4.677351563,4.78000021,294.4595021,1
117,1,17,0,301,corsika_nwu_relative,-2.721000061,0.1419999981,0,-0.02446666732,-0.02869999968,-0.9992885931,-64.80000305,4.677351563,4.789999962,516.1895753,1
117,1,17,0,302,corsika_nwu_relative,-3.317000122,1.224000015,0,-0.02669999935,-0.02470000088,-0.9993382911,-64.80000305,4.66659375,4.789999962,378.7394256,1
117,1,17,0,303,corsika_nwu_relative,-0.8230000305,1.013000031,0,-0.01736666635,-0.02549999952,-0.9995239612,-65,4.66659375,4.800000191,519.1551545,1
117,1,17,0,304,corsika_nwu_relative,-2.832999878,0.2470000076,0,-0.02493333258,-0.02840000018,-0.9992856293,-64.80000305,4.66659375,4.800000191,412.7280591,1
117,1,17,0,305,corsika_nwu_relative,-2.145,2.456000061,0,-0.02233333327,-0.01999999955,-0.9995505101,-65,4.66659375,4.809999943,408.5129363,1
117,1,17,0,306,corsika_nwu_relative,-2.667000122,0.1519999981,0,-0.0243333336,-0.02879999951,-0.9992889717,-64.80000305,4.66659375,4.809999943,439.9027357,1
117,1,17,0,307,corsika_nwu_relative,-2.785,2.203999939,0,-0.02480000071,-0.02093333378,-0.999473239,-64.90000153,4.66659375,4.820000172,274.3290664,1
117,1,17,0,308,corsika_nwu_relative,-1.568000031,2.335,0,-0.02009999938,-0.02040000074,-0.9995898309,-65,4.66659375,4.820000172,282.5472709,1
117,1,17,0,309,corsika_nwu_relative,-2.136999969,0.015,0,-0.02229999937,-0.02943333425,-0.9993179618,-64.80000305,4.655860937,4.829999924,290.3409096,1
117,1,17,0,310,corsika_nwu_relative,-2.956000061,0.4220000076,0,-0.02553333342,-0.02783333324,-0.9992864226,-64.80000305,4.655860937,4.829999924,897.4876955,1
117,1,17,0,311,corsika_nwu_relative,-3.067000122,1.858999939,0,-0.02600000054,-0.02219999954,-0.9994154091,-64.90000153,4.655860937,4.840000153,335.0662066,1
117,1,17,0,312,corsika_nwu_relative,-1,1.548000031,0,-0.01779999956,-0.02339999937,-0.9995677066,-65,4.655860937,4.829999924,397.9914594,1
117,1,17,0,313,corsika_nwu_relative,-3.192000122,0.6640000153,0,-0.02653333358,-0.02693333291,-0.9992850333,-64.80000305,4.655860937,4.829999924,375.0480649,1
117,1,17,0,314,corsika_nwu_relative,-3.013999939,1.938999939,0,-0.02586666681,-0.02180000022,-0.999427674,-64.90000153,4.655860937,4.840000153,947.8148389,1
117,1,17,0,315,corsika_nwu_relative,-3.037999878,0.4459999847,0,-0.02596666664,-0.02786666714,-0.9992743272,-64.80000305,4.645152813,4.840000153,281.8228551,1
117,1,17,0,316,corsika_nwu_relative,-2.466999969,0.065,0,-0.02366666682,-0.02943333425,-0.9992865293,-64.80000305,4.645152813,4.849999905,834.969438,1
117,1,17,0,317,corsika_nwu_relative,-0.9840000153,1.030999985,0,-0.01756666601,-0.02549999952,-0.9995204662,-65,4.645152813,4.849999905,371.1064395,1
117,1,17,0,318,corsika_nwu_relative,-2.65,0.155,0,-0.02443333343,-0.02913333289,-0.9992768691,-64.80000305,4.645152813,4.860000134,393.7452907,1
117,1,17,0,319,corsika_nwu_relative,-2.191000061,2.308000031,0,-0.02256666683,-0.02016666718,-0.9995419206,-65,4.645152813,4.860000134,299.8772197,1
117,1,17,0,320,corsika_nwu_relative,-1.923000031,0.06199999809,0,-0.02143333293,-0.02956666611,-0.9993329898,-64.80000305,4.645152813,4.869999886,322.7304558,1
117,1,17,0,321,corsika_nwu_relative,-3.183999939,0.795,0,-0.02676666714,-0.02649999969,-0.999290396,-64.80000305,4.645152813,4.869999886,265.8311389,1
117,1,17,0,322,corsika_nwu_relative,-1.040999985,1.428000031,0,-0.01766666584,-0.02383333258,-0.9995598337,-65,4.634469063,4.880000114,449.5973538,1
117,1,17,0,323,corsika_nwu_relative,-1.019000015,1.15,0,-0.01753333397,-0.02500000037,-0.9995336824,-65,4.634469063,4.880000114,508.2529501,1
117,1,17,0,324,corsika_nwu_relative,-3.087999878,0.6370000076,0,-0.02643333375,-0.02723333426,-0.9992795527,-64.80000305,4.634469063,4.889999866,274.1448568,1
117,1,17,0,325,corsika_nwu_relative,-1.386999969,1.978999939,0,-0.01906666718,-0.0214000009,-0.9995891667,-65,4.634469063,4.889999866,720.0287991,1
117,1,17,0,326,corsika_nwu_relative,-2.657000122,2.12,0,-0.02459999919,-0.02073333412,-0.9994823505,-64.90000153,4.634469063,4.900000095,270.1262169,1
117,1,17,0,327,corsika_nwu_relative,-2.075,0.095,0,-0.02206666581,-0.02966666594,-0.9993162418,-64.80000305,4.634469063,4.900000095,279.2922203,1
117,1,17,0,328,corsika_nwu_relative,-1.098000031,1.473000031,0,-0.01769999973,-0.02356666699,-0.9995655667,-65,4.623810313,4.909999847,811.3410247,1
117,1,17,0,329,corsika_nwu_relative,-1.768999939,2.175,0,-0.02066666633,-0.02040000074,-0.9995782755,-65,4.623810313,4.909999847,701.8531369,1
117,1,17,0,330,corsika_nwu_relative,-2.61,2.113000031,0,-0.02446666732,-0.02066666633,-0.999487004,-64.90000153,4.623810313,4.920000076,861.4669799,1
117,1,17,0,331,corsika_nwu_relative,-3.176000061,1.151999969,0,-0.02706666663,-0.02500000037,-0.9993209672,-64.80000305,4.623810313,4.920000076,363.725311,1
117,1,17,0,332,corsika_nwu_relative,-2.946000061,0.5290000153,0,-0.02603333257,-0.02786666714,-0.9992725927,-64.80000305,4.623810313,4.929999828,618.7088251,1
117,1,17,0,333,corsika_nwu_relative,-2.762000122,0.3559999847,0,-0.02520000003,-0.02866666578,-0.9992713257,-64.80000305,4.623810313,4.929999828,872.052779,1
117,1,17,0,334,corsika_nwu_relative,-1.536999969,2.028000031,0,-0.01953333244,-0.02093333378,-0.9995900382,-65,4.623810313,4.679999828,350.8531463,1
117,1,17,0,335,corsika_nwu_relative,-3.142000122,1.075999985,0,-0.02703333274,-0.0253666658,-0.9993126294,-64.80000305,4.613175625,4.690000057,786.2880032,1
117,1,17,0,336,corsika_nwu_relative,-2.712000122,0.3590000153,0,-0.02503333241,-0.02873333357,-0.9992736001,-64.80000305,4.613175625,4.690000057,277.8710277,1
117,1,17,0,337,corsika_nwu_relative,-1.136999969,1.009000015,0,-0.01756666601,-0.02569999918,-0.9995153437,-65,4.613175625,4.699999809,672.3464652,1
117,1,17,0,338,corsika_nwu_relative,-1.375,0.5290000153,0,-0.018666666,-0.02800000086,-0.9994336174,-64.90000153,4.613175625,4.699999809,959.4946379,1
117,1,17,0,339,corsika_nwu_relative,-3.116000061,1.101999969,0,-0.02706666663,-0.02523333393,-0.9993151027,-64.80000305,4.613175625,4.710000038,420.2525401,1
117,1,17,0,340,corsika_nwu_relative,-3.111000061,1.236999969,0,-0.02706666663,-0.02459999919,-0.9993308939,-64.80000305,4.613175625,4.710000038,523.9968898,1
117,1,17,0,341,corsika_nwu_relative,-1.638000031,0.34,0,-0.01989999972,-0.02899999917,-0.9993813036,-64.90000153,4.602565625,4.71999979,507.1355689,1
117,1,17,0,342,corsika_nwu_relative,-2.008000031,0.2229999924,0,-0.02170000039,-0.02960000001,-0.999326248,-64.80000305,4.602565625,4.71999979,654.5493121,1
117,1,17,0,343,corsika_nwu_relative,-2.375,2.118999939,0,-0.02353333309,-0.02019999921,-0.9995189554,-65,4.602565625,4.730000019,606.0349461,1
117,1,17,0,344,corsika_nwu_relative,-2.156000061,2.143999939,0,-0.0224333331,-0.02003333345,-0.9995476032,-65,4.602565625,4.730000019,331.6327146,1
117,1,17,0,345,corsika_nwu_relative,-2.121000061,2.136999969,0,-0.02226666734,-0.02003333345,-0.9995513299,-65,4.602565625,4.730000019,776.7322521,1
117,1,17,0,346,corsika_nwu_relative,-1.278000031,0.7790000153,0,-0.01793333329,-0.02693333291,-0.9994763585,-64.90000153,4.602565625,4.739999771,521.9944648,1
117,1,17,0,347,corsika_nwu_relative,-2.797999878,0.535,0,-0.02573333308,-0.02820000052,-0.9992710121,-64.80000305,4.602565625,4.739999771,280.5375531,1
117,1,17,0,348,corsika_nwu_relative,-2.592999878,0.3840000153,0,-0.02470000088,-0.02899999917,-0.9992741916,-64.80000305,4.59198,4.75,444.5195847,1
117,1,17,0,349,corsika_nwu_relative,-2.346000061,0.2920000076,0,-0.02343333326,-0.02953333408,-0.9992890778,-64.80000305,4.59198,4.75,616.5912586,1
117,1,17,0,350,corsika_nwu_relative,-2.943999939,1.598000031,0,-0.02659999952,-0.02266666666,-0.9993891446,-64.90000153,4.59198,4.760000229,314.1436548,1
117,1,17,0,351,corsika_nwu_relative,-1.251999969,0.9490000153,0,-0.0176333338,-0.02610000037,-0.9995038047,-64.90000153,4.59198,4.760000229,280.2439477,1
117,1,17,0,352,corsika_nwu_relative,-2.528000031,0.3809999847,0,-0.02443333343,-0.02916666679,-0.9992758967,-64.80000305,4.59198,4.769999981,662.1275616,1
117,1,17,0,353,corsika_nwu_relative,-2.446999969,0.3529999924,0,-0.02400000021,-0.02933333255,-0.9992815197,-64.80000305,4.59198,4.769999981,370.0125009,1
117,1,17,0,354,corsika_nwu_relative,-1.706999969,1.966999969,0,-0.01999999955,-0.0206000004,-0.999587735,-65,4.59198,4.78000021,846.4318879,1
117,1,17,0,355,corsika_nwu_relative,-1.463000031,0.6120000076,0,-0.01863333397,-0.02800000086,-0.9994342394,-64.90000153,4.58141875,4.78000021,532.2791463,1
117,1,17,0,356,corsika_nwu_relative,-1.258000031,1.254000015,0,-0.01746666618,-0.02446666732,-0.9995480468,-65,4.58141875,4.789999962,317.6107661,1
117,1,17,0,357,corsika_nwu_relative,-1.726000061,0.4620000076,0,-0.02003333345,-0.02889999934,-0.9993815365,-64.90000153,4.58141875,4.769999981,533.2955323,1
117,1,17,0,358,corsika_nwu_relative,-1.923000031,0.3670000076,0,-0.02113333344,-0.02946666628,-0.9993423326,-64.80000305,4.58141875,4.78000021,792.0502027,1
117,1,17,0,359,corsika_nwu_relative,-2.968999939,0.765,0,-0.02706666663,-0.02723333426,-0.9992625987,-64.80000305,4.58141875,4.78000021,280.991684,1
117,1,17,0,360,corsika_nwu_relative,-1.863000031,1.933999939,0,-0.02073333412,-0.0205333326,-0.9995741649,-65,4.58141875,4.789999962,928.3985846,1
117,1,17,0,361,corsika_nwu_relative,-2.791000061,1.781000061,0,-0.02610000037,-0.0214000009,-0.9994302527,-64.90000153,4.58141875,4.789999962,457.6950843,1
117,1,17,0,362,corsika_nwu_relative,-3.042999878,1.069000015,0,-0.02759999968,-0.02553333342,-0.9992928945,-64.80000305,4.570881875,4.800000191,767.3130166,1
117,1,17,0,363,corsika_nwu_relative,-2.69,1.843999939,0,-0.02556666732,-0.02093333378,-0.9994539214,-64.90000153,4.570881875,4.800000191,549.637769,1
117,1,17,0,364,corsika_nwu_relative,-2.962000122,0.8330000305,0,-0.02723333426,-0.02693333291,-0.9992662013,-64.80000305,4.570881875,4.800000191,588.0503582,1
117,1,17,0,365,corsika_nwu_relative,-2.463000031,0.4,0,-0.0242666658,-0.02956666611,-0.9992682028,-64.80000305,4.570881875,4.809999943,289.321793,1
117,1,17,0,366,corsika_nwu_relative,-2.386000061,1.953000031,0,-0.02380000055,-0.02016666718,-0.9995133143,-64.90000153,4.570881875,4.809999943,729.7730454,1
117,1,17,0,367,corsika_nwu_relative,-2.313999939,0.3829999924,0,-0.02336666733,-0.02976666577,-0.9992837157,-64.80000305,4.570881875,4.820000172,652.6891316,1
117,1,17,0,368,corsika_nwu_relative,-2.943999939,0.8630000305,0,-0.02726666629,-0.02683333308,-0.9992679826,-64.80000305,4.560369063,4.820000172,265.7791944,1
117,1,17,0,369,corsika_nwu_relative,-1.608999939,0.69,0,-0.01896666735,-0.02793333307,-0.9994298347,-64.90000153,4.560369063,4.829999924,400.0889575,1
117,1,17,0,370,corsika_nwu_relative,-2.847000122,0.7209999847,0,-0.02676666714,-0.02776666731,-0.9992560021,-64.80000305,4.560369063,4.829999924,271.0110907,1
117,1,17,0,371,corsika_nwu_relative,-1.46,1.24,0,-0.01796666719,-0.02449999936,-0.9995383679,-65,4.560369063,4.840000153,452.2793324,1
117,1,17,0,372,corsika_nwu_relative,-2.97,1.27,0,-0.02763333358,-0.0242999997,-0.9993227251,-64.80000305,4.560369063,4.840000153,944.2466187,1
117,1,17,0,373,corsika_nwu_relative,-2.286999969,0.4240000153,0,-0.0232333336,-0.02979999967,-0.9992858311,-64.80000305,4.560369063,4.840000153,327.7536081,1
117,1,17,0,374,corsika_nwu_relative,-1.611999969,0.7459999847,0,-0.01879999973,-0.02773333341,-0.9994385535,-64.90000153,4.560369063,4.849999905,267.4161613,1
117,1,17,0,375,corsika_nwu_relative,-2.041000061,1.883000031,0,-0.02160000056,-0.02019999921,-0.9995626043,-65,4.549880625,4.849999905,417.9867549,1
117,1,17,0,376,corsika_nwu_relative,-2.286999969,1.893999939,0,-0.0232666675,-0.02006666735,-0.9995278841,-64.90000153,4.549880625,4.860000134,340.5470096,1
117,1,17,0,377,corsika_nwu_relative,-1.848000031,1.786000061,0,-0.02026666701,-0.02076666616,-0.9995789152,-65,4.549880625,4.860000134,596.637807,1
117,1,17,0,378,corsika_nwu_relative,-1.508999939,1.213000031,0,-0.01793333329,-0.02463333309,-0.9995356894,-64.90000153,4.549880625,4.869999886,572.4463304,1
117,1,17,0,379,corsika_nwu_relative,-2.858999939,0.8690000153,0,-0.02723333426,-0.0270000007,-0.9992644022,-64.80000305,4.549880625,4.869999886,960.7550829,1
117,1,17,0,380,corsika_nwu_relative,-2.141000061,0.4859999847,0,-0.02223333344,-0.02973333374,-0.9993105662,-64.80000305,4.549880625,4.840000153,440.3529752,1
117,1,17,0,381,corsika_nwu_relative,-1.55,1.015999985,0,-0.01806666702,-0.02603333257,-0.9994978045,-64.90000153,4.549880625,4.840000153,377.4652366,1
117,1,17,0,382,corsika_nwu_relative,-1.686999969,0.7530000305,0,-0.01896666735,-0.02793333307,-0.9994298347,-64.90000153,4.53941625,4.849999905,406.1842874,1
117,1,17,0,383,corsika_nwu_relative,-2.353000031,1.843000031,0,-0.02376666665,-0.02006666735,-0.9995161201,-64.90000153,4.53941625,4.849999905,889.2124812,1
117,1,17,0,384,corsika_nwu_relative,-2.712999878,1.633000031,0,-0.02639999986,-0.02153333277,-0.9994195093,-64.90000153,4.53941625,4.849999905,402.970387,1
117,1,17,0,385,corsika_nwu_relative,-1.728000031,0.7390000153,0,-0.01916666701,-0.02813333273,-0.9994204093,-64.90000153,4.53941625,4.860000134,561.8933286,1
117,1,17,0,386,corsika_nwu_relative,-1.868000031,0.6290000153,0,-0.02016666718,-0.02899999917,-0.9993759581,-64.90000153,4.53941625,4.860000134,382.1062593,1
117,1,17,0,387,corsika_nwu_relative,-2.83,0.96,0,-0.02743333392,-0.02653333358,-0.9992714318,-64.80000305,4.53941625,4.869999886,839.6661464,1
117,1,17,0,388,corsika_nwu_relative,-2.852000122,1.074000015,0,-0.02763333358,-0.02566666715,-0.9992885575,-64.80000305,4.53941625,4.869999886,768.4460254,1
117,1,17,0,389,corsika_nwu_relative,-2.176000061,0.5490000153,0,-0.022466667,-0.02976666577,-0.9993043553,-64.80000305,4.528975938,4.880000114,289.8659972,1
117,1,17,0,390,corsika_nwu_relative,-2.541000061,0.6419999695,0,-0.02529999986,-0.02910000086,-0.9992562734,-64.80000305,4.528975938,4.880000114,301.078747,1
117,1,17,0,391,corsika_nwu_relative,-1.603999939,1.213000031,0,-0.0178999994,-0.02459999919,-0.9995371079,-64.90000153,4.528975938,4.889999866,388.6796214,1
117,1,17,0,392,corsika_nwu_relative,-1.713999939,1.518999939,0,-0.0187333338,-0.02213333361,-0.9995795005,-65,4.528975938,4.889999866,288.4846886,1
117,1,17,0,393,corsika_nwu_relative,-1.618000031,1.189000015,0,-0.0178999994,-0.02480000071,-0.9995321656,-64.90000153,4.528975938,4.889999866,265.793941,1
117,1,17,0,394,corsika_nwu_relative,-2.483000031,0.6440000153,0,-0.02496666647,-0.02930000052,-0.9992588131,-64.80000305,4.528975938,4.900000095,285.3043502,1
117,1,17,0,395,corsika_nwu_relative,-1.708000031,0.8919999695,0,-0.01850000024,-0.02726666629,-0.999456992,-64.90000153,4.518559375,4.900000095,403.378683,1
117,1,17,0,396,corsika_nwu_relative,-1.926999969,0.6790000153,0,-0.02030000091,-0.02910000086,-0.9993703517,-64.90000153,4.518559375,4.909999847,281.5451236,1
117,1,17,0,397,corsika_nwu_relative,-2.595,0.745,0,-0.02603333257,-0.02859999985,-0.999251873,-64.80000305,4.518559375,4.909999847,288.8505471,1
117,1,17,0,398,corsika_nwu_relative,-2.631000061,0.7890000153,0,-0.02636666596,-0.02826666646,-0.999252618,-64.80000305,4.518559375,4.920000076,626.8872664,1
117,1,17,0,399,corsika_nwu_relative,-2.5,1.663999939,0,-0.02526666597,-0.0206000004,-0.9994684765,-64.90000153,4.518559375,4.920000076,756.3958233,1
117,1,17,0,400,corsika_nwu_relative,-2.001999969,0.6740000153,0,-0.02083333395,-0.02940000035,-0.9993505952,-64.90000153,4.518559375,4.929999828,414.1014746,1
117,1,17,0,401,corsika_nwu_relative,-1.798999939,1.521999969,0,-0.01896666735,-0.02176666632,-0.999583152,-65,4.518559375,4.929999828,379.9773801,1
117,1,17,0,402,corsika_nwu_relative,-1.898000031,0.7509999847,0,-0.01983333379,-0.02879999951,-0.9993884124,-64.90000153,4.508167188,4.929999828,273.4364402,1
117,1,17,0,403,corsika_nwu_relative,-1.603000031,1.214000015,0,-0.01703333296,-0.02453333326,-0.9995538911,-64.90000153,4.508167188,4.71999979,392.9269644,1
117,1,17,0,404,corsika_nwu_relative,-2.17,0.6480000305,0,-0.02233333327,-0.0298999995,-0.9993033635,-64.90000153,4.508167188,4.71999979,380.9026184,1
117,1,17,0,405,corsika_nwu_relative,-2.606000061,0.9709999847,0,-0.02653333358,-0.02686666697,-0.9992868279,-64.90000153,4.508167188,4.71999979,410.6894179,1
117,1,17,0,406,corsika_nwu_relative,-2.338999939,1.631999969,0,-0.02400000021,-0.02046666667,-0.999502434,-64.90000153,4.508167188,4.730000019,267.2470086,1
117,1,17,0,407,corsika_nwu_relative,-2.627999878,1.223000031,0,-0.02690000087,-0.02443333343,-0.9993394829,-64.90000153,4.508167188,4.730000019,654.883308,1
117,1,17,0,408,corsika_nwu_relative,-2.571000061,1.391000061,0,-0.02639999986,-0.02273333259,-0.9993929335,-64.90000153,4.508167188,4.739999771,438.2180289,1
117,1,17,0,409,corsika_nwu_relative,-2.607999878,1.261999969,0,-0.02683333308,-0.02400000021,-0.999351776,-64.90000153,4.497798438,4.739999771,491.9672835,1
117,1,17,0,410,corsika_nwu_relative,-2.59,1.030999985,0,-0.02669999935,-0.02639999986,-0.9992948264,-64.90000153,4.497798438,4.739999771,734.0751377,1
117,1,17,0,411,corsika_nwu_relative,-1.666000061,1.086999969,0,-0.01710000075,-0.02583333291,-0.9995199992,-64.90000153,4.497798438,4.75,568.6822503,1
117,1,17,0,412,corsika_nwu_relative,-1.735,1.413999939,0,-0.01776666753,-0.02236666717,-0.9995919556,-65,4.497798438,4.75,646.2859816,1
117,1,17,0,413,corsika_nwu_relative,-2.558000031,1.333000031,0,-0.02659999952,-0.0231999997,-0.9993769059,-64.90000153,4.497798438,4.760000229,764.4944875,1
117,1,17,0,414,corsika_nwu_relative,-1.683000031,1.118000031,0,-0.01703333296,-0.02553333342,-0.9995288462,-64.90000153,4.497798438,4.760000229,397.8861162,1
117,1,17,0,415,corsika_nwu_relative,-1.996999969,1.591999969,0,-0.02046666667,-0.02023333311,-0.9995857781,-64.90000153,4.497798438,4.760000229,311.1711655,1
117,1,17,0,416,corsika_nwu_relative,-1.866000061,0.8219999695,0,-0.01893333346,-0.02889999934,-0.9994029812,-64.90000153,4.48745375,4.769999981,494.3003326,1
117,1,17,0,417,corsika_nwu_relative,-2.185,0.7430000305,0,-0.02260000072,-0.0298999995,-0.9992973682,-64.90000153,4.48745375,4.769999981,680.5659275,1
117,1,17,0,418,corsika_nwu_relative,-2.538999939,1.275999985,0,-0.02676666714,-0.02370000072,-0.9993607234,-64.90000153,4.48745375,4.78000021,520.7655986,1
117,1,17,0,419,corsika_nwu_relative,-2.516999969,1.32,0,-0.02659999952,-0.02316666581,-0.9993776792,-64.90000153,4.48745375,4.78000021,824.4026981,1
117,1,17,0,420,corsika_nwu_relative,-1.876000061,1.486999969,0,-0.01886666752,-0.02106666751,-0.9996000422,-64.90000153,4.48745375,4.78000021,809.0294762,1
117,1,17,0,421,corsika_nwu_relative,-2.036000061,1.558000031,0,-0.02080000006,-0.02013333328,-0.9995809166,-64.90000153,4.48745375,4.789999962,275.3374492,1
117,1,17,0,422,corsika_nwu_relative,-1.738999939,1.129000015,0,-0.01700000092,-0.02546666749,-0.9995311145,-64.90000153,4.48745375,4.789999962,481.1007146,1
117,1,17,0,423,corsika_nwu_relative,-2.163999939,0.7840000153,0,-0.0223999992,-0.0299333334,-0.9993008734,-64.90000153,4.477133125,4.800000191,390.3524438,1
117,1,17,0,424,corsika_nwu_relative,-2.19,1.543000031,0,-0.02273333259,-0.02003333345,-0.9995408251,-64.90000153,4.477133125,4.800000191,525.1817219,1
117,1,17,0,425,corsika_nwu_relative,-1.791000061,1.018000031,0,-0.01740000024,-0.0270000007,-0.9994839868,-64.90000153,4.477133125,4.800000191,383.6929913,1
117,1,17,0,426,corsika_nwu_relative,-2.376999969,0.9,0,-0.02533333376,-0.02863333374,-0.99926891,-64.90000153,4.477133125,4.809999943,474.4304954,1
117,1,17,0,427,corsika_nwu_relative,-2.475,1.079000015,0,-0.02676666714,-0.02623333409,-0.9992974321,-64.90000153,4.477133125,4.769999981,485.5388207,1
117,1,17,0,428,corsika_nwu_relative,-1.808999939,1.035,0,-0.01740000024,-0.02686666697,-0.9994875798,-64.90000153,4.477133125,4.78000021,590.2390423,1
117,1,17,0,429,corsika_nwu_relative,-2.433000031,1.010999985,0,-0.02636666596,-0.02726666629,-0.999280405,-64.90000153,4.477133125,4.78000021,691.1597167,1
117,1,17,0,430,corsika_nwu_relative,-2.175,1.506000061,0,-0.02263333276,-0.01996666752,-0.9995444284,-64.90000153,4.466835937,4.789999962,435.0651559,1
117,1,17,0,431,corsika_nwu_relative,-2.133000031,1.501999969,0,-0.02199999988,-0.01989999972,-0.9995598982,-64.90000153,4.466835937,4.789999962,286.9075632,1
117,1,17,0,432,corsika_nwu_relative,-2.336000061,1.421000061,0,-0.02516666614,-0.02103333361,-0.9994619742,-64.90000153,4.466835937,4.789999962,355.0801129,1
117,1,17,0,433,corsika_nwu_relative,-2.438999939,1.234000015,0,-0.02686666697,-0.02393333241,-0.9993524793,-64.90000153,4.466835937,4.800000191,542.7376456,1
117,1,17,0,434,corsika_nwu_relative,-1.838000031,1.081999969,0,-0.01720000058,-0.02639999986,-0.9995034767,-64.90000153,4.466835937,4.800000191,412.2161606,1
117,1,17,0,435,corsika_nwu_relative,-2.396000061,1.033000031,0,-0.02639999986,-0.02723333426,-0.9992804339,-64.90000153,4.466835937,4.809999943,699.0420126,1
117,1,17,0,436,corsika_nwu_relative,-2.423000031,1.165999985,0,-0.0269666668,-0.02503333241,-0.9993228363,-64.90000153,4.466835937,4.809999943,432.531199,1
117,1,17,0,437,corsika_nwu_relative,-2.066999969,1.451000061,0,-0.02086666599,-0.02003333345,-0.9995815363,-64.90000153,4.4565625,4.809999943,388.062796,1
117,1,17,0,438,corsika_nwu_relative,-2.023999939,1.43,0,-0.02003333345,-0.02026666701,-0.9995938814,-64.90000153,4.4565625,4.820000172,330.9398453,1
117,1,17,0,439,corsika_nwu_relative,-2.008000031,0.9319999695,0,-0.01970000006,-0.02936666645,-0.9993745589,-64.90000153,4.4565625,4.820000172,337.070542,1
117,1,17,0,440,corsika_nwu_relative,-2.301000061,0.9730000305,0,-0.02523333393,-0.02873333357,-0.9992685697,-64.90000153,4.4565625,4.829999924,342.4724907,1
117,1,17,0,441,corsika_nwu_relative,-1.938000031,1.341999969,0,-0.01820000075,-0.02160000056,-0.9996010204,-64.90000153,4.4565625,4.829999924,689.1807881,1
117,1,17,0,442,corsika_nwu_relative,-2.376999969,1.14,0,-0.02693333291,-0.02556666732,-0.9993102327,-64.90000153,4.4565625,4.829999924,365.7254321,1
117,1,17,0,443,corsika_nwu_relative,-2.343000031,1.056999969,0,-0.02636666596,-0.02733333409,-0.9992785837,-64.90000153,4.4565625,4.840000153,443.1513319,1
117,1,17,0,444,corsika_nwu_relative,-2.208999939,1.393999939,0,-0.02366666682,-0.02016666718,-0.9995164803,-64.90000153,4.446312813,4.840000153,427.9549688,1
117,1,17,0,445,corsika_nwu_relative,-2.216999969,0.9630000305,0,-0.02386666648,-0.02956666611,-0.9992778365,-64.90000153,4.446312813,4.849999905,301.208492,1
117,1,17,0,446,corsika_nwu_relative,-2.016999969,0.9859999847,0,-0.01936666667,-0.02920000069,-0.9993859576,-64.90000153,4.446312813,4.849999905,643.5886447,1
117,1,17,0,447,corsika_nwu_relative,-2.338000031,1.218000031,0,-0.02690000087,-0.02383333258,-0.9993539724,-64.90000153,4.446312813,4.849999905,317.5352943,1
117,1,17,0,448,corsika_nwu_relative,-2.111000061,1.378000031,0,-0.02150000073,-0.01989999972,-0.9995707779,-64.90000153,4.446312813,4.860000134,435.0483562,1
117,1,17,0,449,corsika_nwu_relative,-2.121000061,0.9759999847,0,-0.02173333243,-0.0299333334,-0.9993155947,-64.90000153,4.446312813,4.860000134,680.903385,1
117,1,17,0,450,corsika_nwu_relative,-2.246000061,1.325,0,-0.02503333241,-0.02089999989,-0.9994681197,-64.90000153,4.446312813,4.860000134,704.6157403,1
117,1,17,0,451,corsika_nwu_relative,-2.3,1.105,0,-0.02659999952,-0.02676666714,-0.9992877391,-64.90000153,4.436086563,4.849999905,396.6373792,1
117,1,17,0,452,corsika_nwu_relative,-2.13,0.9969999695,0,-0.02193333395,-0.02996666729,-0.999310226,-64.90000153,4.436086563,4.860000134,379.3087636,1
117,1,17,0,453,corsika_nwu_relative,-2.245,1.05,0,-0.02539999969,-0.02859999985,-0.9992681722,-64.90000153,4.436086563,4.860000134,829.9413449,1
117,1,17,0,454,corsika_nwu_relative,-2.031999969,1.044000015,0,-0.01886666752,-0.02893333323,-0.9994032775,-64.90000153,4.436086563,4.860000134,420.8801235,1
117,1,17,0,455,corsika_nwu_relative,-2.283000031,1.175999985,0,-0.0269666668,-0.02483333275,-0.9993278263,-64.90000153,4.436086563,4.869999886,319.309585,1
117,1,17,0,456,corsika_nwu_relative,-1.985,1.148000031,0,-0.01696666703,-0.02576666698,-0.9995239922,-64.90000153,4.436086563,4.869999886,356.5336689,1
117,1,17,0,457,corsika_nwu_relative,-2.268000031,1.18,0,-0.0269666668,-0.02466666698,-0.9993319541,-64.90000153,4.436086563,4.880000114,322.7113973,1
117,1,17,0,458,corsika_nwu_relative,-2.26,1.19,0,-0.02693333291,-0.0242666658,-0.9993426462,-64.90000153,4.42588375,4.880000114,329.0805097,1
117,1,17,0,459,corsika_nwu_relative,-2.223999939,1.254000015,0,-0.02576666698,-0.0216333326,-0.9994338787,-64.90000153,4.42588375,4.880000114,533.2867325,1
117,1,17,0,460,corsika_nwu_relative,-2.121999969,1.055999985,0,-0.0216333326,-0.02996666729,-0.9993167655,-64.90000153,4.42588375,4.889999866,635.4994824,1
117,1,17,0,461,corsika_nwu_relative,-2.023999939,1.203000031,0,-0.01706666686,-0.02353333309,-0.9995773662,-64.90000153,4.42588375,4.889999866,467.0241209,1
117,1,17,0,462,corsika_nwu_relative,-2.026999969,1.166999969,0,-0.0168666672,-0.02520000003,-0.999540132,-64.90000153,4.42588375,4.889999866,309.7730793,1
117,1,17,0,463,corsika_nwu_relative,-2.178000031,1.254000015,0,-0.02453333326,-0.0205666665,-0.9994874325,-64.90000153,4.42588375,4.900000095,410.1500892,1
117,1,17,0,464,corsika_nwu_relative,-2.135,1.26,0,-0.02226666734,-0.01986666583,-0.9995546564,-64.90000153,4.42588375,4.900000095,770.7780017,1
117,1,17,0,465,corsika_nwu_relative,-2.203999939,1.201999969,0,-0.02663333341,-0.02306666598,-0.9993791045,-64.90000153,4.415704375,4.909999847,267.6145919,1
117,1,17,0,466,corsika_nwu_relative,-2.075,1.221999969,0,-0.01816666685,-0.02150000073,-0.9996037826,-64.90000153,4.415704375,4.909999847,371.0639665,1
117,1,17,0,467,corsika_nwu_relative,-2.11,1.11,0,-0.02046666667,-0.02976666577,-0.9993473176,-64.90000153,4.415704375,4.909999847,285.2040809,1
117,1,17,0,468,corsika_nwu_relative,-2.073000031,1.188000031,0,-0.01703333296,-0.02360000089,-0.999576363,-64.90000153,4.415704375,4.920000076,638.5693701,1
117,1,17,0,469,corsika_nwu_relative,-2.08,1.184000015,0,-0.01696666703,-0.02376666665,-0.999573548,-64.90000153,4.415704375,4.920000076,265.8992762,1
117,1,17,0,470,corsika_nwu_relative,-2.086999969,1.184000015,0,-0.01700000092,-0.02366666682,-0.9995753543,-64.90000153,4.415704375,4.929999828,732.5112644,1
117,1,17,0,471,corsika_nwu_relative,-2.143000031,1.14,0,-0.02380000055,-0.02963333391,-0.9992774517,-64.90000153,4.415704375,4.929999828,322.6538206,1
117,1,17,0,472,corsika_nwu_relative,-2.118000031,1.146999969,0,-0.01989999972,-0.02956666611,-0.9993646993,-64.90000153,4.40554875,4.929999828,707.1109266,1
117,1,17,0,473,corsika_nwu_relative,-2.15,1.170999985,0,-0.0270000007,-0.02533333376,-0.999314376,-64.90000153,4.40554875,4.940000057,400.304599,1
117,1,17,0,474,corsika_nwu_relative,-2.14,1.180999985,0,-0.02586666681,-0.02170000039,-0.9994298502,-64.90000153,4.40554875,4.940000057,324.9641392,1
117,1,17,0,475,corsika_nwu_relative,-2.131000061,1.18,0,-0.02309999987,-0.01993333362,-0.9995344177,-64.90000153,4.40554875,3.339999914,532.6745112,1
117,1,17,0,476,corsika_nwu_relative,-2.128999939,1.175,0,-0.02176666632,-0.01979999989,-0.9995669924,-64.90000153,4.40554875,3.339999914,801.4315351,1
117,1,17,0,477,corsika_nwu_relative,-2.13,1.170999985,0,-0.01963333413,-0.02033333294,-0.9996004641,-64.90000153,4.40554875,3.349999905,284.0553477,1
117,1,17,0,478,corsika_nwu_relative,-2.121999969,1.17,0,-0.02669999935,-0.02313333377,-0.9993757846,-64.90000153,4.40554875,3.349999905,426.833916,1
117,1,17,0,479,corsika_nwu_relative,-2.123999939,1.185,0,-0.02410000004,-0.02956666611,-0.9992722363,-64.90000153,4.40554875,3.349999905,446.8467499,1
117,1,17,0,480,corsika_nwu_relative,-2.143000031,1.184000015,0,-0.0178999994,-0.02810000069,-0.9994448359,-64.90000153,4.40554875,3.349999905,360.9775571,1
