event_id,telescope_id,photon_index,source_bunch_index,u_m,v_m,signal_weight,time_ns
110,0,1265,1,-2.585112169,0.2713744164,1,-38.44087285
110,0,1266,1,-2.585112169,0.2713744164,1,-38.44087285
110,0,1267,1,-2.585112169,0.2713744164,1,-38.44087285
110,0,1268,1,-2.585112169,0.2713744164,1,-38.44087285
110,0,1269,1,-2.585112169,0.2713744164,1,-38.44087285
110,0,1275,3,-2.603822422,0.1478663834,1,-37.7462194
110,0,1276,3,-2.603822422,0.1478663834,1,-37.7462194
110,0,1277,3,-2.603822422,0.1478663834,1,-37.7462194
110,0,1278,3,-2.603822422,0.1478663834,1,-37.7462194
110,0,1279,3,-2.603822422,0.1478663834,1,-37.7462194
110,0,1285,5,-2.923523087,0.3034571022,1,-38.03793937
110,0,1286,5,-2.923523087,0.3034571022,1,-38.03793937
110,0,1287,5,-2.923523087,0.3034571022,1,-38.03793937
110,0,1288,5,-2.923523087,0.3034571022,1,-38.03793937
110,0,1290,6,-2.828432315,0.1947300555,1,-37.68374231
110,0,1291,6,-2.828432315,0.1947300555,1,-37.68374231
110,0,1292,6,-2.828432315,0.1947300555,1,-37.68374231
110,0,1293,6,-2.828432315,0.1947300555,1,-37.68374231
110,0,1305,9,-2.781814682,0.2063641779,1,-37.48822752
110,0,1306,9,-2.781814682,0.2063641779,1,-37.48822752
110,0,1307,9,-2.781814682,0.2063641779,1,-37.48822752
110,0,1308,9,-2.781814682,0.2063641779,1,-37.48822752
110,0,1309,9,-2.781814682,0.2063641779,1,-37.48822752
110,0,1320,12,-3.128081766,0.2738854085,1,-36.94503581
110,0,1321,12,-3.128081766,0.2738854085,1,-36.94503581
110,0,1322,12,-3.128081766,0.2738854085,1,-36.94503581
110,0,1323,12,-3.128081766,0.2738854085,1,-36.94503581
110,0,1335,15,-2.584536286,0.3041173677,1,-38.50633104
110,0,1336,15,-2.584536286,0.3041173677,1,-38.50633104
110,0,1337,15,-2.584536286,0.3041173677,1,-38.50633104
110,0,1338,15,-2.584536286,0.3041173677,1,-38.50633104
110,0,1339,15,-2.584536286,0.3041173677,1,-38.50633104
110,0,1340,16,-2.823393342,0.2265807073,1,-36.87988684
110,0,1341,16,-2.823393342,0.2265807073,1,-36.87988684
110,0,1342,16,-2.823393342,0.2265807073,1,-36.87988684
110,0,1343,16,-2.823393342,0.2265807073,1,-36.87988684
110,0,1344,16,-2.823393342,0.2265807073,1,-36.87988684
110,0,1355,19,-2.886835439,0.2532682377,1,-36.9533741
110,0,1356,19,-2.886835439,0.2532682377,1,-36.9533741
110,0,1357,19,-2.886835439,0.2532682377,1,-36.9533741
110,0,1358,19,-2.886835439,0.2532682377,1,-36.9533741
110,0,1359,19,-2.886835439,0.2532682377,1,-36.9533741
110,0,1360,20,-2.893816095,0.2882407529,1,-38.11159231
110,0,1361,20,-2.893816095,0.2882407529,1,-38.11159231
110,0,1362,20,-2.893816095,0.2882407529,1,-38.11159231
110,0,1363,20,-2.893816095,0.2882407529,1,-38.11159231
110,0,1364,20,-2.893816095,0.2882407529,1,-38.11159231
110,0,1365,21,-2.778784406,0.2177703333,1,-36.70725712
110,0,1366,21,-2.778784406,0.2177703333,1,-36.70725712
110,0,1367,21,-2.778784406,0.2177703333,1,-36.70725712
110,0,1368,21,-2.778784406,0.2177703333,1,-36.70725712
110,0,1369,21,-2.778784406,0.2177703333,1,-36.70725712
110,0,1375,23,-2.598718101,0.2822402516,1,-38.06163823
110,0,1376,23,-2.598718101,0.2822402516,1,-38.06163823
110,0,1377,23,-2.598718101,0.2822402516,1,-38.06163823
110,0,1378,23,-2.598718101,0.2822402516,1,-38.06163823
110,0,1380,24,-2.637323582,0.2484497448,1,-37.65769764
110,0,1381,24,-2.637323582,0.2484497448,1,-37.65769764
110,0,1382,24,-2.637323582,0.2484497448,1,-37.65769764
110,0,1383,24,-2.637323582,0.2484497448,1,-37.65769764
110,0,1384,24,-2.637323582,0.2484497448,1,-37.65769764
110,0,1390,26,-2.957447146,0.2562866482,1,-36.67273244
110,0,1391,26,-2.957447146,0.2562866482,1,-36.67273244
110,0,1392,26,-2.957447146,0.2562866482,1,-36.67273244
110,0,1393,26,-2.957447146,0.2562866482,1,-36.67273244
110,0,1395,27,-2.95945849,0.269248068,1,-37.25294317
110,0,1396,27,-2.95945849,0.269248068,1,-37.25294317
110,0,1397,27,-2.95945849,0.269248068,1,-37.25294317
110,0,1398,27,-2.95945849,0.269248068,1,-37.25294317
110,0,1399,27,-2.95945849,0.269248068,1,-37.25294317
110,0,1405,29,-2.98793202,0.3104872697,1,-37.44779006
110,0,1406,29,-2.98793202,0.3104872697,1,-37.44779006
110,0,1407,29,-2.98793202,0.3104872697,1,-37.44779006
110,0,1408,29,-2.98793202,0.3104872697,1,-37.44779006
110,0,1420,32,-2.800129068,0.2206032209,1,-36.68460035
110,0,1421,32,-2.800129068,0.2206032209,1,-36.68460035
110,0,1422,32,-2.800129068,0.2206032209,1,-36.68460035
110,0,1423,32,-2.800129068,0.2206032209,1,-36.68460035
110,0,1425,33,-2.5665301,0.2729216565,1,-38.4748428
110,0,1426,33,-2.5665301,0.2729216565,1,-38.4748428
110,0,1427,33,-2.5665301,0.2729216565,1,-38.4748428
110,0,1428,33,-2.5665301,0.2729216565,1,-38.4748428
110,0,1430,34,-3.013332932,0.3204154072,1,-37.30325645
110,0,1431,34,-3.013332932,0.3204154072,1,-37.30325645
110,0,1432,34,-3.013332932,0.3204154072,1,-37.30325645
110,0,1433,34,-3.013332932,0.3204154072,1,-37.30325645
110,0,1434,34,-3.013332932,0.3204154072,1,-37.30325645
110,0,1440,36,-2.986764782,0.3039322712,1,-37.38387614
110,0,1441,36,-2.986764782,0.3039322712,1,-37.38387614
110,0,1442,36,-2.986764782,0.3039322712,1,-37.38387614
110,0,1443,36,-2.986764782,0.3039322712,1,-37.38387614
110,0,1444,36,-2.986764782,0.3039322712,1,-37.38387614
110,0,1455,39,-2.985452011,0.3048578347,1,-37.3805212
110,0,1456,39,-2.985452011,0.3048578347,1,-37.3805212
110,0,1457,39,-2.985452011,0.3048578347,1,-37.3805212
110,0,1458,39,-2.985452011,0.3048578347,1,-37.3805212
110,0,1465,41,-2.602843748,0.08926406175,1,-38.50867917
110,0,1466,41,-2.602843748,0.08926406175,1,-38.50867917
110,0,1467,41,-2.602843748,0.08926406175,1,-38.50867917
110,0,1468,41,-2.602843748,0.08926406175,1,-38.50867917
110,0,1469,41,-2.602843748,0.08926406175,1,-38.50867917
110,0,1505,49,-2.836529464,0.2582413307,1,-38.25371862
110,0,1506,49,-2.836529464,0.2582413307,1,-38.25371862
110,0,1507,49,-2.836529464,0.2582413307,1,-38.25371862
110,0,1508,49,-2.836529464,0.2582413307,1,-38.25371862
110,0,1509,49,-2.836529464,0.2582413307,1,-38.25371862
110,0,1510,50,-2.606416527,0.1015197694,1,-38.51043285
110,0,1511,50,-2.606416527,0.1015197694,1,-38.51043285
110,0,1512,50,-2.606416527,0.1015197694,1,-38.51043285
110,0,1513,50,-2.606416527,0.1015197694,1,-38.51043285
110,0,1514,50,-2.606416527,0.1015197694,1,-38.51043285
110,0,1530,54,-2.71912177,0.1836386444,1,-38.26970283
110,0,1531,54,-2.71912177,0.1836386444,1,-38.26970283
110,0,1532,54,-2.71912177,0.1836386444,1,-38.26970283
110,0,1533,54,-2.71912177,0.1836386444,1,-38.26970283
110,0,1534,54,-2.71912177,0.1836386444,1,-38.26970283
110,0,1535,55,-2.685346476,0.1674987139,1,-38.45977035
110,0,1536,55,-2.685346476,0.1674987139,1,-38.45977035
110,0,1537,55,-2.685346476,0.1674987139,1,-38.45977035
110,0,1538,55,-2.685346476,0.1674987139,1,-38.45977035
110,0,1539,55,-2.685346476,0.1674987139,1,-38.45977035
110,0,1555,59,-2.602322482,0.09000390113,1,-38.65845425
110,0,1556,59,-2.602322482,0.09000390113,1,-38.65845425
110,0,1557,59,-2.602322482,0.09000390113,1,-38.65845425
110,0,1558,59,-2.602322482,0.09000390113,1,-38.65845425
110,0,1580,64,-2.819101971,0.2457534123,1,-38.2809792
110,0,1581,64,-2.819101971,0.2457534123,1,-38.2809792
110,0,1582,64,-2.819101971,0.2457534123,1,-38.2809792
110,0,1583,64,-2.819101971,0.2457534123,1,-38.2809792
110,0,1584,64,-2.819101971,0.2457534123,1,-38.2809792
110,0,1605,69,-3.179515038,0.2795505533,1,-37.55499934
110,0,1606,69,-3.179515038,0.2795505533,1,-37.55499934
110,0,1607,69,-3.179515038,0.2795505533,1,-37.55499934
110,0,1608,69,-3.179515038,0.2795505533,1,-37.55499934
110,0,1609,69,-3.179515038,0.2795505533,1,-37.55499934
110,0,1610,70,-3.247650253,0.2037220393,1,-37.45633288
110,0,1611,70,-3.247650253,0.2037220393,1,-37.45633288
110,0,1612,70,-3.247650253,0.2037220393,1,-37.45633288
110,0,1613,70,-3.247650253,0.2037220393,1,-37.45633288
110,0,1614,70,-3.247650253,0.2037220393,1,-37.45633288
110,0,1615,71,-2.657910341,0.1506371198,1,-38.50763071
110,0,1616,71,-2.657910341,0.1506371198,1,-38.50763071
110,0,1617,71,-2.657910341,0.1506371198,1,-38.50763071
110,0,1618,71,-2.657910341,0.1506371198,1,-38.50763071
110,0,1640,76,-2.64413028,0.1280044488,1,-38.61790673
110,0,1641,76,-2.64413028,0.1280044488,1,-38.61790673
110,0,1642,76,-2.64413028,0.1280044488,1,-38.61790673
110,0,1643,76,-2.64413028,0.1280044488,1,-38.61790673
110,0,1644,76,-2.64413028,0.1280044488,1,-38.61790673
110,0,1675,83,-2.803709222,0.2427854615,1,-38.26378255
110,0,1676,83,-2.803709222,0.2427854615,1,-38.26378255
110,0,1677,83,-2.803709222,0.2427854615,1,-38.26378255
110,0,1678,83,-2.803709222,0.2427854615,1,-38.26378255
110,0,1679,83,-2.803709222,0.2427854615,1,-38.26378255
110,0,1690,86,-3.142519195,0.1609649407,1,-37.48266191
110,0,1691,86,-3.142519195,0.1609649407,1,-37.48266191
110,0,1692,86,-3.142519195,0.1609649407,1,-37.48266191
110,0,1693,86,-3.142519195,0.1609649407,1,-37.48266191
110,0,1715,91,-3.385344949,0.1874106179,1,-37.20210672
110,0,1716,91,-3.385344949,0.1874106179,1,-37.20210672
110,0,1717,91,-3.385344949,0.1874106179,1,-37.20210672
110,0,1718,91,-3.385344949,0.1874106179,1,-37.20210672
110,0,1719,91,-3.385344949,0.1874106179,1,-37.20210672
110,0,1725,93,-2.62803337,0.1477131909,1,-38.0158265
110,0,1726,93,-2.62803337,0.1477131909,1,-38.0158265
110,0,1727,93,-2.62803337,0.1477131909,1,-38.0158265
110,0,1728,93,-2.62803337,0.1477131909,1,-38.0158265
110,0,1729,93,-2.62803337,0.1477131909,1,-38.0158265
110,0,1730,94,-2.631278173,0.1507955421,1,-38.01600059
110,0,1731,94,-2.631278173,0.1507955421,1,-38.01600059
110,0,1732,94,-2.631278173,0.1507955421,1,-38.01600059
110,0,1733,94,-2.631278173,0.1507955421,1,-38.01600059
110,0,1734,94,-2.631278173,0.1507955421,1,-38.01600059
110,0,1735,95,-2.614801696,0.1264295481,1,-37.72338297
110,0,1736,95,-2.614801696,0.1264295481,1,-37.72338297
110,0,1737,95,-2.614801696,0.1264295481,1,-37.72338297
110,0,1738,95,-2.614801696,0.1264295481,1,-37.72338297
110,0,1739,95,-2.614801696,0.1264295481,1,-37.72338297
110,0,1740,96,-2.74180177,0.2083660184,1,-37.55945077
110,0,1741,96,-2.74180177,0.2083660184,1,-37.55945077
110,0,1742,96,-2.74180177,0.2083660184,1,-37.55945077
110,0,1743,96,-2.74180177,0.2083660184,1,-37.55945077
110,0,1745,97,-3.321482853,0.2121074581,1,-37.29633272
110,0,1746,97,-3.321482853,0.2121074581,1,-37.29633272
110,0,1747,97,-3.321482853,0.2121074581,1,-37.29633272
110,0,1748,97,-3.321482853,0.2121074581,1,-37.29633272
110,0,1749,97,-3.321482853,0.2121074581,1,-37.29633272
110,0,1765,101,-2.683563078,0.1799795696,1,-37.60651722
110,0,1766,101,-2.683563078,0.1799795696,1,-37.60651722
110,0,1767,101,-2.683563078,0.1799795696,1,-37.60651722
110,0,1768,101,-2.683563078,0.1799795696,1,-37.60651722
110,0,1769,101,-2.683563078,0.1799795696,1,-37.60651722
110,0,1770,102,-2.625412206,0.144343732,1,-38.01810967
110,0,1771,102,-2.625412206,0.144343732,1,-38.01810967
110,0,1772,102,-2.625412206,0.144343732,1,-38.01810967
110,0,1773,102,-2.625412206,0.144343732,1,-38.01810967
110,0,1790,106,-2.759158665,0.2157374333,1,-37.55120177
110,0,1791,106,-2.759158665,0.2157374333,1,-37.55120177
110,0,1792,106,-2.759158665,0.2157374333,1,-37.55120177
110,0,1793,106,-2.759158665,0.2157374333,1,-37.55120177
110,0,1795,107,-2.613669729,0.1277208223,1,-37.72754291
110,0,1796,107,-2.613669729,0.1277208223,1,-37.72754291
110,0,1797,107,-2.613669729,0.1277208223,1,-37.72754291
110,0,1798,107,-2.613669729,0.1277208223,1,-37.72754291
110,0,1799,107,-2.613669729,0.1277208223,1,-37.72754291
110,0,1815,111,-3.036620704,0.2195293107,1,-37.10010118
110,0,1816,111,-3.036620704,0.2195293107,1,-37.10010118
110,0,1817,111,-3.036620704,0.2195293107,1,-37.10010118
110,0,1818,111,-3.036620704,0.2195293107,1,-37.10010118
110,0,1819,111,-3.036620704,0.2195293107,1,-37.10010118
110,0,1830,114,-3.02782241,0.2185336069,1,-37.11525918
110,0,1831,114,-3.02782241,0.2185336069,1,-37.11525918
110,0,1832,114,-3.02782241,0.2185336069,1,-37.11525918
110,0,1833,114,-3.02782241,0.2185336069,1,-37.11525918
110,0,1834,114,-3.02782241,0.2185336069,1,-37.11525918
110,0,1835,115,-3.088238113,0.2065751109,1,-36.95233329
110,0,1836,115,-3.088238113,0.2065751109,1,-36.95233329
110,0,1837,115,-3.088238113,0.2065751109,1,-36.95233329
110,0,1838,115,-3.088238113,0.2065751109,1,-36.95233329
110,0,1839,115,-3.088238113,0.2065751109,1,-36.95233329
110,0,1845,117,-2.71324666,0.2013587563,1,-37.11610169
110,0,1846,117,-2.71324666,0.2013587563,1,-37.11610169
110,0,1847,117,-2.71324666,0.2013587563,1,-37.11610169
110,0,1848,117,-2.71324666,0.2013587563,1,-37.11610169
110,0,1849,117,-2.71324666,0.2013587563,1,-37.11610169
110,0,1850,118,-2.972349504,0.2311095535,1,-36.77513163
110,0,1851,118,-2.972349504,0.2311095535,1,-36.77513163
110,0,1852,118,-2.972349504,0.2311095535,1,-36.77513163
110,0,1853,118,-2.972349504,0.2311095535,1,-36.77513163
110,0,1854,118,-2.972349504,0.2311095535,1,-36.77513163
110,0,1860,120,-2.7866564,0.2200555707,1,-36.70913823
110,0,1861,120,-2.7866564,0.2200555707,1,-36.70913823
110,0,1862,120,-2.7866564,0.2200555707,1,-36.70913823
110,0,1863,120,-2.7866564,0.2200555707,1,-36.70913823
110,0,1865,121,-2.84011408,0.2286147655,1,-36.84743078
110,0,1866,121,-2.84011408,0.2286147655,1,-36.84743078
110,0,1867,121,-2.84011408,0.2286147655,1,-36.84743078
110,0,1868,121,-2.84011408,0.2286147655,1,-36.84743078
110,0,1869,121,-2.84011408,0.2286147655,1,-36.84743078
110,0,1870,122,-2.602471425,0.1450590758,1,-37.75689464
110,0,1871,122,-2.602471425,0.1450590758,1,-37.75689464
110,0,1872,122,-2.602471425,0.1450590758,1,-37.75689464
110,0,1873,122,-2.602471425,0.1450590758,1,-37.75689464
110,0,1874,122,-2.602471425,0.1450590758,1,-37.75689464
110,0,1895,127,-2.632739389,0.1647054593,1,-37.26509658
110,0,1896,127,-2.632739389,0.1647054593,1,-37.26509658
110,0,1897,127,-2.632739389,0.1647054593,1,-37.26509658
110,0,1898,127,-2.632739389,0.1647054593,1,-37.26509658
110,0,1899,127,-2.632739389,0.1647054593,1,-37.26509658
110,0,1900,128,-3.09866143,0.141647008,1,-37.72654199
110,0,1901,128,-3.09866143,0.141647008,1,-37.72654199
110,0,1902,128,-3.09866143,0.141647008,1,-37.72654199
110,0,1903,128,-3.09866143,0.141647008,1,-37.72654199
110,0,1904,128,-3.09866143,0.141647008,1,-37.72654199
110,0,1905,129,-2.818306564,0.2195546069,1,-36.67174272
110,0,1906,129,-2.818306564,0.2195546069,1,-36.67174272
110,0,1907,129,-2.818306564,0.2195546069,1,-36.67174272
110,0,1908,129,-2.818306564,0.2195546069,1,-36.67174272
110,0,1909,129,-2.818306564,0.2195546069,1,-36.67174272
110,0,1915,131,-2.869391473,0.21230571,1,-36.84535889
110,0,1916,131,-2.869391473,0.21230571,1,-36.84535889
110,0,1917,131,-2.869391473,0.21230571,1,-36.84535889
110,0,1918,131,-2.869391473,0.21230571,1,-36.84535889
110,0,1919,131,-2.869391473,0.21230571,1,-36.84535889
110,0,1920,132,-2.798342356,0.2182713628,1,-36.67762285
110,0,1921,132,-2.798342356,0.2182713628,1,-36.67762285
110,0,1922,132,-2.798342356,0.2182713628,1,-36.67762285
110,0,1923,132,-2.798342356,0.2182713628,1,-36.67762285
110,0,1925,133,-2.689822423,0.1918571654,1,-36.86925936
110,0,1926,133,-2.689822423,0.1918571654,1,-36.86925936
110,0,1927,133,-2.689822423,0.1918571654,1,-36.86925936
110,0,1928,133,-2.689822423,0.1918571654,1,-36.86925936
110,0,1930,134,-2.860676868,0.2130037579,1,-36.85096512
110,0,1931,134,-2.860676868,0.2130037579,1,-36.85096512
110,0,1932,134,-2.860676868,0.2130037579,1,-36.85096512
110,0,1933,134,-2.860676868,0.2130037579,1,-36.85096512
110,0,1934,134,-2.860676868,0.2130037579,1,-36.85096512
110,0,1935,135,-2.754863861,0.2129429858,1,-36.78575103
110,0,1936,135,-2.754863861,0.2129429858,1,-36.78575103
110,0,1937,135,-2.754863861,0.2129429858,1,-36.78575103
110,0,1938,135,-2.754863861,0.2129429858,1,-36.78575103
110,0,1939,135,-2.754863861,0.2129429858,1,-36.78575103
110,0,1945,137,-2.606507624,0.1409522969,1,-37.75902234
110,0,1946,137,-2.606507624,0.1409522969,1,-37.75902234
110,0,1947,137,-2.606507624,0.1409522969,1,-37.75902234
110,0,1948,137,-2.606507624,0.1409522969,1,-37.75902234
110,0,1949,137,-2.606507624,0.1409522969,1,-37.75902234
110,0,1950,138,-2.647156904,0.1751826519,1,-37.28315683
110,0,1951,138,-2.647156904,0.1751826519,1,-37.28315683
110,0,1952,138,-2.647156904,0.1751826519,1,-37.28315683
110,0,1953,138,-2.647156904,0.1751826519,1,-37.28315683
110,0,1954,138,-2.647156904,0.1751826519,1,-37.28315683
110,0,1955,139,-2.721199389,0.203710465,1,-36.78558149
110,0,1956,139,-2.721199389,0.203710465,1,-36.78558149
110,0,1957,139,-2.721199389,0.203710465,1,-36.78558149
110,0,1958,139,-2.721199389,0.203710465,1,-36.78558149
110,0,1960,140,-2.606597063,0.1394746093,1,-37.75779196
110,0,1961,140,-2.606597063,0.1394746093,1,-37.75779196
110,0,1962,140,-2.606597063,0.1394746093,1,-37.75779196
110,0,1963,140,-2.606597063,0.1394746093,1,-37.75779196
110,0,1964,140,-2.606597063,0.1394746093,1,-37.75779196
110,0,1970,142,-2.860498793,0.2098199535,1,-36.87862626
110,0,1971,142,-2.860498793,0.2098199535,1,-36.87862626
110,0,1972,142,-2.860498793,0.2098199535,1,-36.87862626
110,0,1973,142,-2.860498793,0.2098199535,1,-36.87862626
110,0,2000,148,-2.786470076,0.2123314759,1,-38.36401629
110,0,2001,148,-2.786470076,0.2123314759,1,-38.36401629
110,0,2002,148,-2.786470076,0.2123314759,1,-38.36401629
110,0,2003,148,-2.786470076,0.2123314759,1,-38.36401629
110,0,2004,148,-2.786470076,0.2123314759,1,-38.36401629
110,0,2005,149,-2.78241496,0.2152351778,1,-36.70760423
110,0,2006,149,-2.78241496,0.2152351778,1,-36.70760423
110,0,2007,149,-2.78241496,0.2152351778,1,-36.70760423
110,0,2008,149,-2.78241496,0.2152351778,1,-36.70760423
110,0,2009,149,-2.78241496,0.2152351778,1,-36.70760423
110,0,2010,150,-2.715355903,0.2026893664,1,-36.79913428
110,0,2011,150,-2.715355903,0.2026893664,1,-36.79913428
110,0,2012,150,-2.715355903,0.2026893664,1,-36.79913428
110,0,2013,150,-2.715355903,0.2026893664,1,-36.79913428
110,0,2020,152,-2.609006752,0.1351784993,1,-37.75940164
110,0,2021,152,-2.609006752,0.1351784993,1,-37.75940164
110,0,2022,152,-2.609006752,0.1351784993,1,-37.75940164
110,0,2023,152,-2.609006752,0.1351784993,1,-37.75940164
110,0,2024,152,-2.609006752,0.1351784993,1,-37.75940164
110,0,2025,153,-3.04255161,0.194225492,1,-37.06250274
110,0,2026,153,-3.04255161,0.194225492,1,-37.06250274
110,0,2027,153,-3.04255161,0.194225492,1,-37.06250274
110,0,2028,153,-3.04255161,0.194225492,1,-37.06250274
110,0,2029,153,-3.04255161,0.194225492,1,-37.06250274
110,0,2030,154,-3.002386022,0.2129486418,1,-37.16515227
110,0,2031,154,-3.002386022,0.2129486418,1,-37.16515227
110,0,2032,154,-3.002386022,0.2129486418,1,-37.16515227
110,0,2033,154,-3.002386022,0.2129486418,1,-37.16515227
110,0,2045,157,-2.699758344,0.1844941877,1,-37.1002433
110,0,2046,157,-2.699758344,0.1844941877,1,-37.1002433
110,0,2047,157,-2.699758344,0.1844941877,1,-37.1002433
110,0,2048,157,-2.699758344,0.1844941877,1,-37.1002433
110,0,2049,157,-2.699758344,0.1844941877,1,-37.1002433
110,0,2050,158,-2.980404414,0.1728702991,1,-38.00167555
110,0,2051,158,-2.980404414,0.1728702991,1,-38.00167555
110,0,2052,158,-2.980404414,0.1728702991,1,-38.00167555
110,0,2053,158,-2.980404414,0.1728702991,1,-38.00167555
110,0,2054,158,-2.980404414,0.1728702991,1,-38.00167555
110,0,2085,165,-2.910082914,0.2313854667,1,-36.79500842
110,0,2086,165,-2.910082914,0.2313854667,1,-36.79500842
110,0,2087,165,-2.910082914,0.2313854667,1,-36.79500842
110,0,2088,165,-2.910082914,0.2313854667,1,-36.79500842
110,0,2090,166,-2.607051831,0.1374368158,1,-37.76236962
110,0,2091,166,-2.607051831,0.1374368158,1,-37.76236962
110,0,2092,166,-2.607051831,0.1374368158,1,-37.76236962
110,0,2093,166,-2.607051831,0.1374368158,1,-37.76236962
110,0,2094,166,-2.607051831,0.1374368158,1,-37.76236962
110,0,2095,167,-2.917222133,0.2266548444,1,-36.93121188
110,0,2096,167,-2.917222133,0.2266548444,1,-36.93121188
110,0,2097,167,-2.917222133,0.2266548444,1,-36.93121188
110,0,2098,167,-2.917222133,0.2266548444,1,-36.93121188
110,0,2099,167,-2.917222133,0.2266548444,1,-36.93121188
110,0,2100,168,-2.688902775,0.1798522395,1,-37.11068389
110,0,2101,168,-2.688902775,0.1798522395,1,-37.11068389
110,0,2102,168,-2.688902775,0.1798522395,1,-37.11068389
110,0,2103,168,-2.688902775,0.1798522395,1,-37.11068389
110,0,2110,170,-2.741251281,0.201700165,1,-36.99354522
110,0,2111,170,-2.741251281,0.201700165,1,-36.99354522
110,0,2112,170,-2.741251281,0.201700165,1,-36.99354522
110,0,2113,170,-2.741251281,0.201700165,1,-36.99354522
110,0,2115,171,-2.775146338,0.2271902786,1,-38.31190093
110,0,2116,171,-2.775146338,0.2271902786,1,-38.31190093
110,0,2117,171,-2.775146338,0.2271902786,1,-38.31190093
110,0,2118,171,-2.775146338,0.2271902786,1,-38.31190093
110,0,2119,171,-2.775146338,0.2271902786,1,-38.31190093
110,0,2120,172,-2.98535266,0.2074898876,1,-37.21469299
110,0,2121,172,-2.98535266,0.2074898876,1,-37.21469299
110,0,2122,172,-2.98535266,0.2074898876,1,-37.21469299
110,0,2123,172,-2.98535266,0.2074898876,1,-37.21469299
110,0,2124,172,-2.98535266,0.2074898876,1,-37.21469299
110,0,2130,174,-2.607139842,0.137587892,1,-37.76088051
110,0,2131,174,-2.607139842,0.137587892,1,-37.76088051
110,0,2132,174,-2.607139842,0.137587892,1,-37.76088051
110,0,2133,174,-2.607139842,0.137587892,1,-37.76088051
110,0,2134,174,-2.607139842,0.137587892,1,-37.76088051
110,0,2140,176,-2.718214054,0.1927591581,1,-37.10627324
110,0,2141,176,-2.718214054,0.1927591581,1,-37.10627324
110,0,2142,176,-2.718214054,0.1927591581,1,-37.10627324
110,0,2143,176,-2.718214054,0.1927591581,1,-37.10627324
110,0,2144,176,-2.718214054,0.1927591581,1,-37.10627324
110,0,2165,181,-2.606670474,0.1395336068,1,-37.75831588
110,0,2166,181,-2.606670474,0.1395336068,1,-37.75831588
110,0,2167,181,-2.606670474,0.1395336068,1,-37.75831588
110,0,2168,181,-2.606670474,0.1395336068,1,-37.75831588
110,0,2169,181,-2.606670474,0.1395336068,1,-37.75831588
110,0,2180,184,-2.889138742,0.1882984257,1,-37.65481332
110,0,2181,184,-2.889138742,0.1882984257,1,-37.65481332
110,0,2182,184,-2.889138742,0.1882984257,1,-37.65481332
110,0,2183,184,-2.889138742,0.1882984257,1,-37.65481332
110,0,2184,184,-2.889138742,0.1882984257,1,-37.65481332
110,0,2185,185,-2.959189095,0.2171732471,1,-36.83641126
110,0,2186,185,-2.959189095,0.2171732471,1,-36.83641126
110,0,2187,185,-2.959189095,0.2171732471,1,-36.83641126
110,0,2188,185,-2.959189095,0.2171732471,1,-36.83641126
110,0,2189,185,-2.959189095,0.2171732471,1,-36.83641126
110,0,2200,188,-2.594681602,0.09448771535,1,-38.44547787
110,0,2201,188,-2.594681602,0.09448771535,1,-38.44547787
110,0,2202,188,-2.594681602,0.09448771535,1,-38.44547787
110,0,2203,188,-2.594681602,0.09448771535,1,-38.44547787
110,0,2204,188,-2.594681602,0.09448771535,1,-38.44547787
110,0,2205,189,-2.604440826,0.1081372408,1,-38.43864087
110,0,2206,189,-2.604440826,0.1081372408,1,-38.43864087
110,0,2207,189,-2.604440826,0.1081372408,1,-38.43864087
110,0,2208,189,-2.604440826,0.1081372408,1,-38.43864087
110,0,2209,189,-2.604440826,0.1081372408,1,-38.43864087
110,0,2210,190,-2.594688951,0.09538227812,1,-38.44599525
110,0,2211,190,-2.594688951,0.09538227812,1,-38.44599525
110,0,2212,190,-2.594688951,0.09538227812,1,-38.44599525
110,0,2213,190,-2.594688951,0.09538227812,1,-38.44599525
110,0,2214,190,-2.594688951,0.09538227812,1,-38.44599525
110,0,2220,192,-2.631468308,0.1324704206,1,-38.03036377
110,0,2221,192,-2.631468308,0.1324704206,1,-38.03036377
110,0,2222,192,-2.631468308,0.1324704206,1,-38.03036377
110,0,2223,192,-2.631468308,0.1324704206,1,-38.03036377
110,0,2224,192,-2.631468308,0.1324704206,1,-38.03036377
110,0,2230,194,-2.915219992,0.2305878828,1,-36.78744427
110,0,2231,194,-2.915219992,0.2305878828,1,-36.78744427
110,0,2232,194,-2.915219992,0.2305878828,1,-36.78744427
110,0,2233,194,-2.915219992,0.2305878828,1,-36.78744427
110,0,2234,194,-2.915219992,0.2305878828,1,-36.78744427
110,0,2235,195,-2.599477368,0.1044927502,1,-38.44320209
110,0,2236,195,-2.599477368,0.1044927502,1,-38.44320209
110,0,2237,195,-2.599477368,0.1044927502,1,-38.44320209
110,0,2238,195,-2.599477368,0.1044927502,1,-38.44320209
110,0,2239,195,-2.599477368,0.1044927502,1,-38.44320209
110,0,2240,196,-2.617922394,0.1139484455,1,-38.02300518
110,0,2241,196,-2.617922394,0.1139484455,1,-38.02300518
110,0,2242,196,-2.617922394,0.1139484455,1,-38.02300518
110,0,2243,196,-2.617922394,0.1139484455,1,-38.02300518
110,0,2245,197,-2.8078109,0.2178663203,1,-37.06030316
110,0,2246,197,-2.8078109,0.2178663203,1,-37.06030316
110,0,2247,197,-2.8078109,0.2178663203,1,-37.06030316
110,0,2248,197,-2.8078109,0.2178663203,1,-37.06030316
110,0,2249,197,-2.8078109,0.2178663203,1,-37.06030316
110,0,2250,198,-2.623767421,0.1247582615,1,-38.03135413
110,0,2251,198,-2.623767421,0.1247582615,1,-38.03135413
110,0,2252,198,-2.623767421,0.1247582615,1,-38.03135413
110,0,2253,198,-2.623767421,0.1247582615,1,-38.03135413
110,0,2254,198,-2.623767421,0.1247582615,1,-38.03135413
110,0,2255,199,-2.75207,0.226238335,1,-37.52693196
110,0,2256,199,-2.75207,0.226238335,1,-37.52693196
110,0,2257,199,-2.75207,0.226238335,1,-37.52693196
110,0,2258,199,-2.75207,0.226238335,1,-37.52693196
110,0,2259,199,-2.75207,0.226238335,1,-37.52693196
110,0,2260,200,-2.917529811,0.2211347737,1,-36.86297999
110,0,2261,200,-2.917529811,0.2211347737,1,-36.86297999
110,0,2262,200,-2.917529811,0.2211347737,1,-36.86297999
110,0,2263,200,-2.917529811,0.2211347737,1,-36.86297999
110,0,2264,200,-2.917529811,0.2211347737,1,-36.86297999
110,0,2270,202,-2.602948134,0.3001889095,1,-38.61225103
110,0,2271,202,-2.602948134,0.3001889095,1,-38.61225103
110,0,2272,202,-2.602948134,0.3001889095,1,-38.61225103
110,0,2273,202,-2.602948134,0.3001889095,1,-38.61225103
110,0,2274,202,-2.602948134,0.3001889095,1,-38.61225103
110,0,2275,203,-2.793436643,0.2127798494,1,-37.07381151
110,0,2276,203,-2.793436643,0.2127798494,1,-37.07381151
110,0,2277,203,-2.793436643,0.2127798494,1,-37.07381151
110,0,2278,203,-2.793436643,0.2127798494,1,-37.07381151
110,0,2279,203,-2.793436643,0.2127798494,1,-37.07381151
110,0,2280,204,-2.896829404,0.2279504896,1,-36.81234172
110,0,2281,204,-2.896829404,0.2279504896,1,-36.81234172
110,0,2282,204,-2.896829404,0.2279504896,1,-36.81234172
110,0,2283,204,-2.896829404,0.2279504896,1,-36.81234172
110,0,2284,204,-2.896829404,0.2279504896,1,-36.81234172
110,0,2285,205,-2.814419128,0.2195676699,1,-37.06921241
110,0,2286,205,-2.814419128,0.2195676699,1,-37.06921241
110,0,2287,205,-2.814419128,0.2195676699,1,-37.06921241
110,0,2288,205,-2.814419128,0.2195676699,1,-37.06921241
110,0,2289,205,-2.814419128,0.2195676699,1,-37.06921241
110,0,2290,206,-2.619644585,0.1101649542,1,-37.73597722
110,0,2291,206,-2.619644585,0.1101649542,1,-37.73597722
110,0,2292,206,-2.619644585,0.1101649542,1,-37.73597722
110,0,2293,206,-2.619644585,0.1101649542,1,-37.73597722
110,0,2294,206,-2.619644585,0.1101649542,1,-37.73597722
110,0,2295,207,-2.733078347,0.1870032151,1,-37.05735597
110,0,2296,207,-2.733078347,0.1870032151,1,-37.05735597
110,0,2297,207,-2.733078347,0.1870032151,1,-37.05735597
110,0,2298,207,-2.733078347,0.1870032151,1,-37.05735597
110,0,2299,207,-2.733078347,0.1870032151,1,-37.05735597
110,0,2300,208,-2.88503952,0.2275837006,1,-36.81524902
110,0,2301,208,-2.88503952,0.2275837006,1,-36.81524902
110,0,2302,208,-2.88503952,0.2275837006,1,-36.81524902
110,0,2303,208,-2.88503952,0.2275837006,1,-36.81524902
110,0,2304,208,-2.88503952,0.2275837006,1,-36.81524902
110,0,2305,209,-2.840103537,0.2077801149,1,-37.46235334
110,0,2306,209,-2.840103537,0.2077801149,1,-37.46235334
110,0,2307,209,-2.840103537,0.2077801149,1,-37.46235334
110,0,2308,209,-2.840103537,0.2077801149,1,-37.46235334
110,0,2309,209,-2.840103537,0.2077801149,1,-37.46235334
110,0,2310,210,-2.580400681,0.3217746887,1,-38.64175038
110,0,2311,210,-2.580400681,0.3217746887,1,-38.64175038
110,0,2312,210,-2.580400681,0.3217746887,1,-38.64175038
110,0,2313,210,-2.580400681,0.3217746887,1,-38.64175038
110,0,2314,210,-2.580400681,0.3217746887,1,-38.64175038
110,0,2320,212,-2.889000061,0.2261302115,1,-36.82880664
110,0,2321,212,-2.889000061,0.2261302115,1,-36.82880664
110,0,2322,212,-2.889000061,0.2261302115,1,-36.82880664
110,0,2323,212,-2.889000061,0.2261302115,1,-36.82880664
110,0,2324,212,-2.889000061,0.2261302115,1,-36.82880664
110,0,2325,213,-2.894824397,0.2196305753,1,-36.99293472
110,0,2326,213,-2.894824397,0.2196305753,1,-36.99293472
110,0,2327,213,-2.894824397,0.2196305753,1,-36.99293472
110,0,2328,213,-2.894824397,0.2196305753,1,-36.99293472
110,0,2329,213,-2.894824397,0.2196305753,1,-36.99293472
110,0,2330,214,-2.620014484,0.1118796127,1,-37.74228709
110,0,2331,214,-2.620014484,0.1118796127,1,-37.74228709
110,0,2332,214,-2.620014484,0.1118796127,1,-37.74228709
110,0,2333,214,-2.620014484,0.1118796127,1,-37.74228709
110,0,2334,214,-2.620014484,0.1118796127,1,-37.74228709
110,0,2335,215,-2.5783105,0.3205734972,1,-38.64600838
110,0,2336,215,-2.5783105,0.3205734972,1,-38.64600838
110,0,2337,215,-2.5783105,0.3205734972,1,-38.64600838
110,0,2338,215,-2.5783105,0.3205734972,1,-38.64600838
110,0,2339,215,-2.5783105,0.3205734972,1,-38.64600838
110,0,2340,216,-2.744604758,0.1933247351,1,-37.06288035
110,0,2341,216,-2.744604758,0.1933247351,1,-37.06288035
110,0,2342,216,-2.744604758,0.1933247351,1,-37.06288035
110,0,2343,216,-2.744604758,0.1933247351,1,-37.06288035
110,0,2344,216,-2.744604758,0.1933247351,1,-37.06288035
110,0,2350,218,-2.806838318,0.2140248915,1,-37.12692079
110,0,2351,218,-2.806838318,0.2140248915,1,-37.12692079
110,0,2352,218,-2.806838318,0.2140248915,1,-37.12692079
110,0,2353,218,-2.806838318,0.2140248915,1,-37.12692079
110,0,2354,218,-2.806838318,0.2140248915,1,-37.12692079
110,0,2355,219,-2.607181812,0.2739046594,1,-38.42536721
110,0,2356,219,-2.607181812,0.2739046594,1,-38.42536721
110,0,2357,219,-2.607181812,0.2739046594,1,-38.42536721
110,0,2358,219,-2.607181812,0.2739046594,1,-38.42536721
110,0,2359,219,-2.607181812,0.2739046594,1,-38.42536721
110,0,2365,221,-2.597048329,0.2971083331,1,-38.47714583
110,0,2366,221,-2.597048329,0.2971083331,1,-38.47714583
110,0,2367,221,-2.597048329,0.2971083331,1,-38.47714583
110,0,2368,221,-2.597048329,0.2971083331,1,-38.47714583
110,0,2369,221,-2.597048329,0.2971083331,1,-38.47714583
110,0,2375,223,-2.666054076,0.1487023427,1,-37.33035621
110,0,2376,223,-2.666054076,0.1487023427,1,-37.33035621
110,0,2377,223,-2.666054076,0.1487023427,1,-37.33035621
110,0,2378,223,-2.666054076,0.1487023427,1,-37.33035621
110,0,2379,223,-2.666054076,0.1487023427,1,-37.33035621
110,0,2380,224,-2.740728588,0.191944071,1,-37.07262164
110,0,2381,224,-2.740728588,0.191944071,1,-37.07262164
110,0,2382,224,-2.740728588,0.191944071,1,-37.07262164
110,0,2383,224,-2.740728588,0.191944071,1,-37.07262164
110,0,2384,224,-2.740728588,0.191944071,1,-37.07262164
110,0,2385,225,-2.774695876,0.2058724369,1,-37.10352056
110,0,2386,225,-2.774695876,0.2058724369,1,-37.10352056
110,0,2387,225,-2.774695876,0.2058724369,1,-37.10352056
110,0,2388,225,-2.774695876,0.2058724369,1,-37.10352056
110,0,2389,225,-2.774695876,0.2058724369,1,-37.10352056
110,0,2390,226,-2.801092091,0.2140881413,1,-36.69496428
110,0,2391,226,-2.801092091,0.2140881413,1,-36.69496428
110,0,2392,226,-2.801092091,0.2140881413,1,-36.69496428
110,0,2393,226,-2.801092091,0.2140881413,1,-36.69496428
110,0,2394,226,-2.801092091,0.2140881413,1,-36.69496428
110,0,2395,227,-2.624114796,0.1101765535,1,-38.02484901
110,0,2396,227,-2.624114796,0.1101765535,1,-38.02484901
110,0,2397,227,-2.624114796,0.1101765535,1,-38.02484901
110,0,2398,227,-2.624114796,0.1101765535,1,-38.02484901
110,0,2399,227,-2.624114796,0.1101765535,1,-38.02484901
110,0,2405,229,-2.79269015,0.2129586629,1,-36.6619796
110,0,2406,229,-2.79269015,0.2129586629,1,-36.6619796
110,0,2407,229,-2.79269015,0.2129586629,1,-36.6619796
110,0,2408,229,-2.79269015,0.2129586629,1,-36.6619796
110,0,2409,229,-2.79269015,0.2129586629,1,-36.6619796
110,0,2410,230,-2.719501338,0.2286316007,1,-37.04684658
110,0,2411,230,-2.719501338,0.2286316007,1,-37.04684658
110,0,2412,230,-2.719501338,0.2286316007,1,-37.04684658
110,0,2413,230,-2.719501338,0.2286316007,1,-37.04684658
110,0,2414,230,-2.719501338,0.2286316007,1,-37.04684658
110,0,2415,231,-2.602627526,0.2966005889,1,-38.07515151
110,0,2416,231,-2.602627526,0.2966005889,1,-38.07515151
110,0,2417,231,-2.602627526,0.2966005889,1,-38.07515151
110,0,2418,231,-2.602627526,0.2966005889,1,-38.07515151
110,0,2419,231,-2.602627526,0.2966005889,1,-38.07515151
110,0,2420,232,-2.59271322,0.3076782739,1,-38.67497605
110,0,2421,232,-2.59271322,0.3076782739,1,-38.67497605
110,0,2422,232,-2.59271322,0.3076782739,1,-38.67497605
110,0,2423,232,-2.59271322,0.3076782739,1,-38.67497605
110,0,2425,233,-2.712101981,0.1788385297,1,-37.09134872
110,0,2426,233,-2.712101981,0.1788385297,1,-37.09134872
110,0,2427,233,-2.712101981,0.1788385297,1,-37.09134872
110,0,2428,233,-2.712101981,0.1788385297,1,-37.09134872
110,0,2429,233,-2.712101981,0.1788385297,1,-37.09134872
110,0,2430,234,-2.774657938,0.2077098092,1,-36.74450561
110,0,2431,234,-2.774657938,0.2077098092,1,-36.74450561
110,0,2432,234,-2.774657938,0.2077098092,1,-36.74450561
110,0,2433,234,-2.774657938,0.2077098092,1,-36.74450561
110,0,2434,234,-2.774657938,0.2077098092,1,-36.74450561
110,0,2435,235,-2.590289344,0.09071266559,1,-38.6111658
110,0,2436,235,-2.590289344,0.09071266559,1,-38.6111658
110,0,2437,235,-2.590289344,0.09071266559,1,-38.6111658
110,0,2438,235,-2.590289344,0.09071266559,1,-38.6111658
110,0,2439,235,-2.590289344,0.09071266559,1,-38.6111658
110,0,2445,237,-2.619704017,0.09405444788,1,-38.43114898
110,0,2446,237,-2.619704017,0.09405444788,1,-38.43114898
110,0,2447,237,-2.619704017,0.09405444788,1,-38.43114898
110,0,2448,237,-2.619704017,0.09405444788,1,-38.43114898
110,0,2449,237,-2.619704017,0.09405444788,1,-38.43114898
110,0,2450,238,-2.652748645,0.141859093,1,-37.74825186
110,0,2451,238,-2.652748645,0.141859093,1,-37.74825186
110,0,2452,238,-2.652748645,0.141859093,1,-37.74825186
110,0,2453,238,-2.652748645,0.141859093,1,-37.74825186
110,0,2454,238,-2.652748645,0.141859093,1,-37.74825186
110,0,2455,239,-2.624299218,0.1215581372,1,-38.03923096
110,0,2456,239,-2.624299218,0.1215581372,1,-38.03923096
110,0,2457,239,-2.624299218,0.1215581372,1,-38.03923096
110,0,2458,239,-2.624299218,0.1215581372,1,-38.03923096
110,0,2459,239,-2.624299218,0.1215581372,1,-38.03923096
110,0,2460,240,-2.744722755,0.2221135127,1,-36.73409755
110,0,2461,240,-2.744722755,0.2221135127,1,-36.73409755
110,0,2462,240,-2.744722755,0.2221135127,1,-36.73409755
110,0,2463,240,-2.744722755,0.2221135127,1,-36.73409755
110,0,2464,240,-2.744722755,0.2221135127,1,-36.73409755
110,0,2480,244,-2.776636727,0.2130799627,1,-36.72755617
110,0,2481,244,-2.776636727,0.2130799627,1,-36.72755617
110,0,2482,244,-2.776636727,0.2130799627,1,-36.72755617
110,0,2483,244,-2.776636727,0.2130799627,1,-36.72755617
110,0,2484,244,-2.776636727,0.2130799627,1,-36.72755617
110,0,2495,247,-2.608364666,0.08560989635,1,-38.4402334
110,0,2496,247,-2.608364666,0.08560989635,1,-38.4402334
110,0,2497,247,-2.608364666,0.08560989635,1,-38.4402334
110,0,2498,247,-2.608364666,0.08560989635,1,-38.4402334
110,0,2499,247,-2.608364666,0.08560989635,1,-38.4402334
110,0,2500,248,-2.671477729,0.2498129003,1,-37.09238636
110,0,2501,248,-2.671477729,0.2498129003,1,-37.09238636
110,0,2502,248,-2.671477729,0.2498129003,1,-37.09238636
110,0,2503,248,-2.671477729,0.2498129003,1,-37.09238636
110,0,2504,248,-2.671477729,0.2498129003,1,-37.09238636
110,0,2505,249,-2.599429972,0.2943130362,1,-38.04942732
110,0,2506,249,-2.599429972,0.2943130362,1,-38.04942732
110,0,2507,249,-2.599429972,0.2943130362,1,-38.04942732
110,0,2508,249,-2.599429972,0.2943130362,1,-38.04942732
110,0,2510,250,-2.600782622,0.2963022059,1,-38.03779576
110,0,2511,250,-2.600782622,0.2963022059,1,-38.03779576
110,0,2512,250,-2.600782622,0.2963022059,1,-38.03779576
110,0,2513,250,-2.600782622,0.2963022059,1,-38.03779576
110,0,2514,250,-2.600782622,0.2963022059,1,-38.03779576
110,0,2515,251,-2.674720218,0.2465934366,1,-37.08622495
110,0,2516,251,-2.674720218,0.2465934366,1,-37.08622495
110,0,2517,251,-2.674720218,0.2465934366,1,-37.08622495
110,0,2518,251,-2.674720218,0.2465934366,1,-37.08622495
110,0,2520,252,-2.614093739,0.09474308697,1,-38.4375989
110,0,2521,252,-2.614093739,0.09474308697,1,-38.4375989
110,0,2522,252,-2.614093739,0.09474308697,1,-38.4375989
110,0,2523,252,-2.614093739,0.09474308697,1,-38.4375989
110,0,2524,252,-2.614093739,0.09474308697,1,-38.4375989
110,0,2525,253,-2.620058367,0.1167666329,1,-38.04115101
110,0,2526,253,-2.620058367,0.1167666329,1,-38.04115101
110,0,2527,253,-2.620058367,0.1167666329,1,-38.04115101
110,0,2528,253,-2.620058367,0.1167666329,1,-38.04115101
110,0,2529,253,-2.620058367,0.1167666329,1,-38.04115101
110,0,2530,254,-2.746255226,0.218043091,1,-36.80284626
110,0,2531,254,-2.746255226,0.218043091,1,-36.80284626
110,0,2532,254,-2.746255226,0.218043091,1,-36.80284626
110,0,2533,254,-2.746255226,0.218043091,1,-36.80284626
110,0,2534,254,-2.746255226,0.218043091,1,-36.80284626
110,0,2540,256,-2.599205506,0.2936992051,1,-38.03844005
110,0,2541,256,-2.599205506,0.2936992051,1,-38.03844005
110,0,2542,256,-2.599205506,0.2936992051,1,-38.03844005
110,0,2543,256,-2.599205506,0.2936992051,1,-38.03844005
110,0,2544,256,-2.599205506,0.2936992051,1,-38.03844005
110,0,2545,257,-2.672011641,0.1568734119,1,-37.24997054
110,0,2546,257,-2.672011641,0.1568734119,1,-37.24997054
110,0,2547,257,-2.672011641,0.1568734119,1,-37.24997054
110,0,2548,257,-2.672011641,0.1568734119,1,-37.24997054
110,0,2549,257,-2.672011641,0.1568734119,1,-37.24997054
110,0,2560,260,-2.597515063,0.2892946467,1,-38.04752853
110,0,2561,260,-2.597515063,0.2892946467,1,-38.04752853
110,0,2562,260,-2.597515063,0.2892946467,1,-38.04752853
110,0,2563,260,-2.597515063,0.2892946467,1,-38.04752853
110,0,2564,260,-2.597515063,0.2892946467,1,-38.04752853
110,0,2565,261,-2.749540668,0.2143870222,1,-36.77364249
110,0,2566,261,-2.749540668,0.2143870222,1,-36.77364249
110,0,2567,261,-2.749540668,0.2143870222,1,-36.77364249
110,0,2568,261,-2.749540668,0.2143870222,1,-36.77364249
110,0,2570,262,-2.598383978,0.2917504356,1,-38.03565448
110,0,2571,262,-2.598383978,0.2917504356,1,-38.03565448
110,0,2572,262,-2.598383978,0.2917504356,1,-38.03565448
110,0,2573,262,-2.598383978,0.2917504356,1,-38.03565448
110,0,2574,262,-2.598383978,0.2917504356,1,-38.03565448
110,0,2575,263,-2.594299196,0.2937075109,1,-38.47393378
110,0,2576,263,-2.594299196,0.2937075109,1,-38.47393378
110,0,2577,263,-2.594299196,0.2937075109,1,-38.47393378
110,0,2578,263,-2.594299196,0.2937075109,1,-38.47393378
110,0,2605,269,-2.600068008,0.2815331254,1,-37.71772814
110,0,2606,269,-2.600068008,0.2815331254,1,-37.71772814
110,0,2607,269,-2.600068008,0.2815331254,1,-37.71772814
110,0,2608,269,-2.600068008,0.2815331254,1,-37.71772814
110,0,2609,269,-2.600068008,0.2815331254,1,-37.71772814
110,0,2615,271,-2.600483269,0.2830949922,1,-37.73990597
110,0,2616,271,-2.600483269,0.2830949922,1,-37.73990597
110,0,2617,271,-2.600483269,0.2830949922,1,-37.73990597
110,0,2618,271,-2.600483269,0.2830949922,1,-37.73990597
110,0,2619,271,-2.600483269,0.2830949922,1,-37.73990597
110,0,2625,273,-2.818764753,0.21549505,1,-36.90051951
110,0,2626,273,-2.818764753,0.21549505,1,-36.90051951
110,0,2627,273,-2.818764753,0.21549505,1,-36.90051951
110,0,2628,273,-2.818764753,0.21549505,1,-36.90051951
110,0,2629,273,-2.818764753,0.21549505,1,-36.90051951
110,0,2630,274,-2.849865552,0.217817293,1,-36.64237409
110,0,2631,274,-2.849865552,0.217817293,1,-36.64237409
110,0,2632,274,-2.849865552,0.217817293,1,-36.64237409
110,0,2633,274,-2.849865552,0.217817293,1,-36.64237409
110,0,2634,274,-2.849865552,0.217817293,1,-36.64237409
110,0,2635,275,-2.739776069,0.2280688476,1,-37.17154239
110,0,2636,275,-2.739776069,0.2280688476,1,-37.17154239
110,0,2637,275,-2.739776069,0.2280688476,1,-37.17154239
110,0,2638,275,-2.739776069,0.2280688476,1,-37.17154239
110,0,2639,275,-2.739776069,0.2280688476,1,-37.17154239
110,0,2645,277,-2.611228239,0.1324583624,1,-37.76492731
110,0,2646,277,-2.611228239,0.1324583624,1,-37.76492731
110,0,2647,277,-2.611228239,0.1324583624,1,-37.76492731
110,0,2648,277,-2.611228239,0.1324583624,1,-37.76492731
110,0,2660,280,-2.600658768,0.2731240042,1,-37.78358078
110,0,2661,280,-2.600658768,0.2731240042,1,-37.78358078
110,0,2662,280,-2.600658768,0.2731240042,1,-37.78358078
110,0,2663,280,-2.600658768,0.2731240042,1,-37.78358078
110,0,2664,280,-2.600658768,0.2731240042,1,-37.78358078
110,0,2665,281,-2.812147499,0.2137399851,1,-36.90034042
110,0,2666,281,-2.812147499,0.2137399851,1,-36.90034042
110,0,2667,281,-2.812147499,0.2137399851,1,-36.90034042
110,0,2668,281,-2.812147499,0.2137399851,1,-36.90034042
110,0,2669,281,-2.812147499,0.2137399851,1,-36.90034042
110,0,2670,282,-2.729733202,0.2305633856,1,-37.17916885
110,0,2671,282,-2.729733202,0.2305633856,1,-37.17916885
110,0,2672,282,-2.729733202,0.2305633856,1,-37.17916885
110,0,2673,282,-2.729733202,0.2305633856,1,-37.17916885
110,0,2674,282,-2.729733202,0.2305633856,1,-37.17916885
110,0,2675,283,-2.749358875,0.1948051957,1,-37.13951976
110,0,2676,283,-2.749358875,0.1948051957,1,-37.13951976
110,0,2677,283,-2.749358875,0.1948051957,1,-37.13951976
110,0,2678,283,-2.749358875,0.1948051957,1,-37.13951976
110,0,2679,283,-2.749358875,0.1948051957,1,-37.13951976
110,0,2680,284,-2.794666367,0.2082494227,1,-36.72006299
110,0,2681,284,-2.794666367,0.2082494227,1,-36.72006299
110,0,2682,284,-2.794666367,0.2082494227,1,-36.72006299
110,0,2683,284,-2.794666367,0.2082494227,1,-36.72006299
110,0,2684,284,-2.794666367,0.2082494227,1,-36.72006299
110,0,2685,285,-2.731947514,0.1868866518,1,-37.10512509
110,0,2686,285,-2.731947514,0.1868866518,1,-37.10512509
110,0,2687,285,-2.731947514,0.1868866518,1,-37.10512509
110,0,2688,285,-2.731947514,0.1868866518,1,-37.10512509
110,0,2689,285,-2.731947514,0.1868866518,1,-37.10512509
110,0,2690,286,-2.729103495,0.2303466798,1,-37.17633211
110,0,2691,286,-2.729103495,0.2303466798,1,-37.17633211
110,0,2692,286,-2.729103495,0.2303466798,1,-37.17633211
110,0,2693,286,-2.729103495,0.2303466798,1,-37.17633211
110,0,2694,286,-2.729103495,0.2303466798,1,-37.17633211
110,0,2700,288,-2.793503624,0.2171382798,1,-36.92750604
110,0,2701,288,-2.793503624,0.2171382798,1,-36.92750604
110,0,2702,288,-2.793503624,0.2171382798,1,-36.92750604
110,0,2703,288,-2.793503624,0.2171382798,1,-36.92750604
110,0,2704,288,-2.793503624,0.2171382798,1,-36.92750604
110,0,2710,290,-2.793996124,0.2088659499,1,-37.00798404
110,0,2711,290,-2.793996124,0.2088659499,1,-37.00798404
110,0,2712,290,-2.793996124,0.2088659499,1,-37.00798404
110,0,2713,290,-2.793996124,0.2088659499,1,-37.00798404
110,0,2714,290,-2.793996124,0.2088659499,1,-37.00798404
110,0,2715,291,-2.609712829,0.1297983553,1,-37.77136413
110,0,2716,291,-2.609712829,0.1297983553,1,-37.77136413
110,0,2717,291,-2.609712829,0.1297983553,1,-37.77136413
110,0,2718,291,-2.609712829,0.1297983553,1,-37.77136413
110,0,2719,291,-2.609712829,0.1297983553,1,-37.77136413
110,0,2720,292,-2.720957211,0.2316077926,1,-37.17951325
110,0,2721,292,-2.720957211,0.2316077926,1,-37.17951325
110,0,2722,292,-2.720957211,0.2316077926,1,-37.17951325
110,0,2723,292,-2.720957211,0.2316077926,1,-37.17951325
110,0,2724,292,-2.720957211,0.2316077926,1,-37.17951325
110,0,2725,293,-2.795772093,0.2090525254,1,-36.73393187
110,0,2726,293,-2.795772093,0.2090525254,1,-36.73393187
110,0,2727,293,-2.795772093,0.2090525254,1,-36.73393187
110,0,2728,293,-2.795772093,0.2090525254,1,-36.73393187
110,0,2729,293,-2.795772093,0.2090525254,1,-36.73393187
110,0,2730,294,-2.663909186,0.1493109596,1,-37.26209874
110,0,2731,294,-2.663909186,0.1493109596,1,-37.26209874
110,0,2732,294,-2.663909186,0.1493109596,1,-37.26209874
110,0,2733,294,-2.663909186,0.1493109596,1,-37.26209874
110,0,2735,295,-2.726412476,0.1843380517,1,-37.1140459
110,0,2736,295,-2.726412476,0.1843380517,1,-37.1140459
110,0,2737,295,-2.726412476,0.1843380517,1,-37.1140459
110,0,2738,295,-2.726412476,0.1843380517,1,-37.1140459
110,0,2739,295,-2.726412476,0.1843380517,1,-37.1140459
110,0,2750,298,-2.811532111,0.2155241122,1,-36.70027928
110,0,2751,298,-2.811532111,0.2155241122,1,-36.70027928
110,0,2752,298,-2.811532111,0.2155241122,1,-36.70027928
110,0,2753,298,-2.811532111,0.2155241122,1,-36.70027928
110,0,2754,298,-2.811532111,0.2155241122,1,-36.70027928
110,0,2755,299,-2.809967474,0.2137413159,1,-36.67165771
110,0,2756,299,-2.809967474,0.2137413159,1,-36.67165771
110,0,2757,299,-2.809967474,0.2137413159,1,-36.67165771
110,0,2758,299,-2.809967474,0.2137413159,1,-36.67165771
110,0,2759,299,-2.809967474,0.2137413159,1,-36.67165771
110,0,2760,300,-2.804523352,0.2163107268,1,-36.722507
110,0,2761,300,-2.804523352,0.2163107268,1,-36.722507
110,0,2762,300,-2.804523352,0.2163107268,1,-36.722507
110,0,2763,300,-2.804523352,0.2163107268,1,-36.722507
110,0,2764,300,-2.804523352,0.2163107268,1,-36.722507
110,0,2770,302,-2.752724406,0.2255940478,1,-36.72993797
110,0,2771,302,-2.752724406,0.2255940478,1,-36.72993797
110,0,2772,302,-2.752724406,0.2255940478,1,-36.72993797
110,0,2773,302,-2.752724406,0.2255940478,1,-36.72993797
110,0,2774,302,-2.752724406,0.2255940478,1,-36.72993797
110,0,2780,304,-2.803464258,0.2133917994,1,-36.68363015
110,0,2781,304,-2.803464258,0.2133917994,1,-36.68363015
110,0,2782,304,-2.803464258,0.2133917994,1,-36.68363015
110,0,2783,304,-2.803464258,0.2133917994,1,-36.68363015
110,0,2784,304,-2.803464258,0.2133917994,1,-36.68363015
110,0,2810,310,-2.607114578,0.1405068717,1,-37.78651935
110,0,2811,310,-2.607114578,0.1405068717,1,-37.78651935
110,0,2812,310,-2.607114578,0.1405068717,1,-37.78651935
110,0,2813,310,-2.607114578,0.1405068717,1,-37.78651935
110,0,2814,310,-2.607114578,0.1405068717,1,-37.78651935
110,0,2815,311,-2.606620844,0.1373710687,1,-37.78723611
110,0,2816,311,-2.606620844,0.1373710687,1,-37.78723611
110,0,2817,311,-2.606620844,0.1373710687,1,-37.78723611
110,0,2818,311,-2.606620844,0.1373710687,1,-37.78723611
110,0,2820,312,-2.681567414,0.2479452145,1,-37.07957397
110,0,2821,312,-2.681567414,0.2479452145,1,-37.07957397
110,0,2822,312,-2.681567414,0.2479452145,1,-37.07957397
110,0,2823,312,-2.681567414,0.2479452145,1,-37.07957397
110,0,2824,312,-2.681567414,0.2479452145,1,-37.07957397
110,0,2825,313,-2.774230221,0.2194600085,1,-36.7810145
110,0,2826,313,-2.774230221,0.2194600085,1,-36.7810145
110,0,2827,313,-2.774230221,0.2194600085,1,-36.7810145
110,0,2828,313,-2.774230221,0.2194600085,1,-36.7810145
110,0,2829,313,-2.774230221,0.2194600085,1,-36.7810145
110,0,2845,317,-2.621871387,0.2713377341,1,-37.29649688
110,0,2846,317,-2.621871387,0.2713377341,1,-37.29649688
110,0,2847,317,-2.621871387,0.2713377341,1,-37.29649688
110,0,2848,317,-2.621871387,0.2713377341,1,-37.29649688
110,0,2865,321,-2.777396315,0.2150092907,1,-36.73961962
110,0,2866,321,-2.777396315,0.2150092907,1,-36.73961962
110,0,2867,321,-2.777396315,0.2150092907,1,-36.73961962
110,0,2868,321,-2.777396315,0.2150092907,1,-36.73961962
110,0,2869,321,-2.777396315,0.2150092907,1,-36.73961962
110,0,2875,323,-2.656373809,0.2588596729,1,-37.18454472
110,0,2876,323,-2.656373809,0.2588596729,1,-37.18454472
110,0,2877,323,-2.656373809,0.2588596729,1,-37.18454472
110,0,2878,323,-2.656373809,0.2588596729,1,-37.18454472
110,0,2879,323,-2.656373809,0.2588596729,1,-37.18454472
110,0,2880,324,-2.647094805,0.1477848967,1,-37.28690065
110,0,2881,324,-2.647094805,0.1477848967,1,-37.28690065
110,0,2882,324,-2.647094805,0.1477848967,1,-37.28690065
110,0,2883,324,-2.647094805,0.1477848967,1,-37.28690065
110,0,2884,324,-2.647094805,0.1477848967,1,-37.28690065
110,0,2895,327,-2.599358789,0.2703193782,1,-37.70121355
110,0,2896,327,-2.599358789,0.2703193782,1,-37.70121355
110,0,2897,327,-2.599358789,0.2703193782,1,-37.70121355
110,0,2898,327,-2.599358789,0.2703193782,1,-37.70121355
110,0,2899,327,-2.599358789,0.2703193782,1,-37.70121355
110,0,2900,328,-2.717574336,0.1829002325,1,-36.78015289
110,0,2901,328,-2.717574336,0.1829002325,1,-36.78015289
110,0,2902,328,-2.717574336,0.1829002325,1,-36.78015289
110,0,2903,328,-2.717574336,0.1829002325,1,-36.78015289
110,0,2904,328,-2.717574336,0.1829002325,1,-36.78015289
110,0,2910,330,-2.686408503,0.1700256407,1,-37.15430136
110,0,2911,330,-2.686408503,0.1700256407,1,-37.15430136
110,0,2912,330,-2.686408503,0.1700256407,1,-37.15430136
110,0,2913,330,-2.686408503,0.1700256407,1,-37.15430136
110,0,2914,330,-2.686408503,0.1700256407,1,-37.15430136
110,0,2920,332,-2.763199161,0.2134871365,1,-36.74727738
110,0,2921,332,-2.763199161,0.2134871365,1,-36.74727738
110,0,2922,332,-2.763199161,0.2134871365,1,-36.74727738
110,0,2923,332,-2.763199161,0.2134871365,1,-36.74727738
110,0,2924,332,-2.763199161,0.2134871365,1,-36.74727738
110,0,2925,333,-2.715751052,0.1823033242,1,-36.78404834
110,0,2926,333,-2.715751052,0.1823033242,1,-36.78404834
110,0,2927,333,-2.715751052,0.1823033242,1,-36.78404834
110,0,2928,333,-2.715751052,0.1823033242,1,-36.78404834
110,0,2930,334,-2.633813412,0.2638829636,1,-37.31903411
110,0,2931,334,-2.633813412,0.2638829636,1,-37.31903411
110,0,2932,334,-2.633813412,0.2638829636,1,-37.31903411
110,0,2933,334,-2.633813412,0.2638829636,1,-37.31903411
110,0,2934,334,-2.633813412,0.2638829636,1,-37.31903411
110,0,2945,337,-2.631829194,0.1419538314,1,-37.13577014
110,0,2946,337,-2.631829194,0.1419538314,1,-37.13577014
110,0,2947,337,-2.631829194,0.1419538314,1,-37.13577014
110,0,2948,337,-2.631829194,0.1419538314,1,-37.13577014
110,0,2949,337,-2.631829194,0.1419538314,1,-37.13577014
110,0,2950,338,-2.747459117,0.20261478,1,-36.81371834
110,0,2951,338,-2.747459117,0.20261478,1,-36.81371834
110,0,2952,338,-2.747459117,0.20261478,1,-36.81371834
110,0,2953,338,-2.747459117,0.20261478,1,-36.81371834
110,0,2954,338,-2.747459117,0.20261478,1,-36.81371834
110,0,2960,340,-2.678143681,0.2431914674,1,-37.15933292
110,0,2961,340,-2.678143681,0.2431914674,1,-37.15933292
110,0,2962,340,-2.678143681,0.2431914674,1,-37.15933292
110,0,2963,340,-2.678143681,0.2431914674,1,-37.15933292
110,0,2964,340,-2.678143681,0.2431914674,1,-37.15933292
110,0,2965,341,-2.752081428,0.2128064387,1,-36.75532194
110,0,2966,341,-2.752081428,0.2128064387,1,-36.75532194
110,0,2967,341,-2.752081428,0.2128064387,1,-36.75532194
110,0,2968,341,-2.752081428,0.2128064387,1,-36.75532194
110,0,2969,341,-2.752081428,0.2128064387,1,-36.75532194
110,0,2975,343,-2.685690359,0.2385988025,1,-37.14871525
110,0,2976,343,-2.685690359,0.2385988025,1,-37.14871525
110,0,2977,343,-2.685690359,0.2385988025,1,-37.14871525
110,0,2978,343,-2.685690359,0.2385988025,1,-37.14871525
110,0,2979,343,-2.685690359,0.2385988025,1,-37.14871525
110,0,2980,344,-2.649647639,0.1522823295,1,-37.30205284
110,0,2981,344,-2.649647639,0.1522823295,1,-37.30205284
110,0,2982,344,-2.649647639,0.1522823295,1,-37.30205284
110,0,2983,344,-2.649647639,0.1522823295,1,-37.30205284
110,0,2984,344,-2.649647639,0.1522823295,1,-37.30205284
110,0,2985,345,-2.673061045,0.2448447865,1,-37.16012465
110,0,2986,345,-2.673061045,0.2448447865,1,-37.16012465
110,0,2987,345,-2.673061045,0.2448447865,1,-37.16012465
110,0,2988,345,-2.673061045,0.2448447865,1,-37.16012465
110,0,2989,345,-2.673061045,0.2448447865,1,-37.16012465
110,0,2990,346,-2.708017851,0.1806966514,1,-36.796701
110,0,2991,346,-2.708017851,0.1806966514,1,-36.796701
110,0,2992,346,-2.708017851,0.1806966514,1,-36.796701
110,0,2993,346,-2.708017851,0.1806966514,1,-36.796701
110,0,2995,347,-2.635863694,0.1413327606,1,-37.14677739
110,0,2996,347,-2.635863694,0.1413327606,1,-37.14677739
110,0,2997,347,-2.635863694,0.1413327606,1,-37.14677739
110,0,2998,347,-2.635863694,0.1413327606,1,-37.14677739
110,0,2999,347,-2.635863694,0.1413327606,1,-37.14677739
110,0,3000,348,-2.634745518,0.2609765413,1,-37.31263313
110,0,3001,348,-2.634745518,0.2609765413,1,-37.31263313
110,0,3002,348,-2.634745518,0.2609765413,1,-37.31263313
110,0,3003,348,-2.634745518,0.2609765413,1,-37.31263313
110,0,3004,348,-2.634745518,0.2609765413,1,-37.31263313
110,0,3005,349,-2.708227012,0.233228024,1,-36.8513619
110,0,3006,349,-2.708227012,0.233228024,1,-36.8513619
110,0,3007,349,-2.708227012,0.233228024,1,-36.8513619
110,0,3008,349,-2.708227012,0.233228024,1,-36.8513619
110,0,3009,349,-2.708227012,0.233228024,1,-36.8513619
110,0,3010,350,-2.727528243,0.1953902198,1,-36.81764623
110,0,3011,350,-2.727528243,0.1953902198,1,-36.81764623
110,0,3012,350,-2.727528243,0.1953902198,1,-36.81764623
110,0,3013,350,-2.727528243,0.1953902198,1,-36.81764623
110,0,3014,350,-2.727528243,0.1953902198,1,-36.81764623
110,0,3020,352,-2.731942353,0.22516296,1,-36.8192714
110,0,3021,352,-2.731942353,0.22516296,1,-36.8192714
110,0,3022,352,-2.731942353,0.22516296,1,-36.8192714
110,0,3023,352,-2.731942353,0.22516296,1,-36.8192714
110,0,3024,352,-2.731942353,0.22516296,1,-36.8192714
110,0,3025,353,-2.722731312,0.1915703585,1,-36.81408859
110,0,3026,353,-2.722731312,0.1915703585,1,-36.81408859
110,0,3027,353,-2.722731312,0.1915703585,1,-36.81408859
110,0,3028,353,-2.722731312,0.1915703585,1,-36.81408859
110,0,3030,354,-2.715726275,0.2327635929,1,-36.8473572
110,0,3031,354,-2.715726275,0.2327635929,1,-36.8473572
110,0,3032,354,-2.715726275,0.2327635929,1,-36.8473572
110,0,3033,354,-2.715726275,0.2327635929,1,-36.8473572
110,0,3034,354,-2.715726275,0.2327635929,1,-36.8473572
110,0,3035,355,-2.659590496,0.2540165299,1,-37.16974623
110,0,3036,355,-2.659590496,0.2540165299,1,-37.16974623
110,0,3037,355,-2.659590496,0.2540165299,1,-37.16974623
110,0,3038,355,-2.659590496,0.2540165299,1,-37.16974623
110,0,3039,355,-2.659590496,0.2540165299,1,-37.16974623
110,0,3045,357,-2.670110258,0.2478845459,1,-37.16258556
110,0,3046,357,-2.670110258,0.2478845459,1,-37.16258556
110,0,3047,357,-2.670110258,0.2478845459,1,-37.16258556
110,0,3048,357,-2.670110258,0.2478845459,1,-37.16258556
110,0,3049,357,-2.670110258,0.2478845459,1,-37.16258556
110,0,3050,358,-2.666524359,0.1584789945,1,-36.89355259
110,0,3051,358,-2.666524359,0.1584789945,1,-36.89355259
110,0,3052,358,-2.666524359,0.1584789945,1,-36.89355259
110,0,3053,358,-2.666524359,0.1584789945,1,-36.89355259
110,0,3054,358,-2.666524359,0.1584789945,1,-36.89355259
110,0,3055,359,-2.627743198,0.2644363804,1,-37.29949158
110,0,3056,359,-2.627743198,0.2644363804,1,-37.29949158
110,0,3057,359,-2.627743198,0.2644363804,1,-37.29949158
110,0,3058,359,-2.627743198,0.2644363804,1,-37.29949158
110,0,3060,360,-2.727900529,0.222583148,1,-36.81151434
110,0,3061,360,-2.727900529,0.222583148,1,-36.81151434
110,0,3062,360,-2.727900529,0.222583148,1,-36.81151434
110,0,3063,360,-2.727900529,0.222583148,1,-36.81151434
110,0,3064,360,-2.727900529,0.222583148,1,-36.81151434
110,0,3065,361,-2.623295878,0.1841816538,1,-37.31503084
110,0,3066,361,-2.623295878,0.1841816538,1,-37.31503084
110,0,3067,361,-2.623295878,0.1841816538,1,-37.31503084
110,0,3068,361,-2.623295878,0.1841816538,1,-37.31503084
110,0,3069,361,-2.623295878,0.1841816538,1,-37.31503084
110,0,3070,362,-2.622810164,0.204289767,1,-37.33523507
110,0,3071,362,-2.622810164,0.204289767,1,-37.33523507
110,0,3072,362,-2.622810164,0.204289767,1,-37.33523507
110,0,3073,362,-2.622810164,0.204289767,1,-37.33523507
110,0,3074,362,-2.622810164,0.204289767,1,-37.33523507
110,0,3075,363,-2.716972564,0.228104385,1,-36.83148864
110,0,3076,363,-2.716972564,0.228104385,1,-36.83148864
110,0,3077,363,-2.716972564,0.228104385,1,-36.83148864
110,0,3078,363,-2.716972564,0.228104385,1,-36.83148864
110,0,3079,363,-2.716972564,0.228104385,1,-36.83148864
110,0,3085,365,-2.690586833,0.1749872429,1,-36.8129598
110,0,3086,365,-2.690586833,0.1749872429,1,-36.8129598
110,0,3087,365,-2.690586833,0.1749872429,1,-36.8129598
110,0,3088,365,-2.690586833,0.1749872429,1,-36.8129598
110,0,3089,365,-2.690586833,0.1749872429,1,-36.8129598
110,0,3090,366,-2.631179338,0.2623137876,1,-37.30358462
110,0,3091,366,-2.631179338,0.2623137876,1,-37.30358462
110,0,3092,366,-2.631179338,0.2623137876,1,-37.30358462
110,0,3093,366,-2.631179338,0.2623137876,1,-37.30358462
110,0,3094,366,-2.631179338,0.2623137876,1,-37.30358462
110,0,3105,369,-2.686160944,0.1732209041,1,-36.8149235
110,0,3106,369,-2.686160944,0.1732209041,1,-36.8149235
110,0,3107,369,-2.686160944,0.1732209041,1,-36.8149235
110,0,3108,369,-2.686160944,0.1732209041,1,-36.8149235
110,0,3109,369,-2.686160944,0.1732209041,1,-36.8149235
110,0,3110,370,-2.725012419,0.2135389587,1,-36.78336487
110,0,3111,370,-2.725012419,0.2135389587,1,-36.78336487
110,0,3112,370,-2.725012419,0.2135389587,1,-36.78336487
110,0,3113,370,-2.725012419,0.2135389587,1,-36.78336487
110,0,3114,370,-2.725012419,0.2135389587,1,-36.78336487
110,0,3115,371,-2.701143001,0.2339639525,1,-36.8490781
110,0,3116,371,-2.701143001,0.2339639525,1,-36.8490781
110,0,3117,371,-2.701143001,0.2339639525,1,-36.8490781
110,0,3118,371,-2.701143001,0.2339639525,1,-36.8490781
110,0,3119,371,-2.701143001,0.2339639525,1,-36.8490781
110,0,3120,372,-2.686628005,0.2422749793,1,-36.86802213
110,0,3121,372,-2.686628005,0.2422749793,1,-36.86802213
110,0,3122,372,-2.686628005,0.2422749793,1,-36.86802213
110,0,3123,372,-2.686628005,0.2422749793,1,-36.86802213
110,0,3124,372,-2.686628005,0.2422749793,1,-36.86802213
110,0,3125,373,-2.633552668,0.151702639,1,-37.16295543
110,0,3126,373,-2.633552668,0.151702639,1,-37.16295543
110,0,3127,373,-2.633552668,0.151702639,1,-37.16295543
110,0,3128,373,-2.633552668,0.151702639,1,-37.16295543
110,0,3129,373,-2.633552668,0.151702639,1,-37.16295543
110,0,3130,374,-2.719687784,0.215905761,1,-36.79321168
110,0,3131,374,-2.719687784,0.215905761,1,-36.79321168
110,0,3132,374,-2.719687784,0.215905761,1,-36.79321168
110,0,3133,374,-2.719687784,0.215905761,1,-36.79321168
110,0,3134,374,-2.719687784,0.215905761,1,-36.79321168
110,0,3140,376,-2.623518379,0.2156445921,1,-37.35399443
110,0,3141,376,-2.623518379,0.2156445921,1,-37.35399443
110,0,3142,376,-2.623518379,0.2156445921,1,-37.35399443
110,0,3143,376,-2.623518379,0.2156445921,1,-37.35399443
110,0,3145,377,-2.627057056,0.2469427875,1,-37.17399467
110,0,3146,377,-2.627057056,0.2469427875,1,-37.17399467
110,0,3147,377,-2.627057056,0.2469427875,1,-37.17399467
110,0,3148,377,-2.627057056,0.2469427875,1,-37.17399467
110,0,3149,377,-2.627057056,0.2469427875,1,-37.17399467
110,0,3150,378,-2.715542928,0.2148166126,1,-36.79376788
110,0,3151,378,-2.715542928,0.2148166126,1,-36.79376788
110,0,3152,378,-2.715542928,0.2148166126,1,-36.79376788
110,0,3153,378,-2.715542928,0.2148166126,1,-36.79376788
110,0,3155,379,-2.715607834,0.2102881915,1,-36.78220708
110,0,3156,379,-2.715607834,0.2102881915,1,-36.78220708
110,0,3157,379,-2.715607834,0.2102881915,1,-36.78220708
110,0,3158,379,-2.715607834,0.2102881915,1,-36.78220708
110,0,3160,380,-2.627265298,0.2586407989,1,-37.21201603
110,0,3161,380,-2.627265298,0.2586407989,1,-37.21201603
110,0,3162,380,-2.627265298,0.2586407989,1,-37.21201603
110,0,3163,380,-2.627265298,0.2586407989,1,-37.21201603
110,0,3164,380,-2.627265298,0.2586407989,1,-37.21201603
110,0,3165,381,-2.628448067,0.259936187,1,-37.28743585
110,0,3166,381,-2.628448067,0.259936187,1,-37.28743585
110,0,3167,381,-2.628448067,0.259936187,1,-37.28743585
110,0,3168,381,-2.628448067,0.259936187,1,-37.28743585
110,0,3170,382,-2.669974689,0.163706977,1,-36.91519182
110,0,3171,382,-2.669974689,0.163706977,1,-36.91519182
110,0,3172,382,-2.669974689,0.163706977,1,-36.91519182
110,0,3173,382,-2.669974689,0.163706977,1,-36.91519182
110,0,3174,382,-2.669974689,0.163706977,1,-36.91519182
110,0,3175,383,-2.660761438,0.1572964031,1,-36.90739631
110,0,3176,383,-2.660761438,0.1572964031,1,-36.90739631
110,0,3177,383,-2.660761438,0.1572964031,1,-36.90739631
110,0,3178,383,-2.660761438,0.1572964031,1,-36.90739631
110,0,3179,383,-2.660761438,0.1572964031,1,-36.90739631
110,0,3180,384,-2.659273312,0.1565726464,1,-36.90671417
110,0,3181,384,-2.659273312,0.1565726464,1,-36.90671417
110,0,3182,384,-2.659273312,0.1565726464,1,-36.90671417
110,0,3183,384,-2.659273312,0.1565726464,1,-36.90671417
110,0,3184,384,-2.659273312,0.1565726464,1,-36.90671417
110,0,3185,385,-2.629836885,0.2305634156,1,-37.14082742
110,0,3186,385,-2.629836885,0.2305634156,1,-37.14082742
110,0,3187,385,-2.629836885,0.2305634156,1,-37.14082742
110,0,3188,385,-2.629836885,0.2305634156,1,-37.14082742
110,0,3190,386,-2.684630522,0.2379201718,1,-36.85537103
110,0,3191,386,-2.684630522,0.2379201718,1,-36.85537103
110,0,3192,386,-2.684630522,0.2379201718,1,-36.85537103
110,0,3193,386,-2.684630522,0.2379201718,1,-36.85537103
110,0,3194,386,-2.684630522,0.2379201718,1,-36.85537103
110,0,3195,387,-2.670106515,0.2468391646,1,-36.8700742
110,0,3196,387,-2.670106515,0.2468391646,1,-36.8700742
110,0,3197,387,-2.670106515,0.2468391646,1,-36.8700742
110,0,3198,387,-2.670106515,0.2468391646,1,-36.8700742
110,0,3199,387,-2.670106515,0.2468391646,1,-36.8700742
110,0,3200,388,-2.657651534,0.2545710672,1,-36.87362205
110,0,3201,388,-2.657651534,0.2545710672,1,-36.87362205
110,0,3202,388,-2.657651534,0.2545710672,1,-36.87362205
110,0,3203,388,-2.657651534,0.2545710672,1,-36.87362205
110,0,3204,388,-2.657651534,0.2545710672,1,-36.87362205
110,0,3215,391,-2.665592814,0.2489088,1,-36.87015255
110,0,3216,391,-2.665592814,0.2489088,1,-36.87015255
110,0,3217,391,-2.665592814,0.2489088,1,-36.87015255
110,0,3218,391,-2.665592814,0.2489088,1,-36.87015255
110,0,3220,392,-2.661545765,0.2513130733,1,-36.87097614
110,0,3221,392,-2.661545765,0.2513130733,1,-36.87097614
110,0,3222,392,-2.661545765,0.2513130733,1,-36.87097614
110,0,3223,392,-2.661545765,0.2513130733,1,-36.87097614
110,0,3224,392,-2.661545765,0.2513130733,1,-36.87097614
110,0,3225,393,-2.635982196,0.1532189367,1,-37.17633964
110,0,3226,393,-2.635982196,0.1532189367,1,-37.17633964
110,0,3227,393,-2.635982196,0.1532189367,1,-37.17633964
110,0,3228,393,-2.635982196,0.1532189367,1,-37.17633964
110,0,3229,393,-2.635982196,0.1532189367,1,-37.17633964
110,0,3230,394,-2.629603427,0.2438909564,1,-37.16966488
110,0,3231,394,-2.629603427,0.2438909564,1,-37.16966488
110,0,3232,394,-2.629603427,0.2438909564,1,-37.16966488
110,0,3233,394,-2.629603427,0.2438909564,1,-37.16966488
110,0,3234,394,-2.629603427,0.2438909564,1,-37.16966488
110,0,3235,395,-2.627167655,0.1969568086,1,-37.33891809
110,0,3236,395,-2.627167655,0.1969568086,1,-37.33891809
110,0,3237,395,-2.627167655,0.1969568086,1,-37.33891809
110,0,3238,395,-2.627167655,0.1969568086,1,-37.33891809
110,0,3239,395,-2.627167655,0.1969568086,1,-37.33891809
110,0,3240,396,-2.629105089,0.2538914866,1,-37.20349402
110,0,3241,396,-2.629105089,0.2538914866,1,-37.20349402
110,0,3242,396,-2.629105089,0.2538914866,1,-37.20349402
110,0,3243,396,-2.629105089,0.2538914866,1,-37.20349402
110,0,3250,398,-2.693479721,0.2291254497,1,-36.83740772
110,0,3251,398,-2.693479721,0.2291254497,1,-36.83740772
110,0,3252,398,-2.693479721,0.2291254497,1,-36.83740772
110,0,3253,398,-2.693479721,0.2291254497,1,-36.83740772
110,0,3254,398,-2.693479721,0.2291254497,1,-36.83740772
110,0,3255,399,-2.637418872,0.1559556309,1,-37.18739227
110,0,3256,399,-2.637418872,0.1559556309,1,-37.18739227
110,0,3257,399,-2.637418872,0.1559556309,1,-37.18739227
110,0,3258,399,-2.637418872,0.1559556309,1,-37.18739227
110,0,3259,399,-2.637418872,0.1559556309,1,-37.18739227
110,0,3260,400,-2.687048514,0.1822941051,1,-36.84963843
110,0,3261,400,-2.687048514,0.1822941051,1,-36.84963843
110,0,3262,400,-2.687048514,0.1822941051,1,-36.84963843
110,0,3263,400,-2.687048514,0.1822941051,1,-36.84963843
110,0,3264,400,-2.687048514,0.1822941051,1,-36.84963843
110,0,3270,402,-2.679616004,0.1765864838,1,-36.84589256
110,0,3271,402,-2.679616004,0.1765864838,1,-36.84589256
110,0,3272,402,-2.679616004,0.1765864838,1,-36.84589256
110,0,3273,402,-2.679616004,0.1765864838,1,-36.84589256
110,0,3274,402,-2.679616004,0.1765864838,1,-36.84589256
110,0,3275,403,-2.690870723,0.2267726073,1,-36.83339563
110,0,3276,403,-2.690870723,0.2267726073,1,-36.83339563
110,0,3277,403,-2.690870723,0.2267726073,1,-36.83339563
110,0,3278,403,-2.690870723,0.2267726073,1,-36.83339563
110,0,3279,403,-2.690870723,0.2267726073,1,-36.83339563
110,0,3280,404,-2.660197633,0.2527560255,1,-36.8692502
110,0,3281,404,-2.660197633,0.2527560255,1,-36.8692502
110,0,3282,404,-2.660197633,0.2527560255,1,-36.8692502
110,0,3283,404,-2.660197633,0.2527560255,1,-36.8692502
110,0,3284,404,-2.660197633,0.2527560255,1,-36.8692502
110,0,3285,405,-2.665108751,0.1641584606,1,-36.83161677
110,0,3286,405,-2.665108751,0.1641584606,1,-36.83161677
110,0,3287,405,-2.665108751,0.1641584606,1,-36.83161677
110,0,3288,405,-2.665108751,0.1641584606,1,-36.83161677
110,0,3289,405,-2.665108751,0.1641584606,1,-36.83161677
110,0,3290,406,-2.654393483,0.2559733666,1,-36.86549479
110,0,3291,406,-2.654393483,0.2559733666,1,-36.86549479
110,0,3292,406,-2.654393483,0.2559733666,1,-36.86549479
110,0,3293,406,-2.654393483,0.2559733666,1,-36.86549479
110,0,3294,406,-2.654393483,0.2559733666,1,-36.86549479
110,0,3295,407,-2.688103428,0.2260074981,1,-36.83220031
110,0,3296,407,-2.688103428,0.2260074981,1,-36.83220031
110,0,3297,407,-2.688103428,0.2260074981,1,-36.83220031
110,0,3298,407,-2.688103428,0.2260074981,1,-36.83220031
110,0,3300,408,-2.631902815,0.2404693044,1,-37.16963672
110,0,3301,408,-2.631902815,0.2404693044,1,-37.16963672
110,0,3302,408,-2.631902815,0.2404693044,1,-37.16963672
110,0,3303,408,-2.631902815,0.2404693044,1,-37.16963672
110,0,3304,408,-2.631902815,0.2404693044,1,-37.16963672
110,0,3305,409,-2.680352878,0.2339305709,1,-36.84622334
110,0,3306,409,-2.680352878,0.2339305709,1,-36.84622334
110,0,3307,409,-2.680352878,0.2339305709,1,-36.84622334
110,0,3308,409,-2.680352878,0.2339305709,1,-36.84622334
110,0,3309,409,-2.680352878,0.2339305709,1,-36.84622334
110,0,3310,410,-2.628092257,0.1986689755,1,-37.35150411
110,0,3311,410,-2.628092257,0.1986689755,1,-37.35150411
110,0,3312,410,-2.628092257,0.1986689755,1,-37.35150411
110,0,3313,410,-2.628092257,0.1986689755,1,-37.35150411
110,0,3314,410,-2.628092257,0.1986689755,1,-37.35150411
110,0,3320,412,-2.652731985,0.2560884329,1,-36.86087261
110,0,3321,412,-2.652731985,0.2560884329,1,-36.86087261
110,0,3322,412,-2.652731985,0.2560884329,1,-36.86087261
110,0,3323,412,-2.652731985,0.2560884329,1,-36.86087261
110,0,3325,413,-2.633269841,0.2372152051,1,-37.16317052
110,0,3326,413,-2.633269841,0.2372152051,1,-37.16317052
110,0,3327,413,-2.633269841,0.2372152051,1,-37.16317052
110,0,3328,413,-2.633269841,0.2372152051,1,-37.16317052
110,0,3329,413,-2.633269841,0.2372152051,1,-37.16317052
110,0,3330,414,-2.654088316,0.1588423818,1,-36.92142935
110,0,3331,414,-2.654088316,0.1588423818,1,-36.92142935
110,0,3332,414,-2.654088316,0.1588423818,1,-36.92142935
110,0,3333,414,-2.654088316,0.1588423818,1,-36.92142935
110,0,3334,414,-2.654088316,0.1588423818,1,-36.92142935
110,0,3335,415,-2.659596953,0.1617988151,1,-36.83349304
110,0,3336,415,-2.659596953,0.1617988151,1,-36.83349304
110,0,3337,415,-2.659596953,0.1617988151,1,-36.83349304
110,0,3338,415,-2.659596953,0.1617988151,1,-36.83349304
110,0,3339,415,-2.659596953,0.1617988151,1,-36.83349304
110,0,3340,416,-2.638271564,0.1606168927,1,-37.19455927
110,0,3341,416,-2.638271564,0.1606168927,1,-37.19455927
110,0,3342,416,-2.638271564,0.1606168927,1,-37.19455927
110,0,3343,416,-2.638271564,0.1606168927,1,-37.19455927
110,0,3344,416,-2.638271564,0.1606168927,1,-37.19455927
110,0,3350,418,-2.677288811,0.2274385198,1,-36.83645091
110,0,3351,418,-2.677288811,0.2274385198,1,-36.83645091
110,0,3352,418,-2.677288811,0.2274385198,1,-36.83645091
110,0,3353,418,-2.677288811,0.2274385198,1,-36.83645091
110,0,3354,418,-2.677288811,0.2274385198,1,-36.83645091
110,0,3355,419,-2.649005897,0.2559285514,1,-36.84673927
110,0,3356,419,-2.649005897,0.2559285514,1,-36.84673927
110,0,3357,419,-2.649005897,0.2559285514,1,-36.84673927
110,0,3358,419,-2.649005897,0.2559285514,1,-36.84673927
110,0,3360,420,-2.637009551,0.2156701776,1,-37.1309272
110,0,3361,420,-2.637009551,0.2156701776,1,-37.1309272
110,0,3362,420,-2.637009551,0.2156701776,1,-37.1309272
110,0,3363,420,-2.637009551,0.2156701776,1,-37.1309272
110,0,3364,420,-2.637009551,0.2156701776,1,-37.1309272
110,0,3365,421,-2.635018643,0.2384504149,1,-37.1662985
110,0,3366,421,-2.635018643,0.2384504149,1,-37.1662985
110,0,3367,421,-2.635018643,0.2384504149,1,-37.1662985
110,0,3368,421,-2.635018643,0.2384504149,1,-37.1662985
110,0,3369,421,-2.635018643,0.2384504149,1,-37.1662985
110,0,3370,422,-2.660272505,0.1632643218,1,-36.84112406
110,0,3371,422,-2.660272505,0.1632643218,1,-36.84112406
110,0,3372,422,-2.660272505,0.1632643218,1,-36.84112406
110,0,3373,422,-2.660272505,0.1632643218,1,-36.84112406
110,0,3374,422,-2.660272505,0.1632643218,1,-36.84112406
110,0,3380,424,-2.63523108,0.2403415896,1,-37.17034485
110,0,3381,424,-2.63523108,0.2403415896,1,-37.17034485
110,0,3382,424,-2.63523108,0.2403415896,1,-37.17034485
110,0,3383,424,-2.63523108,0.2403415896,1,-37.17034485
110,0,3384,424,-2.63523108,0.2403415896,1,-37.17034485
110,0,3385,425,-2.634209362,0.2496885487,1,-37.19236862
110,0,3386,425,-2.634209362,0.2496885487,1,-37.19236862
110,0,3387,425,-2.634209362,0.2496885487,1,-37.19236862
110,0,3388,425,-2.634209362,0.2496885487,1,-37.19236862
110,0,3389,425,-2.634209362,0.2496885487,1,-37.19236862
110,0,3400,428,-2.649289948,0.255123388,1,-36.84277461
110,0,3401,428,-2.649289948,0.255123388,1,-36.84277461
110,0,3402,428,-2.649289948,0.255123388,1,-36.84277461
110,0,3403,428,-2.649289948,0.255123388,1,-36.84277461
110,0,3404,428,-2.649289948,0.255123388,1,-36.84277461
110,0,3405,429,-2.65725136,0.2466322113,1,-36.85353868
110,0,3406,429,-2.65725136,0.2466322113,1,-36.85353868
110,0,3407,429,-2.65725136,0.2466322113,1,-36.85353868
110,0,3408,429,-2.65725136,0.2466322113,1,-36.85353868
110,0,3409,429,-2.65725136,0.2466322113,1,-36.85353868
110,0,3410,430,-2.652454436,0.2016224043,1,-36.83758203
110,0,3411,430,-2.652454436,0.2016224043,1,-36.83758203
110,0,3412,430,-2.652454436,0.2016224043,1,-36.83758203
110,0,3413,430,-2.652454436,0.2016224043,1,-36.83758203
110,0,3414,430,-2.652454436,0.2016224043,1,-36.83758203
110,0,3415,431,-2.652953779,0.1755492776,1,-36.9224323
110,0,3416,431,-2.652953779,0.1755492776,1,-36.9224323
110,0,3417,431,-2.652953779,0.1755492776,1,-36.9224323
110,0,3418,431,-2.652953779,0.1755492776,1,-36.9224323
110,0,3419,431,-2.652953779,0.1755492776,1,-36.9224323
110,0,3420,432,-2.652931439,0.2038897807,1,-36.84005516
110,0,3421,432,-2.652931439,0.2038897807,1,-36.84005516
110,0,3422,432,-2.652931439,0.2038897807,1,-36.84005516
110,0,3423,432,-2.652931439,0.2038897807,1,-36.84005516
110,0,3424,432,-2.652931439,0.2038897807,1,-36.84005516
110,0,3425,433,-2.654298542,0.2485541808,1,-36.85171542
110,0,3426,433,-2.654298542,0.2485541808,1,-36.85171542
110,0,3427,433,-2.654298542,0.2485541808,1,-36.85171542
110,0,3428,433,-2.654298542,0.2485541808,1,-36.85171542
110,0,3429,433,-2.654298542,0.2485541808,1,-36.85171542
110,0,3430,434,-2.639745355,0.2292706886,1,-37.15072634
110,0,3431,434,-2.639745355,0.2292706886,1,-37.15072634
110,0,3432,434,-2.639745355,0.2292706886,1,-37.15072634
110,0,3433,434,-2.639745355,0.2292706886,1,-37.15072634
110,0,3434,434,-2.639745355,0.2292706886,1,-37.15072634
110,0,3440,436,-2.656224285,0.241616273,1,-36.84868406
110,0,3441,436,-2.656224285,0.241616273,1,-36.84868406
110,0,3442,436,-2.656224285,0.241616273,1,-36.84868406
110,0,3443,436,-2.656224285,0.241616273,1,-36.84868406
110,0,3444,436,-2.656224285,0.241616273,1,-36.84868406
110,0,3445,437,-2.656980807,0.2385133745,1,-36.84640352
110,0,3446,437,-2.656980807,0.2385133745,1,-36.84640352
110,0,3447,437,-2.656980807,0.2385133745,1,-36.84640352
110,0,3448,437,-2.656980807,0.2385133745,1,-36.84640352
110,0,3449,437,-2.656980807,0.2385133745,1,-36.84640352
110,0,3455,439,-2.64996332,0.2510916735,1,-36.91657456
110,0,3456,439,-2.64996332,0.2510916735,1,-36.91657456
110,0,3457,439,-2.64996332,0.2510916735,1,-36.91657456
110,0,3458,439,-2.64996332,0.2510916735,1,-36.91657456
110,0,3459,439,-2.64996332,0.2510916735,1,-36.91657456
110,0,3465,441,-2.638344742,0.2450181702,1,-37.178773
110,0,3466,441,-2.638344742,0.2450181702,1,-37.178773
110,0,3467,441,-2.638344742,0.2450181702,1,-37.178773
110,0,3468,441,-2.638344742,0.2450181702,1,-37.178773
110,0,3469,441,-2.638344742,0.2450181702,1,-37.178773
110,0,3470,442,-2.659484708,0.2010890784,1,-36.83303322
110,0,3471,442,-2.659484708,0.2010890784,1,-36.83303322
110,0,3472,442,-2.659484708,0.2010890784,1,-36.83303322
110,0,3473,442,-2.659484708,0.2010890784,1,-36.83303322
110,0,3474,442,-2.659484708,0.2010890784,1,-36.83303322
110,0,3475,443,-2.649419198,0.2549114186,1,-36.93232262
110,0,3476,443,-2.649419198,0.2549114186,1,-36.93232262
110,0,3477,443,-2.649419198,0.2549114186,1,-36.93232262
110,0,3478,443,-2.649419198,0.2549114186,1,-36.93232262
110,0,3479,443,-2.649419198,0.2549114186,1,-36.93232262
110,0,3485,445,-2.653887087,0.1678572489,1,-36.85899315
110,0,3486,445,-2.653887087,0.1678572489,1,-36.85899315
110,0,3487,445,-2.653887087,0.1678572489,1,-36.85899315
110,0,3488,445,-2.653887087,0.1678572489,1,-36.85899315
110,0,3489,445,-2.653887087,0.1678572489,1,-36.85899315
110,0,3510,450,-2.661377524,0.2148320539,1,-36.84594002
110,0,3511,450,-2.661377524,0.2148320539,1,-36.84594002
110,0,3512,450,-2.661377524,0.2148320539,1,-36.84594002
110,0,3513,450,-2.661377524,0.2148320539,1,-36.84594002
110,0,3514,450,-2.661377524,0.2148320539,1,-36.84594002
110,0,3525,453,-2.662884257,0.2117470988,1,-36.8432468
110,0,3526,453,-2.662884257,0.2117470988,1,-36.8432468
110,0,3527,453,-2.662884257,0.2117470988,1,-36.8432468
110,0,3528,453,-2.662884257,0.2117470988,1,-36.8432468
110,0,3529,453,-2.662884257,0.2117470988,1,-36.8432468
110,0,3530,454,-2.656113017,0.1615359515,1,-36.83577364
110,0,3531,454,-2.656113017,0.1615359515,1,-36.83577364
110,0,3532,454,-2.656113017,0.1615359515,1,-36.83577364
110,0,3533,454,-2.656113017,0.1615359515,1,-36.83577364
110,0,3534,454,-2.656113017,0.1615359515,1,-36.83577364
110,0,3535,455,-2.6438763,0.244214953,1,-37.1656235
110,0,3536,455,-2.6438763,0.244214953,1,-37.1656235
110,0,3537,455,-2.6438763,0.244214953,1,-37.1656235
110,0,3538,455,-2.6438763,0.244214953,1,-37.1656235
110,0,3539,455,-2.6438763,0.244214953,1,-37.1656235
110,0,3540,456,-2.648009866,0.2535356554,1,-36.92495686
110,0,3541,456,-2.648009866,0.2535356554,1,-36.92495686
110,0,3542,456,-2.648009866,0.2535356554,1,-36.92495686
110,0,3543,456,-2.648009866,0.2535356554,1,-36.92495686
110,0,3555,459,-2.660653367,0.1689393965,1,-36.83044542
110,0,3556,459,-2.660653367,0.1689393965,1,-36.83044542
110,0,3557,459,-2.660653367,0.1689393965,1,-36.83044542
110,0,3558,459,-2.660653367,0.1689393965,1,-36.83044542
110,0,3559,459,-2.660653367,0.1689393965,1,-36.83044542
110,0,3560,460,-2.655561645,0.161628454,1,-36.84116355
110,0,3561,460,-2.655561645,0.161628454,1,-36.84116355
110,0,3562,460,-2.655561645,0.161628454,1,-36.84116355
110,0,3563,460,-2.655561645,0.161628454,1,-36.84116355
110,0,3570,462,-2.648001461,0.2532831833,1,-36.91926447
110,0,3571,462,-2.648001461,0.2532831833,1,-36.91926447
110,0,3572,462,-2.648001461,0.2532831833,1,-36.91926447
110,0,3573,462,-2.648001461,0.2532831833,1,-36.91926447
110,0,3574,462,-2.648001461,0.2532831833,1,-36.91926447
110,0,3575,463,-2.650534859,0.1625292917,1,-36.85727533
110,0,3576,463,-2.650534859,0.1625292917,1,-36.85727533
110,0,3577,463,-2.650534859,0.1625292917,1,-36.85727533
110,0,3578,463,-2.650534859,0.1625292917,1,-36.85727533
110,0,3579,463,-2.650534859,0.1625292917,1,-36.85727533
110,0,3585,465,-2.640819459,0.2408758091,1,-36.92999686
110,0,3586,465,-2.640819459,0.2408758091,1,-36.92999686
110,0,3587,465,-2.640819459,0.2408758091,1,-36.92999686
110,0,3588,465,-2.640819459,0.2408758091,1,-36.92999686
110,0,3589,465,-2.640819459,0.2408758091,1,-36.92999686
110,0,3605,469,-2.649831858,0.1622749645,1,-36.85924299
110,0,3606,469,-2.649831858,0.1622749645,1,-36.85924299
110,0,3607,469,-2.649831858,0.1622749645,1,-36.85924299
110,0,3608,469,-2.649831858,0.1622749645,1,-36.85924299
110,0,3609,469,-2.649831858,0.1622749645,1,-36.85924299
110,0,3610,470,-2.651930754,0.1614078569,1,-36.85480694
110,0,3611,470,-2.651930754,0.1614078569,1,-36.85480694
110,0,3612,470,-2.651930754,0.1614078569,1,-36.85480694
110,0,3613,470,-2.651930754,0.1614078569,1,-36.85480694
110,0,3614,470,-2.651930754,0.1614078569,1,-36.85480694
110,0,3625,473,-2.669772286,0.2200927027,1,-36.85060751
110,0,3626,473,-2.669772286,0.2200927027,1,-36.85060751
110,0,3627,473,-2.669772286,0.2200927027,1,-36.85060751
110,0,3628,473,-2.669772286,0.2200927027,1,-36.85060751
110,0,3629,473,-2.669772286,0.2200927027,1,-36.85060751
110,0,3640,476,-2.656217638,0.1626495164,1,-36.84975356
110,0,3641,476,-2.656217638,0.1626495164,1,-36.84975356
110,0,3642,476,-2.656217638,0.1626495164,1,-36.84975356
110,0,3643,476,-2.656217638,0.1626495164,1,-36.84975356
110,0,3644,476,-2.656217638,0.1626495164,1,-36.84975356
110,0,3645,477,-2.660034433,0.1645759562,1,-36.84503536
110,0,3646,477,-2.660034433,0.1645759562,1,-36.84503536
110,0,3647,477,-2.660034433,0.1645759562,1,-36.84503536
110,0,3648,477,-2.660034433,0.1645759562,1,-36.84503536
110,0,3649,477,-2.660034433,0.1645759562,1,-36.84503536
110,0,3650,478,-2.659033863,0.2473655446,1,-36.88402586
110,0,3651,478,-2.659033863,0.2473655446,1,-36.88402586
110,0,3652,478,-2.659033863,0.2473655446,1,-36.88402586
110,0,3653,478,-2.659033863,0.2473655446,1,-36.88402586
110,0,3654,478,-2.659033863,0.2473655446,1,-36.88402586
110,0,3655,479,-2.635047707,0.2408149865,1,-36.92185159
110,0,3656,479,-2.635047707,0.2408149865,1,-36.92185159
110,0,3657,479,-2.635047707,0.2408149865,1,-36.92185159
110,0,3658,479,-2.635047707,0.2408149865,1,-36.92185159
110,0,3659,479,-2.635047707,0.2408149865,1,-36.92185159
110,0,3660,480,-2.669044383,0.1763909995,1,-36.83754974
110,0,3661,480,-2.669044383,0.1763909995,1,-36.83754974
110,0,3662,480,-2.669044383,0.1763909995,1,-36.83754974
110,0,3663,480,-2.669044383,0.1763909995,1,-36.83754974
110,0,3670,482,-2.62926261,0.2283373865,1,-36.92231803
110,0,3671,482,-2.62926261,0.2283373865,1,-36.92231803
110,0,3672,482,-2.62926261,0.2283373865,1,-36.92231803
110,0,3673,482,-2.62926261,0.2283373865,1,-36.92231803
110,0,3674,482,-2.62926261,0.2283373865,1,-36.92231803
110,0,3675,483,-2.642758509,0.1655515633,1,-36.87501251
110,0,3676,483,-2.642758509,0.1655515633,1,-36.87501251
110,0,3677,483,-2.642758509,0.1655515633,1,-36.87501251
110,0,3678,483,-2.642758509,0.1655515633,1,-36.87501251
110,0,3679,483,-2.642758509,0.1655515633,1,-36.87501251
110,0,3680,484,-2.639744111,0.2477174339,1,-36.91206048
110,0,3681,484,-2.639744111,0.2477174339,1,-36.91206048
110,0,3682,484,-2.639744111,0.2477174339,1,-36.91206048
110,0,3683,484,-2.639744111,0.2477174339,1,-36.91206048
110,0,3684,484,-2.639744111,0.2477174339,1,-36.91206048
110,0,3685,485,-2.662565629,0.2451364843,1,-36.87653765
110,0,3686,485,-2.662565629,0.2451364843,1,-36.87653765
110,0,3687,485,-2.662565629,0.2451364843,1,-36.87653765
110,0,3688,485,-2.662565629,0.2451364843,1,-36.87653765
110,0,3689,485,-2.662565629,0.2451364843,1,-36.87653765
110,0,3695,487,-2.653584854,0.1629472123,1,-36.85997705
110,0,3696,487,-2.653584854,0.1629472123,1,-36.85997705
110,0,3697,487,-2.653584854,0.1629472123,1,-36.85997705
110,0,3698,487,-2.653584854,0.1629472123,1,-36.85997705
110,0,3699,487,-2.653584854,0.1629472123,1,-36.85997705
110,0,3705,489,-2.633580875,0.1726487979,1,-36.89015867
110,0,3706,489,-2.633580875,0.1726487979,1,-36.89015867
110,0,3707,489,-2.633580875,0.1726487979,1,-36.89015867
110,0,3708,489,-2.633580875,0.1726487979,1,-36.89015867
110,0,3709,489,-2.633580875,0.1726487979,1,-36.89015867
110,0,3710,490,-2.623244656,0.223860032,1,-36.9195363
110,0,3711,490,-2.623244656,0.223860032,1,-36.9195363
110,0,3712,490,-2.623244656,0.223860032,1,-36.9195363
110,0,3713,490,-2.623244656,0.223860032,1,-36.9195363
110,0,3714,490,-2.623244656,0.223860032,1,-36.9195363
110,0,3715,491,-2.648938628,0.2513669507,1,-36.89440531
110,0,3716,491,-2.648938628,0.2513669507,1,-36.89440531
110,0,3717,491,-2.648938628,0.2513669507,1,-36.89440531
110,0,3718,491,-2.648938628,0.2513669507,1,-36.89440531
110,0,3719,491,-2.648938628,0.2513669507,1,-36.89440531
110,0,3725,493,-2.668007205,0.2420387462,1,-36.86736007
110,0,3726,493,-2.668007205,0.2420387462,1,-36.86736007
110,0,3727,493,-2.668007205,0.2420387462,1,-36.86736007
110,0,3728,493,-2.668007205,0.2420387462,1,-36.86736007
110,0,3730,494,-2.619123349,0.2069835539,1,-36.91581497
110,0,3731,494,-2.619123349,0.2069835539,1,-36.91581497
110,0,3732,494,-2.619123349,0.2069835539,1,-36.91581497
110,0,3733,494,-2.619123349,0.2069835539,1,-36.91581497
110,0,3734,494,-2.619123349,0.2069835539,1,-36.91581497
110,0,3735,495,-2.681373068,0.2142360468,1,-36.8444145
110,0,3736,495,-2.681373068,0.2142360468,1,-36.8444145
110,0,3737,495,-2.681373068,0.2142360468,1,-36.8444145
110,0,3738,495,-2.681373068,0.2142360468,1,-36.8444145
110,0,3739,495,-2.681373068,0.2142360468,1,-36.8444145
110,0,3740,496,-2.61792697,0.2054850867,1,-36.9152155
110,0,3741,496,-2.61792697,0.2054850867,1,-36.9152155
110,0,3742,496,-2.61792697,0.2054850867,1,-36.9152155
110,0,3743,496,-2.61792697,0.2054850867,1,-36.9152155
110,0,3744,496,-2.61792697,0.2054850867,1,-36.9152155
110,0,3745,497,-2.617637404,0.202013974,1,-36.91393472
110,0,3746,497,-2.617637404,0.202013974,1,-36.91393472
110,0,3747,497,-2.617637404,0.202013974,1,-36.91393472
110,0,3748,497,-2.617637404,0.202013974,1,-36.91393472
110,0,3749,497,-2.617637404,0.202013974,1,-36.91393472
110,0,3750,498,-2.625137432,0.1793889907,1,-36.90024518
110,0,3751,498,-2.625137432,0.1793889907,1,-36.90024518
110,0,3752,498,-2.625137432,0.1793889907,1,-36.90024518
110,0,3753,498,-2.625137432,0.1793889907,1,-36.90024518
110,0,3754,498,-2.625137432,0.1793889907,1,-36.90024518
110,0,3755,499,-2.651072572,0.2505031927,1,-36.88623984
110,0,3756,499,-2.651072572,0.2505031927,1,-36.88623984
110,0,3757,499,-2.651072572,0.2505031927,1,-36.88623984
110,0,3758,499,-2.651072572,0.2505031927,1,-36.88623984
110,0,3759,499,-2.651072572,0.2505031927,1,-36.88623984
110,0,3760,500,-2.683601782,0.1951782501,1,-36.84080545
110,0,3761,500,-2.683601782,0.1951782501,1,-36.84080545
110,0,3762,500,-2.683601782,0.1951782501,1,-36.84080545
110,0,3763,500,-2.683601782,0.1951782501,1,-36.84080545
110,0,3764,500,-2.683601782,0.1951782501,1,-36.84080545
110,0,3765,501,-2.68525898,0.2094808811,1,-36.84224642
110,0,3766,501,-2.68525898,0.2094808811,1,-36.84224642
110,0,3767,501,-2.68525898,0.2094808811,1,-36.84224642
110,0,3768,501,-2.68525898,0.2094808811,1,-36.84224642
110,0,3769,501,-2.68525898,0.2094808811,1,-36.84224642
110,0,3770,502,-2.632092704,0.1703981323,1,-36.89077288
110,0,3771,502,-2.632092704,0.1703981323,1,-36.89077288
110,0,3772,502,-2.632092704,0.1703981323,1,-36.89077288
110,0,3773,502,-2.632092704,0.1703981323,1,-36.89077288
110,0,3774,502,-2.632092704,0.1703981323,1,-36.89077288
110,0,3775,503,-2.648124085,0.1644386458,1,-36.87383892
110,0,3776,503,-2.648124085,0.1644386458,1,-36.87383892
110,0,3777,503,-2.648124085,0.1644386458,1,-36.87383892
110,0,3778,503,-2.648124085,0.1644386458,1,-36.87383892
110,0,3779,503,-2.648124085,0.1644386458,1,-36.87383892
110,0,3780,504,-2.615895149,0.1917035809,1,-36.90974706
110,0,3781,504,-2.615895149,0.1917035809,1,-36.90974706
110,0,3782,504,-2.615895149,0.1917035809,1,-36.90974706
110,0,3783,504,-2.615895149,0.1917035809,1,-36.90974706
110,0,3785,505,-2.678165829,0.1783570661,1,-36.84724425
110,0,3786,505,-2.678165829,0.1783570661,1,-36.84724425
110,0,3787,505,-2.678165829,0.1783570661,1,-36.84724425
110,0,3788,505,-2.678165829,0.1783570661,1,-36.84724425
110,0,3789,505,-2.678165829,0.1783570661,1,-36.84724425
110,0,3790,506,-2.660392594,0.2480738627,1,-36.87228473
110,0,3791,506,-2.660392594,0.2480738627,1,-36.87228473
110,0,3792,506,-2.660392594,0.2480738627,1,-36.87228473
110,0,3793,506,-2.660392594,0.2480738627,1,-36.87228473
110,0,3794,506,-2.660392594,0.2480738627,1,-36.87228473
110,0,3795,507,-2.687375464,0.1961876725,1,-36.84160831
110,0,3796,507,-2.687375464,0.1961876725,1,-36.84160831
110,0,3797,507,-2.687375464,0.1961876725,1,-36.84160831
110,0,3798,507,-2.687375464,0.1961876725,1,-36.84160831
110,0,3799,507,-2.687375464,0.1961876725,1,-36.84160831
110,0,3800,508,-2.688435717,0.1976573576,1,-36.84141722
110,0,3801,508,-2.688435717,0.1976573576,1,-36.84141722
110,0,3802,508,-2.688435717,0.1976573576,1,-36.84141722
110,0,3803,508,-2.688435717,0.1976573576,1,-36.84141722
110,0,3804,508,-2.688435717,0.1976573576,1,-36.84141722
110,0,3805,509,-2.688678589,0.1968811177,1,-36.8417085
110,0,3806,509,-2.688678589,0.1968811177,1,-36.8417085
110,0,3807,509,-2.688678589,0.1968811177,1,-36.8417085
110,0,3808,509,-2.688678589,0.1968811177,1,-36.8417085
110,0,3809,509,-2.688678589,0.1968811177,1,-36.8417085
110,0,3810,510,-2.634673559,0.2464955967,1,-36.89308682
110,0,3811,510,-2.634673559,0.2464955967,1,-36.89308682
110,0,3812,510,-2.634673559,0.2464955967,1,-36.89308682
110,0,3813,510,-2.634673559,0.2464955967,1,-36.89308682
110,0,3814,510,-2.634673559,0.2464955967,1,-36.89308682
110,0,3815,511,-2.66591828,0.2459732028,1,-36.86465343
110,0,3816,511,-2.66591828,0.2459732028,1,-36.86465343
110,0,3817,511,-2.66591828,0.2459732028,1,-36.86465343
110,0,3818,511,-2.66591828,0.2459732028,1,-36.86465343
110,0,3819,511,-2.66591828,0.2459732028,1,-36.86465343
110,0,3820,512,-2.608475055,0.2104991715,1,-36.91316027
110,0,3821,512,-2.608475055,0.2104991715,1,-36.91316027
110,0,3822,512,-2.608475055,0.2104991715,1,-36.91316027
110,0,3823,512,-2.608475055,0.2104991715,1,-36.91316027
110,0,3824,512,-2.608475055,0.2104991715,1,-36.91316027
110,0,3825,513,-2.617574785,0.1804914779,1,-36.9045339
110,0,3826,513,-2.617574785,0.1804914779,1,-36.9045339
110,0,3827,513,-2.617574785,0.1804914779,1,-36.9045339
110,0,3828,513,-2.617574785,0.1804914779,1,-36.9045339
110,0,3829,513,-2.617574785,0.1804914779,1,-36.9045339
110,0,3830,514,-2.64044054,0.1660751903,1,-36.88517536
110,0,3831,514,-2.64044054,0.1660751903,1,-36.88517536
110,0,3832,514,-2.64044054,0.1660751903,1,-36.88517536
110,0,3833,514,-2.64044054,0.1660751903,1,-36.88517536
110,0,3834,515,-2.651587687,0.1651067739,1,-36.8761315
110,0,3835,515,-2.651587687,0.1651067739,1,-36.8761315
110,0,3836,515,-2.651587687,0.1651067739,1,-36.8761315
110,0,3838,516,-2.669799596,0.1696795798,1,-36.86140168
110,0,3839,516,-2.669799596,0.1696795798,1,-36.86140168
110,0,3840,516,-2.669799596,0.1696795798,1,-36.86140168
110,0,3841,516,-2.669799596,0.1696795798,1,-36.86140168
110,0,3842,517,-2.609102831,0.1923160577,1,-36.91053598
110,0,3843,517,-2.609102831,0.1923160577,1,-36.91053598
110,0,3844,517,-2.609102831,0.1923160577,1,-36.91053598
110,0,3846,518,-2.630986819,0.2451753555,1,-36.89020734
110,0,3847,518,-2.630986819,0.2451753555,1,-36.89020734
110,0,3848,518,-2.630986819,0.2451753555,1,-36.89020734
110,0,3849,518,-2.630986819,0.2451753555,1,-36.89020734
110,0,3850,519,-2.685116914,0.2336401211,1,-36.84692858
110,0,3851,519,-2.685116914,0.2336401211,1,-36.84692858
110,0,3852,519,-2.685116914,0.2336401211,1,-36.84692858
