# wavelength_nm,flux_ph_s_nm_sr_m2
# source=ESO SkyCalc via skycalc_ipy; observatory=paranal; airmass=1.2; incl_moon=Y; moon_sun_sep=90; moon_target_sep=60; moon_alt=30; pwv=2.5; msolflux=130; wmin=300 nm; wmax=900 nm; wdelta=1 nm
# unit_conversion=SkyCalc ph/(s um arcsec^2 m^2) * (206265^2) / 1000 -> ph/(s nm sr m^2)
wavelength_nm,flux_ph_s_nm_sr_m2
300.000000,2.7836084559e+08
300.300150,2.9278892021e+08
300.600600,3.3562318558e+08
300.901351,3.8857309552e+08
301.202403,4.9524026713e+08
301.503756,5.5870922336e+08
301.805411,5.6460137977e+08
302.107367,5.6629934418e+08
302.409626,6.9079480501e+08
302.712187,8.2327924952e+08
303.015050,1.0337172032e+09
303.318217,1.1849768235e+09
303.621687,1.2434150463e+09
303.925460,1.1880463334e+09
304.229538,1.2600770359e+09
304.533919,1.4638455237e+09
304.838606,1.5993701618e+09
305.143597,1.9509569777e+09
305.448893,2.0528598384e+09
305.754495,1.9708891408e+09
306.060402,2.0153132100e+09
306.366615,2.1533836327e+09
306.673135,2.3217280371e+09
306.979962,2.6796419852e+09
307.287095,3.0520752023e+09
307.594536,3.2498860840e+09
307.902285,3.3297220929e+09
308.210341,3.3581113870e+09
308.518705,3.7639436442e+09
308.827378,3.5812810218e+09
309.136360,3.4899203817e+09
309.445651,3.6022552085e+09
309.755252,3.9494831369e+09
310.065162,3.8650561396e+09
310.375382,4.4035967791e+09
310.685913,5.3163172522e+09
310.996754,5.9282759742e+09
311.307906,5.9586978074e+09
311.619370,5.8466876159e+09
311.931145,5.7681149171e+09
312.243232,5.8883514037e+09
312.555632,6.4500514134e+09
312.868344,6.6687167550e+09
313.181368,6.7767373014e+09
313.494706,6.4808970748e+09
313.808358,7.0781077976e+09
314.122323,7.5096815080e+09
314.436603,8.5789418002e+09
314.751197,9.5366018604e+09
315.066105,9.9659993984e+09
315.381329,9.1215840107e+09
315.696868,7.0504633301e+09
316.012723,6.6945572914e+09
316.328894,7.4651709512e+09
316.645381,8.6490316042e+09
316.962184,9.5421819651e+09
317.279305,1.0652060847e+10
317.596743,9.6130500012e+09
317.914499,8.8517325176e+09
318.232572,8.2798958602e+09
318.550964,9.2960088774e+09
318.869674,1.0202201402e+10
319.188703,1.0184071550e+10
319.508052,9.1653395081e+09
319.827720,1.0121783639e+10
320.147707,1.0382360012e+10
320.468015,1.2025759395e+10
320.788643,1.2269138296e+10
321.109593,1.3437852529e+10
321.430863,1.2255727001e+10
321.752454,1.2260738680e+10
322.074368,1.1888289400e+10
322.396603,1.1820892001e+10
322.719161,9.5791210535e+09
323.042042,9.9413205249e+09
323.365245,1.0889942011e+10
323.688772,1.1531546706e+10
324.012623,1.2292227094e+10
324.336798,1.2479292324e+10
324.661297,1.2582736333e+10
324.986120,1.1361957481e+10
325.311269,1.2438766014e+10
325.636743,1.3791317604e+10
325.962543,1.5604583185e+10
326.288668,1.6504794543e+10
326.615120,1.5747185968e+10
326.941898,1.6043976610e+10
327.269004,1.5152177408e+10
327.596437,1.5511925118e+10
327.924197,1.3352721189e+10
328.252285,1.4655317699e+10
328.580702,1.4034870051e+10
328.909447,1.5310570249e+10
329.238521,1.6402424454e+10
329.567924,1.8232256611e+10
329.897657,1.8366656372e+10
330.227719,1.7988342143e+10
330.558112,1.4907929716e+10
330.888836,1.4531274392e+10
331.219890,1.5641690412e+10
331.551275,1.4843062991e+10
331.882993,1.5081681129e+10
332.215042,1.4858857987e+10
332.547423,1.5290478853e+10
332.880136,1.5296473677e+10
333.213183,1.5263974512e+10
333.546563,1.4297555544e+10
333.880276,1.3613579126e+10
334.214324,1.4388763275e+10
334.548705,1.5213041890e+10
334.883421,1.4827315233e+10
335.218472,1.5183840322e+10
335.553858,1.5513771645e+10
335.889580,1.3874528304e+10
336.225637,1.1745981965e+10
336.562031,1.3974633067e+10
336.898762,1.3743116022e+10
337.235829,1.4601844780e+10
337.573233,1.6190489101e+10
337.910975,1.6401105578e+10
338.249055,1.5203209375e+10
338.587474,1.5501056194e+10
338.926231,1.4716766181e+10
339.265326,1.4178083594e+10
339.604761,1.4684514344e+10
339.944536,1.6023833996e+10
340.284650,1.5895937699e+10
340.625105,1.4961868930e+10
340.965901,1.4311070216e+10
341.307037,1.4197231883e+10
341.648515,1.3694095478e+10
341.990334,1.5490224242e+10
342.332496,1.5770466415e+10
342.674999,1.5015164254e+10
343.017846,1.6107589251e+10
343.361035,1.5214692599e+10
343.704568,1.5912473676e+10
344.048445,1.2383716068e+10
344.392665,1.0853955050e+10
344.737230,1.2438936398e+10
345.082140,1.4984861303e+10
345.427394,1.5826601600e+10
345.772995,1.5358056858e+10
346.118940,1.3848313044e+10
346.465233,1.4476166435e+10
346.811871,1.4138255983e+10
347.158856,1.5016622162e+10
347.506189,1.2873736779e+10
347.853869,1.3632959196e+10
348.201897,1.7712203607e+10
348.550273,1.6106047859e+10
348.898997,1.6340137756e+10
349.248071,1.4059764302e+10
349.597494,1.4524432993e+10
349.947266,1.5175191200e+10
350.297388,1.6353085526e+10
350.647861,1.5505907488e+10
350.998684,1.4950504515e+10
351.349858,1.3563875504e+10
351.701384,1.4331274376e+10
352.053261,1.4630498228e+10
352.405491,1.2660116179e+10
352.758072,1.2224003350e+10
353.111007,1.4825718438e+10
353.464295,1.5182056833e+10
353.817936,1.5347973428e+10
354.171931,1.6114900218e+10
354.526280,1.7078370509e+10
354.880983,1.6697560683e+10
355.236042,1.6033899696e+10
355.591455,1.6582692281e+10
355.947225,1.5705656196e+10
356.303350,1.6223738151e+10
356.659832,1.3646813097e+10
357.016670,1.2410919279e+10
357.373865,1.2483607208e+10
357.731418,1.3217443230e+10
358.089328,1.1465389089e+10
358.447596,1.1269818738e+10
358.806223,1.0909949405e+10
359.165209,1.3626129860e+10
359.524554,1.4578684268e+10
359.884258,1.5656529701e+10
360.244322,1.5382422500e+10
360.604747,1.3514726006e+10
360.965532,1.2234309540e+10
361.326678,1.3415205323e+10
361.688186,1.5392192579e+10
362.050055,1.3572522845e+10
362.412286,1.5291020761e+10
362.774879,1.6528233312e+10
363.137836,1.5035688787e+10
363.501155,1.5088718432e+10
363.864838,1.5938074852e+10
364.228885,1.6541537772e+10
364.593296,1.4632869937e+10
364.958072,1.3962218936e+10
365.323212,1.5711202286e+10
365.688718,1.6610624736e+10
366.054590,1.7516213176e+10
366.420827,1.6910423697e+10
366.787432,1.6660343329e+10
367.154402,1.6355820367e+10
367.521740,1.6697025768e+10
367.889446,1.5546206095e+10
368.257519,1.5398291253e+10
368.625961,1.5495027188e+10
368.994772,1.5650306632e+10
369.363951,1.7439274855e+10
369.733500,1.7373521105e+10
370.103418,1.9325857414e+10
370.473707,1.6751147102e+10
370.844366,1.5320183892e+10
371.215395,1.6860433518e+10
371.586796,1.8295782626e+10
371.958569,1.6165874736e+10
372.330714,1.3982665640e+10
372.703231,1.6753978118e+10
373.076120,1.6330389822e+10
373.449383,1.4324682942e+10
373.823019,1.3364516041e+10
374.197029,1.7328122147e+10
374.571413,1.4635091587e+10
374.946172,1.2836493199e+10
375.321306,1.5556619922e+10
375.696815,1.7972980711e+10
376.072700,1.5334415571e+10
376.448960,1.5645148975e+10
376.825598,1.5278129899e+10
377.202612,1.6385220725e+10
377.580003,1.9206070662e+10
377.957772,1.8969115454e+10
378.335919,1.9678548540e+10
378.714444,1.8058140157e+10
379.093348,1.5844112163e+10
379.472631,1.5949309092e+10
379.852293,1.4543195590e+10
380.232335,1.6534633824e+10
380.612758,1.7718312406e+10
380.993561,1.7731769137e+10
381.374745,1.7014037298e+10
381.756311,1.5401649612e+10
382.138258,1.3458873447e+10
382.520587,1.3208659594e+10
382.903299,1.2116791627e+10
383.286394,1.3437358962e+10
383.669872,1.2435278217e+10
384.053734,1.2229173485e+10
384.437980,1.5351808475e+10
384.822610,1.7123066937e+10
385.207625,1.5785922495e+10
385.593025,1.5020703482e+10
385.978811,1.3101672106e+10
386.364983,1.5217065521e+10
386.751541,1.5510422372e+10
387.138486,1.3911216709e+10
387.525818,1.5219504310e+10
387.913538,1.3926603874e+10
388.301646,1.3876753723e+10
388.690141,1.3804795899e+10
389.079026,1.5320492900e+10
389.468300,1.7004945191e+10
389.857963,1.7845773823e+10
390.248016,1.7983585175e+10
390.638459,1.7717147365e+10
391.029293,2.0549779740e+10
391.420518,2.0503937179e+10
391.812134,1.8987150605e+10
392.204142,1.6324005820e+10
392.596542,1.5751482765e+10
392.989335,1.1454314250e+10
393.382521,8.4811950611e+09
393.776100,9.5793652225e+09
394.170073,1.4002191055e+10
394.564441,1.6402855621e+10
394.959202,1.8324105389e+10
395.354359,1.9606628685e+10
395.749911,1.8663529432e+10
396.145859,1.6672769122e+10
396.542203,1.2243916168e+10
396.938944,8.8731783157e+09
397.336081,1.2075261544e+10
397.733616,1.7065766755e+10
398.131549,2.0801559668e+10
398.529879,2.1045122026e+10
398.928608,2.2645498812e+10
399.327737,2.2961331555e+10
399.727264,2.2021791586e+10
400.127191,2.3216437125e+10
400.527519,2.2070764394e+10
400.928246,2.3627590336e+10
401.329375,2.3965624565e+10
401.730905,2.3824147836e+10
402.132837,2.3906453483e+10
402.535171,2.3402801313e+10
402.937908,2.3736007387e+10
403.341047,2.1347088775e+10
403.744590,2.2838852609e+10
404.148536,2.2779352787e+10
404.552887,2.1454615350e+10
404.957642,2.3170166754e+10
405.362802,2.3364322141e+10
405.768368,2.1991953499e+10
406.174339,2.2940735509e+10
406.580717,2.1556166800e+10
406.987501,2.3048992951e+10
407.394692,2.1602940476e+10
407.802290,2.0502258828e+10
408.210297,2.4116460703e+10
408.618711,2.2853493322e+10
409.027534,2.4620264297e+10
409.436766,2.4615707167e+10
409.846408,2.2542532674e+10
410.256459,1.9124839740e+10
410.666921,2.3656447578e+10
411.077793,2.4177686976e+10
411.489077,2.4198217095e+10
411.900772,2.4691258086e+10
412.312878,2.4382065315e+10
412.725397,2.3955303129e+10
413.138329,2.1935096107e+10
413.551674,2.1521805523e+10
413.965433,2.4573474009e+10
414.379605,2.0599256074e+10
414.794192,2.3225444417e+10
415.209194,2.2787078798e+10
415.624611,2.2088952951e+10
416.040443,2.3079993608e+10
416.456692,2.4239197993e+10
416.873357,2.3187207429e+10
417.290439,2.1475743650e+10
417.707938,2.1124178270e+10
418.125855,2.1491100343e+10
418.544190,2.1607083515e+10
418.962943,2.0781985338e+10
419.382116,2.2296411765e+10
419.801707,1.9508175920e+10
420.221719,1.9829215568e+10
420.642151,2.2170231408e+10
421.063004,2.2714717653e+10
421.484277,2.0476767744e+10
421.905972,2.0690761857e+10
422.328089,2.2327348541e+10
422.750629,1.7381859705e+10
423.173591,2.1923225624e+10
423.596976,2.0122453621e+10
424.020785,1.9963028068e+10
424.445018,2.2087469546e+10
424.869675,2.0750668580e+10
425.294757,2.0856711669e+10
425.720265,2.0684298022e+10
426.146198,1.8057580845e+10
426.572557,2.2136220307e+10
426.999343,2.0117878861e+10
427.426556,1.7399759077e+10
427.854196,2.0903765158e+10
428.282264,1.9920116653e+10
428.710761,2.0520131059e+10
429.139686,1.7843454389e+10
429.569040,1.9549663959e+10
429.998824,1.6296891294e+10
430.429038,1.5793448186e+10
430.859683,1.4154874144e+10
431.290758,1.5464635680e+10
431.722264,2.2914302340e+10
432.154202,2.4680517113e+10
432.586573,1.7229192714e+10
433.019376,2.2151040689e+10
433.452612,2.2943786299e+10
433.886281,1.8738872378e+10
434.320384,1.7235642320e+10
434.754922,2.0767720898e+10
435.189894,1.9168769392e+10
435.625302,2.1907176608e+10
436.061145,2.3334034527e+10
436.497424,2.3900764635e+10
436.934140,2.1987843690e+10
437.371293,2.0261448077e+10
437.808883,2.0099762612e+10
438.246911,1.9807991540e+10
438.685377,1.7804909078e+10
439.124282,2.1266690466e+10
439.563626,2.1362164874e+10
440.003409,2.1028882820e+10
440.443633,2.0479155606e+10
440.884296,2.2307934374e+10
441.325401,2.3898349364e+10
441.766947,2.1923760491e+10
442.208935,2.4414083603e+10
442.651365,2.2533254934e+10
443.094238,2.2239393283e+10
443.537554,2.2146138523e+10
443.981313,2.3799475730e+10
444.425517,2.2379938924e+10
444.870165,2.4339718497e+10
445.315257,2.2505057751e+10
445.760795,2.0583045638e+10
446.206779,2.0952604986e+10
446.653209,2.3070380939e+10
447.100086,2.2878864886e+10
447.547409,2.3672463180e+10
447.995181,2.2924812469e+10
448.443400,2.2401550762e+10
448.892067,2.2898596039e+10
449.341184,2.2793738101e+10
449.790750,2.2200817221e+10
450.240766,2.3306356516e+10
450.691232,2.4629402399e+10
451.142148,2.3930832291e+10
451.593516,2.3809677944e+10
452.045336,2.3239822676e+10
452.497607,2.2964914596e+10
452.950331,2.0951450346e+10
453.403508,2.1217885377e+10
453.857138,2.3467450339e+10
454.311222,2.3375043967e+10
454.765761,2.2004177908e+10
455.220754,2.2967248338e+10
455.676202,2.2167033075e+10
456.132106,2.3480216665e+10
456.588467,2.2689394923e+10
457.045284,2.3242363536e+10
457.502557,2.3059191817e+10
457.960289,2.2997516468e+10
458.418478,2.1965441708e+10
458.877126,2.3271116390e+10
459.336233,2.2673976034e+10
459.795799,2.2368556764e+10
460.255824,2.1957654551e+10
460.716310,2.2579282971e+10
461.177257,2.3496090499e+10
461.638665,2.3039956347e+10
462.100535,2.2467883252e+10
462.562866,2.3246187179e+10
463.025660,2.2744628581e+10
463.488918,2.2734926521e+10
463.952638,2.1227094874e+10
464.416823,2.3265107402e+10
464.881472,2.1355684002e+10
465.346586,2.1496377276e+10
465.812166,2.1594286760e+10
466.278211,2.2851745744e+10
466.744722,2.0839074030e+10
467.211700,2.1901606377e+10
467.679146,2.2727184289e+10
468.147059,2.1920035518e+10
468.615440,2.1602740020e+10
469.084290,2.1599792084e+10
469.553609,2.2562592003e+10
470.023397,2.1397913737e+10
470.493656,2.0982400861e+10
470.964385,2.0948872301e+10
471.435585,2.2411567133e+10
471.907256,2.2940181144e+10
472.379399,2.2687605448e+10
472.852015,2.2309136210e+10
473.325103,2.2157125548e+10
473.798665,2.2339672098e+10
474.272701,2.2822111453e+10
474.747211,2.2793284335e+10
475.222195,2.3119747976e+10
475.697655,2.2376852856e+10
476.173591,2.2462402018e+10
476.650003,2.1512994658e+10
477.126891,2.2484709426e+10
477.604257,2.2881369177e+10
478.082100,2.3347054569e+10
478.560421,2.2829104675e+10
479.039221,2.2171883629e+10
479.518500,2.3181821997e+10
479.998258,2.2783952750e+10
480.478496,2.3089037048e+10
480.959215,2.2815701377e+10
481.440415,2.2883811135e+10
481.922096,2.3469884349e+10
482.404259,2.3228377953e+10
482.886905,2.3320693760e+10
483.370033,2.2553638577e+10
483.853645,2.2394467822e+10
484.337741,2.1933011603e+10
484.822321,2.2792780063e+10
485.307385,2.2206030485e+10
485.792936,2.0346928493e+10
486.278972,1.6466531455e+10
486.765494,2.0181767670e+10
487.252503,1.9916626440e+10
487.739999,2.0773606743e+10
488.227983,2.2174663907e+10
488.716455,2.1473624562e+10
489.205416,1.9931594366e+10
489.694866,2.2312629807e+10
490.184806,2.2406440935e+10
490.675236,2.2541560199e+10
491.166156,2.0722635144e+10
491.657568,2.2264422715e+10
492.149472,1.9452095984e+10
492.641867,2.1038941891e+10
493.134756,2.2356944837e+10
493.628137,2.1213467337e+10
494.122012,2.1813102686e+10
494.616381,2.2098218526e+10
495.111245,2.2354375106e+10
495.606604,2.1651553866e+10
496.102458,2.0880536115e+10
496.598809,2.2024869698e+10
497.095656,2.1412540815e+10
497.593000,2.2626895376e+10
498.090842,2.0960952548e+10
498.589182,1.9390744975e+10
499.088021,2.1639883970e+10
499.587358,2.1935674484e+10
500.087196,2.0019067229e+10
500.587533,1.9215668200e+10
501.088371,2.0154398570e+10
501.589710,1.9056266412e+10
502.091551,1.9073124726e+10
502.593893,1.9538225725e+10
503.096738,1.9763564700e+10
503.600087,2.0293387094e+10
504.103939,1.8378006607e+10
504.608295,2.1071614391e+10
505.113156,1.8978810189e+10
505.618521,2.0944555054e+10
506.124393,2.1132057915e+10
506.630770,2.0214401636e+10
507.137655,1.9966917630e+10
507.645046,2.0114800137e+10
508.152945,1.9082474848e+10
508.661352,1.9614231654e+10
509.170268,2.0626177405e+10
509.679693,2.0567558645e+10
510.189627,1.9276315959e+10
510.700072,1.9681971676e+10
511.211028,2.0012931057e+10
511.722494,2.0818081243e+10
512.234473,2.0442193517e+10
512.746963,1.8728280756e+10
513.259967,1.9365545571e+10
513.773483,1.9778606070e+10
514.287514,1.8643011653e+10
514.802059,1.9419293410e+10
515.317118,1.9303352986e+10
515.832693,2.0003520025e+10
516.348784,1.9850656566e+10
516.865391,1.5810808918e+10
517.382515,1.5909480997e+10
517.900156,2.0201513351e+10
518.418315,1.5886425013e+10
518.936993,2.0830724039e+10
519.456189,1.8246992017e+10
519.975905,2.7567321075e+10
520.496141,2.0210113074e+10
521.016898,1.9107951111e+10
521.538175,1.9423702062e+10
522.059974,1.9992176291e+10
522.582295,1.9809663937e+10
523.105139,1.9209629851e+10
523.628506,1.8878738746e+10
524.152396,2.1566220012e+10
524.676811,1.9799795107e+10
525.201750,2.0486491101e+10
525.727215,2.1756476391e+10
526.253205,1.9245661340e+10
526.779721,1.7919845390e+10
527.306764,1.7470326748e+10
527.834335,2.0258503472e+10
528.362433,1.8816674052e+10
528.891060,2.0612629184e+10
529.420215,2.0796295714e+10
529.949900,1.9543886567e+10
530.480115,2.0150573778e+10
531.010861,2.0487222071e+10
531.542137,2.0854591463e+10
532.073945,1.9927591642e+10
532.606285,1.9701136004e+10
533.139158,1.9376640411e+10
533.672564,1.9607567539e+10
534.206503,1.9288251271e+10
534.740977,1.9528880520e+10
535.275986,1.9961986573e+10
535.811529,2.0563306495e+10
536.347609,1.9626547218e+10
536.884225,1.9425241307e+10
537.421377,1.8840900303e+10
537.959068,1.9812694910e+10
538.497296,1.9470134487e+10
539.036062,1.9678047796e+10
539.575368,1.9214703807e+10
540.115213,1.8962818293e+10
540.655599,1.8038103531e+10
541.196525,1.9066630946e+10
541.737992,1.9232726111e+10
542.280001,1.9608033776e+10
542.822552,1.9386117565e+10
543.365646,1.8547694100e+10
543.909283,1.9533032297e+10
544.453465,1.9897743983e+10
544.998191,1.9233292211e+10
545.543461,1.9113284273e+10
546.089278,2.0535228602e+10
546.635640,1.9230337947e+10
547.182549,2.0146337536e+10
547.730005,1.8828315291e+10
548.278009,1.9961967161e+10
548.826562,1.9938586763e+10
549.375663,1.9760490030e+10
549.925313,2.0373941554e+10
550.475513,1.9947956833e+10
551.026264,1.9868892633e+10
551.577566,1.9271011683e+10
552.129420,2.0077136982e+10
552.681825,1.9436703985e+10
553.234783,1.9429745866e+10
553.788295,1.9593805964e+10
554.342360,2.1525105304e+10
554.896980,2.0550140830e+10
555.452154,1.9669522238e+10
556.007884,2.0262675750e+10
556.564170,2.1242756939e+10
557.121013,2.0114182616e+10
557.678413,3.3804771871e+11
558.236370,2.0239323534e+10
558.794885,2.0224801683e+10
559.353960,1.9258130223e+10
559.913594,2.0185195176e+10
560.473787,2.1447018562e+10
561.034541,2.0052336461e+10
561.595856,1.9685802767e+10
562.157733,1.9828296219e+10
562.720172,2.1713767198e+10
563.283174,2.0175688630e+10
563.846739,2.0146126250e+10
564.410867,2.0145253709e+10
564.975561,2.0483240664e+10
565.540819,1.9749200455e+10
566.106642,1.9082058828e+10
566.673032,2.0352515852e+10
567.239989,2.0518704615e+10
567.807512,2.0157413824e+10
568.375604,1.9802593269e+10
568.944264,1.9635651355e+10
569.513493,2.0028867738e+10
570.083291,2.0057524106e+10
570.653659,1.9747400690e+10
571.224598,1.8942436652e+10
571.796109,1.9930356922e+10
572.368191,2.0232751200e+10
572.940845,2.0360641227e+10
573.514073,2.0178493759e+10
574.087874,2.0130682707e+10
574.662249,2.0242908153e+10
575.237198,1.9904178845e+10
575.812723,1.9966015819e+10
576.388824,1.9658626157e+10
576.965501,2.0182751242e+10
577.542755,2.0026980073e+10
578.120587,1.9849914552e+10
578.698997,1.9578474331e+10
579.277985,1.9879792445e+10
579.857553,2.0125367878e+10
580.437700,2.0164317538e+10
581.018428,2.0059945511e+10
581.599737,2.0014182243e+10
582.181628,2.0472442268e+10
582.764101,2.0415713965e+10
583.347156,2.0302491826e+10
583.930795,2.0367884918e+10
584.515018,2.0560892279e+10
585.099826,2.0351960603e+10
585.685218,1.9806819502e+10
586.271196,1.9784265481e+10
586.857761,2.7801302122e+10
587.444912,2.1394750339e+10
588.032651,2.0400410086e+10
588.620977,2.1054361034e+10
589.209893,6.5730766759e+10
589.799397,4.5484500653e+10
590.389492,2.0141685637e+10
590.980177,2.1129891572e+10
591.571452,2.4348186653e+10
592.163320,1.9990297340e+10
592.755779,2.1993062170e+10
593.348831,2.5866677435e+10
593.942477,1.9980651814e+10
594.536717,2.1637753733e+10
595.131551,1.9582802674e+10
595.726980,2.6527132284e+10
596.323005,1.9883407483e+10
596.919626,2.1289242620e+10
597.516844,1.9740676399e+10
598.114660,2.2784302555e+10
598.713074,1.9420202012e+10
599.312086,1.9633425951e+10
599.911698,2.0420827201e+10
600.511910,2.1181850627e+10
601.112722,1.9371533251e+10
601.714136,1.9243147912e+10
602.316151,1.9053149644e+10
602.918768,1.9868370133e+10
603.521988,2.0390762115e+10
604.125812,1.9665955045e+10
604.730240,1.9655573590e+10
605.335273,1.9684526335e+10
605.940911,1.9503667852e+10
606.547155,1.9287036050e+10
607.154005,2.0202294785e+10
607.761463,1.9566314464e+10
608.369529,1.9326909758e+10
608.978202,1.9265229224e+10
609.587485,1.9311906402e+10
610.197378,1.9365974907e+10
610.807880,1.9375331882e+10
611.418994,1.9464184754e+10
612.030718,1.9374721654e+10
612.643055,1.9102009172e+10
613.256005,1.9277542048e+10
613.869567,2.0237100830e+10
614.483744,2.0458232086e+10
615.098535,1.9620768414e+10
615.713941,1.9758030705e+10
616.329963,1.8268864946e+10
616.946601,2.1748067743e+10
617.563857,1.9963977383e+10
618.181729,1.9060453837e+10
618.800220,1.9698483439e+10
619.419330,1.9505910022e+10
620.039059,1.8942592893e+10
620.659408,2.2047993372e+10
621.280378,2.0157735940e+10
621.901969,1.8859290386e+10
622.524182,2.2217698757e+10
623.147018,1.8454894510e+10
623.770477,3.2421296145e+10
624.394559,2.4489649669e+10
625.019266,1.9510184804e+10
625.644598,1.9078128389e+10
626.270555,2.9756453204e+10
626.897139,2.3100952928e+10
627.524350,1.8649999613e+10
628.152188,1.8855941999e+10
628.780654,2.7177123881e+10
629.409749,1.8467396674e+10
630.039474,2.2680977461e+11
630.669829,3.0352493618e+10
631.300814,1.8759188188e+10
631.932430,1.7599748772e+10
632.564679,2.1725579069e+10
633.197560,3.1399914857e+10
633.831074,1.7993617688e+10
634.465222,1.8382001917e+10
635.100005,2.0791726260e+10
635.735423,2.4154354492e+10
636.371476,8.5636474520e+10
637.008166,1.8228763012e+10
637.645493,1.8471325631e+10
638.283457,1.9947442964e+10
638.922060,2.1401505395e+10
639.561301,1.8039688108e+10
640.201183,1.7932294936e+10
640.841704,1.8175841283e+10
641.482866,1.9150699501e+10
642.124670,1.9132759102e+10
642.767116,1.8556059888e+10
643.410204,1.7958194009e+10
644.053936,1.7851964584e+10
644.698312,1.8386565581e+10
645.343333,1.8359326930e+10
645.988999,1.8841633018e+10
646.635311,2.5481665993e+10
647.282270,2.4032585158e+10
647.929876,1.9531258746e+10
648.578130,1.7766582336e+10
649.227033,1.7991076875e+10
649.876584,3.1328938608e+10
650.526786,2.2625874766e+10
651.177638,1.7794356205e+10
651.829141,1.8592194103e+10
652.481297,2.0560349688e+10
653.134104,1.7719921445e+10
653.787565,2.8056663268e+10
654.441680,2.1838202266e+10
655.096449,1.7491504107e+10
655.751873,2.8939771201e+10
656.407953,1.6281565876e+10
657.064689,1.9496480337e+10
657.722082,2.7556575536e+10
658.380133,1.8233419066e+10
659.038843,1.7468006997e+10
659.698211,1.8879147434e+10
660.358239,2.2061880784e+10
661.018928,1.7198661702e+10
661.680277,1.7496342939e+10
662.342289,1.7499309911e+10
663.004962,1.8382927000e+10
663.668299,1.8945459461e+10
664.332299,1.7088041057e+10
664.996964,1.7352576731e+10
665.662293,1.7229971899e+10
666.328288,1.7754862334e+10
666.994950,1.7991169761e+10
667.662279,1.7158138073e+10
668.330275,1.7154733732e+10
668.998939,1.7262866277e+10
669.668273,1.7145448886e+10
670.338276,1.8161649912e+10
671.008950,1.7371701268e+10
671.680294,1.7134436703e+10
672.352310,1.7600904413e+10
673.024999,1.7191144429e+10
673.698361,1.7142372639e+10
674.372396,1.8047264284e+10
675.047106,1.6933366755e+10
675.722490,1.7032543834e+10
676.398551,1.7009594590e+10
677.075288,1.6793536260e+10
677.752702,1.6965249975e+10
678.430793,1.7076628981e+10
679.109564,1.7168136266e+10
679.789013,1.6528263472e+10
680.469142,1.6796467696e+10
681.149951,1.6676194248e+10
681.831442,1.6852512675e+10
682.513614,1.6644644547e+10
683.196469,3.8151103167e+10
683.880008,3.2440744800e+10
684.564230,2.0130146675e+10
685.249136,1.7501109734e+10
685.934728,1.6505680232e+10
686.621006,4.7064145664e+10
687.307970,1.4238673750e+10
687.995622,1.7237539373e+10
688.683962,1.5983196661e+10
689.372990,2.0966483060e+10
690.062708,2.0141118836e+10
690.753116,1.5529933739e+10
691.444214,2.3644415714e+10
692.136005,1.6007773382e+10
692.828487,3.2430398030e+10
693.521662,1.5986108218e+10
694.215530,2.4042500314e+10
694.910093,3.5950887233e+10
695.605351,1.7643758966e+10
696.301304,1.6880031286e+10
696.997954,2.2330841316e+10
697.695300,2.2257504477e+10
698.393344,2.1943430563e+10
699.092087,1.6880619679e+10
699.791529,1.7058967236e+10
700.491670,1.9523100443e+10
701.192512,2.1341906054e+10
701.894056,1.5900634262e+10
702.596301,1.5915618646e+10
703.299248,1.6491653435e+10
704.002899,1.7998384444e+10
704.707254,2.0431875782e+10
705.412314,1.8391626442e+10
706.118079,1.7304887758e+10
706.824551,1.7936444494e+10
707.531729,1.7719502578e+10
708.239614,1.8675067215e+10
708.948208,1.8538662877e+10
709.657511,1.6649930326e+10
710.367523,1.6523532841e+10
711.078246,1.6391331677e+10
711.789680,1.6223089396e+10
712.501826,1.6010125957e+10
713.214684,1.8578091354e+10
713.928255,1.6033018381e+10
714.642541,1.9045329358e+10
715.357541,1.6661600732e+10
716.073256,1.7011244131e+10
716.789687,1.7053643732e+10
717.506836,1.7337649842e+10
718.224701,1.6698963664e+10
718.943285,1.4681206410e+10
719.662588,1.4651642879e+10
720.382611,1.5639212900e+10
721.103354,1.5299289399e+10
721.824818,1.5769113344e+10
722.547004,1.6463650622e+10
723.269912,1.7794942582e+10
723.993544,6.1437797459e+10
724.717899,5.8996410210e+10
725.442980,2.7332613940e+10
726.168785,1.6394738607e+10
726.895317,1.8843150428e+10
727.622576,7.9616464598e+10
728.350563,4.1530776894e+10
729.079278,1.8950662201e+10
729.808722,2.2754362119e+10
730.538895,2.9902541487e+10
731.269800,1.8463729392e+10
732.001435,6.4555880656e+10
732.733803,1.5695244802e+10
733.466903,3.6735828955e+10
734.200737,7.5008758618e+10
734.935305,1.8340097999e+10
735.670608,1.7944251266e+10
736.406646,3.5575762896e+10
737.143421,6.6655976431e+10
737.880933,1.7867807550e+10
738.619183,1.6463036769e+10
739.358172,3.0086188246e+10
740.097900,4.3730998418e+10
740.838368,1.5911341842e+10
741.579577,1.7750672899e+10
742.321527,1.6893091266e+10
743.064220,3.4110673928e+10
743.807656,3.1299477671e+10
744.551836,1.6136926247e+10
745.296760,1.6201742932e+10
746.042430,1.7175337157e+10
746.788845,2.4215632103e+10
747.536007,3.3021590354e+10
748.283917,3.8533153957e+10
749.032576,1.6929843735e+10
749.781983,1.9913196494e+10
750.532140,1.6713757593e+10
751.283047,1.5763622327e+10
752.034706,1.9331799547e+10
752.787117,5.5606687307e+10
753.540281,2.9797897221e+10
754.294198,1.9301826791e+10
755.048869,1.6547440035e+10
755.804296,2.4420212389e+10
756.560478,1.6873980573e+10
757.317417,4.5456176257e+10
758.075113,1.6204880197e+10
758.833567,2.4735387205e+10
759.592781,1.0162868014e+10
760.352753,1.3982793226e+10
761.113486,5.4744318571e+09
761.874981,1.8716175930e+10
762.637237,1.1431166463e+10
763.400255,1.8959727596e+10
764.164037,1.0922886896e+10
764.928584,1.0410022463e+10
765.693895,1.7543819693e+10
766.459972,2.0767343474e+10
767.226815,1.5514388519e+10
767.994425,1.6202624553e+10
768.762804,2.0589989191e+10
769.531951,2.1871189237e+10
770.301868,2.2666331545e+10
771.072555,3.6873247015e+10
771.844014,1.1705205678e+11
772.616244,3.7143962723e+10
773.389246,2.1325709721e+10
774.163022,2.1148206897e+10
774.937573,1.0057119549e+11
775.712898,2.3883049713e+10
776.488999,5.1061872097e+10
777.265876,3.2299473292e+10
778.043531,3.7801764741e+10
778.821963,2.0467388617e+10
779.601175,8.5778081747e+10
780.381166,1.8380558842e+10
781.161937,4.5010046417e+10
781.943490,2.1784961713e+10
782.725825,1.0126489103e+11
783.508942,1.8451944714e+10
784.292843,4.1580204403e+10
785.077528,3.1362353279e+10
785.862998,1.0630976578e+11
786.649254,5.6978496804e+10
787.436297,5.0141747676e+10
788.224127,5.0603743228e+10
789.012745,4.0066471571e+10
789.802153,2.1894419213e+10
790.592350,1.9974758212e+10
791.383338,1.2470001416e+11
792.175117,6.3916835818e+10
792.967688,4.5853607082e+10
793.761053,2.3951694077e+10
794.555211,2.1988132999e+10
795.350163,4.1252317571e+10
796.145911,1.7728609402e+10
796.942455,1.0251898467e+11
797.739796,2.8655202790e+10
798.537935,4.4855099475e+10
799.336873,1.0313313268e+11
800.136609,2.0636010630e+10
800.937146,1.9134459165e+10
801.738484,4.0851940982e+10
802.540623,8.5092937628e+10
803.343565,2.6376392715e+10
804.147311,1.9144005785e+10
804.951860,1.9868200100e+10
805.757215,3.2316742823e+10
806.563375,4.6638387476e+10
807.370342,1.9153836708e+10
808.178116,1.9889544329e+10
808.986698,2.0935074020e+10
809.796090,2.4802289961e+10
810.606291,3.2064134917e+10
811.417302,1.8802158425e+10
812.229126,1.8813513629e+10
813.041761,1.9599516711e+10
813.855209,2.3061401486e+10
814.669472,2.4041792037e+10
815.484549,1.8011087484e+10
816.300441,1.6873390419e+10
817.117150,1.7717683045e+10
817.934676,1.7456804178e+10
818.753019,1.9328158982e+10
819.572182,2.0308137967e+10
820.392164,1.8129803708e+10
821.212966,2.0004437313e+10
822.034590,1.8736336425e+10
822.857036,1.6973107167e+10
823.680305,1.7877841046e+10
824.504397,2.0076654996e+10
825.329314,2.0940761064e+10
826.155056,1.9483650904e+10
826.981624,1.9465794308e+10
827.809019,3.9131900213e+10
828.637242,7.8234114025e+10
829.466294,9.8479969094e+10
830.296175,8.8882658754e+10
831.126887,4.3514645146e+10
831.958429,2.2283914865e+10
832.790804,1.9159735330e+10
833.624011,2.0649350874e+10
834.458052,2.0863542180e+11
835.292927,8.2289729672e+10
836.128638,2.6643348812e+10
836.965185,4.1153714019e+10
837.802569,2.1896340138e+10
838.640790,6.4885083358e+10
839.479851,2.2848567500e+10
840.319750,1.5973858818e+11
841.160490,2.0519252668e+10
842.002072,7.0661027531e+10
842.844495,1.5887839214e+11
843.687761,2.4032874416e+10
844.531871,2.2123061452e+10
845.376825,6.6497053905e+10
846.222625,2.2427552641e+10
847.069270,1.3509816875e+11
847.916763,2.3972173770e+10
848.765104,2.0995489159e+10
849.614294,5.5123990160e+10
850.464333,8.0611583918e+10
851.315223,2.1164826147e+10
852.166964,2.2909515101e+10
853.019557,2.0949389682e+10
853.873003,6.8383387343e+10
854.727303,4.2555183701e+10
855.582458,2.1560243756e+10
856.438469,2.1726857500e+10
857.295335,2.5209625139e+10
858.153060,2.3252560252e+10
859.011642,2.7474575682e+10
859.871083,3.0356497249e+10
860.731384,2.3335239602e+10
861.592546,3.1010682761e+10
862.454570,6.2909858080e+10
863.317456,7.0157067401e+10
864.181205,5.5172504919e+10
865.045818,6.3101725822e+10
865.911297,9.3568605729e+10
866.777641,7.0682192470e+10
867.644852,5.9745830894e+10
868.512931,4.1700324788e+10
869.381879,3.2252116154e+10
870.251695,2.9393530667e+10
871.122382,2.8722198249e+10
871.993940,2.3138369568e+10
872.866370,2.4058481743e+10
873.739673,2.3905783602e+10
874.613850,2.4445428667e+10
875.488901,2.3595932228e+10
876.364828,1.5354532012e+11
877.241631,1.5920399941e+11
878.119312,1.7518344249e+11
878.997870,6.9527841145e+10
879.877308,2.2735777910e+10
880.757625,2.5587037599e+10
881.638823,2.6934582776e+10
882.520903,3.1460656655e+11
883.403865,4.9358641499e+10
884.287711,1.2968107416e+11
885.172441,6.0085044524e+10
886.058056,2.5941850854e+10
886.944557,1.0179547912e+11
887.831946,2.2798348877e+10
888.720222,2.3527592800e+11
889.609386,2.8365437922e+10
890.499441,1.1150200035e+11
891.390386,2.8027463699e+10
892.282222,2.5373243612e+11
893.174950,2.9277287702e+10
894.068572,2.6143096890e+10
894.963088,9.7684735326e+10
895.858498,2.1089293364e+11
896.754805,2.2757621390e+10
897.652008,2.7568985944e+10
898.550109,3.0002208910e+10
899.449109,7.4772649467e+10
