id,x_m,y_m,shape,size_m
1,-0.25429999828338623,-0.5746999979019165,Square,0.0244
2,-0.25429999828338623,-0.5489000082015991,Square,0.0244
3,-0.25429999828338623,-0.5231000185012817,Square,0.0244
4,-0.25429999828338623,-0.49729999899864197,Square,0.0244
5,-0.22849999368190765,-0.5746999979019165,Square,0.0244
6,-0.22849999368190765,-0.5489000082015991,Square,0.0244
7,-0.22849999368190765,-0.5231000185012817,Square,0.0244
8,-0.22849999368190765,-0.49729999899864197,Square,0.0244
9,-0.20270000398159027,-0.5746999979019165,Square,0.0244
10,-0.20270000398159027,-0.5489000082015991,Square,0.0244
11,-0.20270000398159027,-0.5231000185012817,Square,0.0244
12,-0.20270000398159027,-0.49729999899864197,Square,0.0244
13,-0.1768999993801117,-0.5746999979019165,Square,0.0244
14,-0.1768999993801117,-0.5489000082015991,Square,0.0244
15,-0.1768999993801117,-0.5231000185012817,Square,0.0244
16,-0.1768999993801117,-0.49729999899864197,Square,0.0244
17,-0.14350000023841858,-0.5746999979019165,Square,0.0244
18,-0.14350000023841858,-0.5489000082015991,Square,0.0244
19,-0.14350000023841858,-0.5231000185012817,Square,0.0244
20,-0.14350000023841858,-0.49729999899864197,Square,0.0244
21,-0.1177000030875206,-0.5746999979019165,Square,0.0244
22,-0.1177000030875206,-0.5489000082015991,Square,0.0244
23,-0.1177000030875206,-0.5231000185012817,Square,0.0244
24,-0.1177000030875206,-0.49729999899864197,Square,0.0244
25,-0.09189999848604202,-0.5746999979019165,Square,0.0244
26,-0.09189999848604202,-0.5489000082015991,Square,0.0244
27,-0.09189999848604202,-0.5231000185012817,Square,0.0244
28,-0.09189999848604202,-0.49729999899864197,Square,0.0244
29,-0.06610000133514404,-0.5746999979019165,Square,0.0244
30,-0.06610000133514404,-0.5489000082015991,Square,0.0244
31,-0.06610000133514404,-0.5231000185012817,Square,0.0244
32,-0.06610000133514404,-0.49729999899864197,Square,0.0244
33,-0.03869999945163727,-0.5746999979019165,Square,0.0244
34,-0.03869999945163727,-0.5489000082015991,Square,0.0244
35,-0.03869999945163727,-0.5231000185012817,Square,0.0244
36,-0.03869999945163727,-0.49729999899864197,Square,0.0244
37,-0.012900000438094139,-0.5746999979019165,Square,0.0244
38,-0.012900000438094139,-0.5489000082015991,Square,0.0244
39,-0.012900000438094139,-0.5231000185012817,Square,0.0244
40,-0.012900000438094139,-0.49729999899864197,Square,0.0244
41,0.012900000438094139,-0.5746999979019165,Square,0.0244
42,0.012900000438094139,-0.5489000082015991,Square,0.0244
43,0.012900000438094139,-0.5231000185012817,Square,0.0244
44,0.012900000438094139,-0.49729999899864197,Square,0.0244
45,0.03869999945163727,-0.5746999979019165,Square,0.0244
46,0.03869999945163727,-0.5489000082015991,Square,0.0244
47,0.03869999945163727,-0.5231000185012817,Square,0.0244
48,0.03869999945163727,-0.49729999899864197,Square,0.0244
49,0.06610000133514404,-0.5746999979019165,Square,0.0244
50,0.06610000133514404,-0.5489000082015991,Square,0.0244
51,0.06610000133514404,-0.5231000185012817,Square,0.0244
52,0.06610000133514404,-0.49729999899864197,Square,0.0244
53,0.09189999848604202,-0.5746999979019165,Square,0.0244
54,0.09189999848604202,-0.5489000082015991,Square,0.0244
55,0.09189999848604202,-0.5231000185012817,Square,0.0244
56,0.09189999848604202,-0.49729999899864197,Square,0.0244
57,0.1177000030875206,-0.5746999979019165,Square,0.0244
58,0.1177000030875206,-0.5489000082015991,Square,0.0244
59,0.1177000030875206,-0.5231000185012817,Square,0.0244
60,0.1177000030875206,-0.49729999899864197,Square,0.0244
61,0.14350000023841858,-0.5746999979019165,Square,0.0244
62,0.14350000023841858,-0.5489000082015991,Square,0.0244
63,0.14350000023841858,-0.5231000185012817,Square,0.0244
64,0.14350000023841858,-0.49729999899864197,Square,0.0244
65,0.1768999993801117,-0.5746999979019165,Square,0.0244
66,0.1768999993801117,-0.5489000082015991,Square,0.0244
67,0.1768999993801117,-0.5231000185012817,Square,0.0244
68,0.1768999993801117,-0.49729999899864197,Square,0.0244
69,0.20270000398159027,-0.5746999979019165,Square,0.0244
70,0.20270000398159027,-0.5489000082015991,Square,0.0244
71,0.20270000398159027,-0.5231000185012817,Square,0.0244
72,0.20270000398159027,-0.49729999899864197,Square,0.0244
73,0.22849999368190765,-0.5746999979019165,Square,0.0244
74,0.22849999368190765,-0.5489000082015991,Square,0.0244
75,0.22849999368190765,-0.5231000185012817,Square,0.0244
76,0.22849999368190765,-0.49729999899864197,Square,0.0244
77,0.25429999828338623,-0.5746999979019165,Square,0.0244
78,0.25429999828338623,-0.5489000082015991,Square,0.0244
79,0.25429999828338623,-0.5231000185012817,Square,0.0244
80,0.25429999828338623,-0.49729999899864197,Square,0.0244
81,-0.46389999985694885,-0.46389999985694885,Square,0.0244
82,-0.46389999985694885,-0.43810001015663147,Square,0.0244
83,-0.46389999985694885,-0.4122999906539917,Square,0.0244
84,-0.46389999985694885,-0.3865000009536743,Square,0.0244
85,-0.43810001015663147,-0.46389999985694885,Square,0.0244
86,-0.43810001015663147,-0.43810001015663147,Square,0.0244
87,-0.43810001015663147,-0.4122999906539917,Square,0.0244
88,-0.43810001015663147,-0.3865000009536743,Square,0.0244
89,-0.4122999906539917,-0.46389999985694885,Square,0.0244
90,-0.4122999906539917,-0.43810001015663147,Square,0.0244
91,-0.4122999906539917,-0.4122999906539917,Square,0.0244
92,-0.4122999906539917,-0.3865000009536743,Square,0.0244
93,-0.3865000009536743,-0.46389999985694885,Square,0.0244
94,-0.3865000009536743,-0.43810001015663147,Square,0.0244
95,-0.3865000009536743,-0.4122999906539917,Square,0.0244
96,-0.3865000009536743,-0.3865000009536743,Square,0.0244
97,-0.35910001397132874,-0.46389999985694885,Square,0.0244
98,-0.35910001397132874,-0.43810001015663147,Square,0.0244
99,-0.35910001397132874,-0.4122999906539917,Square,0.0244
100,-0.35910001397132874,-0.3865000009536743,Square,0.0244
101,-0.33329999446868896,-0.46389999985694885,Square,0.0244
102,-0.33329999446868896,-0.43810001015663147,Square,0.0244
103,-0.33329999446868896,-0.4122999906539917,Square,0.0244
104,-0.33329999446868896,-0.3865000009536743,Square,0.0244
105,-0.30750000476837164,-0.46389999985694885,Square,0.0244
106,-0.30750000476837164,-0.43810001015663147,Square,0.0244
107,-0.30750000476837164,-0.4122999906539917,Square,0.0244
108,-0.30750000476837164,-0.3865000009536743,Square,0.0244
109,-0.2816999852657318,-0.46389999985694885,Square,0.0244
110,-0.2816999852657318,-0.43810001015663147,Square,0.0244
111,-0.2816999852657318,-0.4122999906539917,Square,0.0244
112,-0.2816999852657318,-0.3865000009536743,Square,0.0244
113,-0.25429999828338623,-0.46389999985694885,Square,0.0244
114,-0.25429999828338623,-0.43810001015663147,Square,0.0244
115,-0.25429999828338623,-0.4122999906539917,Square,0.0244
116,-0.25429999828338623,-0.3865000009536743,Square,0.0244
117,-0.22849999368190765,-0.46389999985694885,Square,0.0244
118,-0.22849999368190765,-0.43810001015663147,Square,0.0244
119,-0.22849999368190765,-0.4122999906539917,Square,0.0244
120,-0.22849999368190765,-0.3865000009536743,Square,0.0244
121,-0.20270000398159027,-0.46389999985694885,Square,0.0244
122,-0.20270000398159027,-0.43810001015663147,Square,0.0244
123,-0.20270000398159027,-0.4122999906539917,Square,0.0244
124,-0.20270000398159027,-0.3865000009536743,Square,0.0244
125,-0.1768999993801117,-0.46389999985694885,Square,0.0244
126,-0.1768999993801117,-0.43810001015663147,Square,0.0244
127,-0.1768999993801117,-0.4122999906539917,Square,0.0244
128,-0.1768999993801117,-0.3865000009536743,Square,0.0244
129,-0.14350000023841858,-0.46389999985694885,Square,0.0244
130,-0.14350000023841858,-0.43810001015663147,Square,0.0244
131,-0.14350000023841858,-0.4122999906539917,Square,0.0244
132,-0.14350000023841858,-0.3865000009536743,Square,0.0244
133,-0.1177000030875206,-0.46389999985694885,Square,0.0244
134,-0.1177000030875206,-0.43810001015663147,Square,0.0244
135,-0.1177000030875206,-0.4122999906539917,Square,0.0244
136,-0.1177000030875206,-0.3865000009536743,Square,0.0244
137,-0.09189999848604202,-0.46389999985694885,Square,0.0244
138,-0.09189999848604202,-0.43810001015663147,Square,0.0244
139,-0.09189999848604202,-0.4122999906539917,Square,0.0244
140,-0.09189999848604202,-0.3865000009536743,Square,0.0244
141,-0.06610000133514404,-0.46389999985694885,Square,0.0244
142,-0.06610000133514404,-0.43810001015663147,Square,0.0244
143,-0.06610000133514404,-0.4122999906539917,Square,0.0244
144,-0.06610000133514404,-0.3865000009536743,Square,0.0244
145,-0.03869999945163727,-0.46389999985694885,Square,0.0244
146,-0.03869999945163727,-0.43810001015663147,Square,0.0244
147,-0.03869999945163727,-0.4122999906539917,Square,0.0244
148,-0.03869999945163727,-0.3865000009536743,Square,0.0244
149,-0.012900000438094139,-0.46389999985694885,Square,0.0244
150,-0.012900000438094139,-0.43810001015663147,Square,0.0244
151,-0.012900000438094139,-0.4122999906539917,Square,0.0244
152,-0.012900000438094139,-0.3865000009536743,Square,0.0244
153,0.012900000438094139,-0.46389999985694885,Square,0.0244
154,0.012900000438094139,-0.43810001015663147,Square,0.0244
155,0.012900000438094139,-0.4122999906539917,Square,0.0244
156,0.012900000438094139,-0.3865000009536743,Square,0.0244
157,0.03869999945163727,-0.46389999985694885,Square,0.0244
158,0.03869999945163727,-0.43810001015663147,Square,0.0244
159,0.03869999945163727,-0.4122999906539917,Square,0.0244
160,0.03869999945163727,-0.3865000009536743,Square,0.0244
161,0.06610000133514404,-0.46389999985694885,Square,0.0244
162,0.06610000133514404,-0.43810001015663147,Square,0.0244
163,0.06610000133514404,-0.4122999906539917,Square,0.0244
164,0.06610000133514404,-0.3865000009536743,Square,0.0244
165,0.09189999848604202,-0.46389999985694885,Square,0.0244
166,0.09189999848604202,-0.43810001015663147,Square,0.0244
167,0.09189999848604202,-0.4122999906539917,Square,0.0244
168,0.09189999848604202,-0.3865000009536743,Square,0.0244
169,0.1177000030875206,-0.46389999985694885,Square,0.0244
170,0.1177000030875206,-0.43810001015663147,Square,0.0244
171,0.1177000030875206,-0.4122999906539917,Square,0.0244
172,0.1177000030875206,-0.3865000009536743,Square,0.0244
173,0.14350000023841858,-0.46389999985694885,Square,0.0244
174,0.14350000023841858,-0.43810001015663147,Square,0.0244
175,0.14350000023841858,-0.4122999906539917,Square,0.0244
176,0.14350000023841858,-0.3865000009536743,Square,0.0244
177,0.1768999993801117,-0.46389999985694885,Square,0.0244
178,0.1768999993801117,-0.43810001015663147,Square,0.0244
179,0.1768999993801117,-0.4122999906539917,Square,0.0244
180,0.1768999993801117,-0.3865000009536743,Square,0.0244
181,0.20270000398159027,-0.46389999985694885,Square,0.0244
182,0.20270000398159027,-0.43810001015663147,Square,0.0244
183,0.20270000398159027,-0.4122999906539917,Square,0.0244
184,0.20270000398159027,-0.3865000009536743,Square,0.0244
185,0.22849999368190765,-0.46389999985694885,Square,0.0244
186,0.22849999368190765,-0.43810001015663147,Square,0.0244
187,0.22849999368190765,-0.4122999906539917,Square,0.0244
188,0.22849999368190765,-0.3865000009536743,Square,0.0244
189,0.25429999828338623,-0.46389999985694885,Square,0.0244
190,0.25429999828338623,-0.43810001015663147,Square,0.0244
191,0.25429999828338623,-0.4122999906539917,Square,0.0244
192,0.25429999828338623,-0.3865000009536743,Square,0.0244
193,0.2816999852657318,-0.46389999985694885,Square,0.0244
194,0.2816999852657318,-0.43810001015663147,Square,0.0244
195,0.2816999852657318,-0.4122999906539917,Square,0.0244
196,0.2816999852657318,-0.3865000009536743,Square,0.0244
197,0.30750000476837164,-0.46389999985694885,Square,0.0244
198,0.30750000476837164,-0.43810001015663147,Square,0.0244
199,0.30750000476837164,-0.4122999906539917,Square,0.0244
200,0.30750000476837164,-0.3865000009536743,Square,0.0244
201,0.33329999446868896,-0.46389999985694885,Square,0.0244
202,0.33329999446868896,-0.43810001015663147,Square,0.0244
203,0.33329999446868896,-0.4122999906539917,Square,0.0244
204,0.33329999446868896,-0.3865000009536743,Square,0.0244
205,0.35910001397132874,-0.46389999985694885,Square,0.0244
206,0.35910001397132874,-0.43810001015663147,Square,0.0244
207,0.35910001397132874,-0.4122999906539917,Square,0.0244
208,0.35910001397132874,-0.3865000009536743,Square,0.0244
209,0.3865000009536743,-0.46389999985694885,Square,0.0244
210,0.3865000009536743,-0.43810001015663147,Square,0.0244
211,0.3865000009536743,-0.4122999906539917,Square,0.0244
212,0.3865000009536743,-0.3865000009536743,Square,0.0244
213,0.4122999906539917,-0.46389999985694885,Square,0.0244
214,0.4122999906539917,-0.43810001015663147,Square,0.0244
215,0.4122999906539917,-0.4122999906539917,Square,0.0244
216,0.4122999906539917,-0.3865000009536743,Square,0.0244
217,0.43810001015663147,-0.46389999985694885,Square,0.0244
218,0.43810001015663147,-0.43810001015663147,Square,0.0244
219,0.43810001015663147,-0.4122999906539917,Square,0.0244
220,0.43810001015663147,-0.3865000009536743,Square,0.0244
221,0.46389999985694885,-0.46389999985694885,Square,0.0244
222,0.46389999985694885,-0.43810001015663147,Square,0.0244
223,0.46389999985694885,-0.4122999906539917,Square,0.0244
224,0.46389999985694885,-0.3865000009536743,Square,0.0244
225,-0.46389999985694885,-0.35910001397132874,Square,0.0244
226,-0.46389999985694885,-0.33329999446868896,Square,0.0244
227,-0.46389999985694885,-0.30750000476837164,Square,0.0244
228,-0.46389999985694885,-0.2816999852657318,Square,0.0244
229,-0.43810001015663147,-0.35910001397132874,Square,0.0244
230,-0.43810001015663147,-0.33329999446868896,Square,0.0244
231,-0.43810001015663147,-0.30750000476837164,Square,0.0244
232,-0.43810001015663147,-0.2816999852657318,Square,0.0244
233,-0.4122999906539917,-0.35910001397132874,Square,0.0244
234,-0.4122999906539917,-0.33329999446868896,Square,0.0244
235,-0.4122999906539917,-0.30750000476837164,Square,0.0244
236,-0.4122999906539917,-0.2816999852657318,Square,0.0244
237,-0.3865000009536743,-0.35910001397132874,Square,0.0244
238,-0.3865000009536743,-0.33329999446868896,Square,0.0244
239,-0.3865000009536743,-0.30750000476837164,Square,0.0244
240,-0.3865000009536743,-0.2816999852657318,Square,0.0244
241,-0.35910001397132874,-0.35910001397132874,Square,0.0244
242,-0.35910001397132874,-0.33329999446868896,Square,0.0244
243,-0.35910001397132874,-0.30750000476837164,Square,0.0244
244,-0.35910001397132874,-0.2816999852657318,Square,0.0244
245,-0.33329999446868896,-0.35910001397132874,Square,0.0244
246,-0.33329999446868896,-0.33329999446868896,Square,0.0244
247,-0.33329999446868896,-0.30750000476837164,Square,0.0244
248,-0.33329999446868896,-0.2816999852657318,Square,0.0244
249,-0.30750000476837164,-0.35910001397132874,Square,0.0244
250,-0.30750000476837164,-0.33329999446868896,Square,0.0244
251,-0.30750000476837164,-0.30750000476837164,Square,0.0244
252,-0.30750000476837164,-0.2816999852657318,Square,0.0244
253,-0.2816999852657318,-0.35910001397132874,Square,0.0244
254,-0.2816999852657318,-0.33329999446868896,Square,0.0244
255,-0.2816999852657318,-0.30750000476837164,Square,0.0244
256,-0.2816999852657318,-0.2816999852657318,Square,0.0244
257,-0.25429999828338623,-0.35910001397132874,Square,0.0244
258,-0.25429999828338623,-0.33329999446868896,Square,0.0244
259,-0.25429999828338623,-0.30750000476837164,Square,0.0244
260,-0.25429999828338623,-0.2816999852657318,Square,0.0244
261,-0.22849999368190765,-0.35910001397132874,Square,0.0244
262,-0.22849999368190765,-0.33329999446868896,Square,0.0244
263,-0.22849999368190765,-0.30750000476837164,Square,0.0244
264,-0.22849999368190765,-0.2816999852657318,Square,0.0244
265,-0.20270000398159027,-0.35910001397132874,Square,0.0244
266,-0.20270000398159027,-0.33329999446868896,Square,0.0244
267,-0.20270000398159027,-0.30750000476837164,Square,0.0244
268,-0.20270000398159027,-0.2816999852657318,Square,0.0244
269,-0.1768999993801117,-0.35910001397132874,Square,0.0244
270,-0.1768999993801117,-0.33329999446868896,Square,0.0244
271,-0.1768999993801117,-0.30750000476837164,Square,0.0244
272,-0.1768999993801117,-0.2816999852657318,Square,0.0244
273,-0.14350000023841858,-0.35910001397132874,Square,0.0244
274,-0.14350000023841858,-0.33329999446868896,Square,0.0244
275,-0.14350000023841858,-0.30750000476837164,Square,0.0244
276,-0.14350000023841858,-0.2816999852657318,Square,0.0244
277,-0.1177000030875206,-0.35910001397132874,Square,0.0244
278,-0.1177000030875206,-0.33329999446868896,Square,0.0244
279,-0.1177000030875206,-0.30750000476837164,Square,0.0244
280,-0.1177000030875206,-0.2816999852657318,Square,0.0244
281,-0.09189999848604202,-0.35910001397132874,Square,0.0244
282,-0.09189999848604202,-0.33329999446868896,Square,0.0244
283,-0.09189999848604202,-0.30750000476837164,Square,0.0244
284,-0.09189999848604202,-0.2816999852657318,Square,0.0244
285,-0.06610000133514404,-0.35910001397132874,Square,0.0244
286,-0.06610000133514404,-0.33329999446868896,Square,0.0244
287,-0.06610000133514404,-0.30750000476837164,Square,0.0244
288,-0.06610000133514404,-0.2816999852657318,Square,0.0244
289,-0.03869999945163727,-0.35910001397132874,Square,0.0244
290,-0.03869999945163727,-0.33329999446868896,Square,0.0244
291,-0.03869999945163727,-0.30750000476837164,Square,0.0244
292,-0.03869999945163727,-0.2816999852657318,Square,0.0244
293,-0.012900000438094139,-0.35910001397132874,Square,0.0244
294,-0.012900000438094139,-0.33329999446868896,Square,0.0244
295,-0.012900000438094139,-0.30750000476837164,Square,0.0244
296,-0.012900000438094139,-0.2816999852657318,Square,0.0244
297,0.012900000438094139,-0.35910001397132874,Square,0.0244
298,0.012900000438094139,-0.33329999446868896,Square,0.0244
299,0.012900000438094139,-0.30750000476837164,Square,0.0244
300,0.012900000438094139,-0.2816999852657318,Square,0.0244
301,0.03869999945163727,-0.35910001397132874,Square,0.0244
302,0.03869999945163727,-0.33329999446868896,Square,0.0244
303,0.03869999945163727,-0.30750000476837164,Square,0.0244
304,0.03869999945163727,-0.2816999852657318,Square,0.0244
305,0.06610000133514404,-0.35910001397132874,Square,0.0244
306,0.06610000133514404,-0.33329999446868896,Square,0.0244
307,0.06610000133514404,-0.30750000476837164,Square,0.0244
308,0.06610000133514404,-0.2816999852657318,Square,0.0244
309,0.09189999848604202,-0.35910001397132874,Square,0.0244
310,0.09189999848604202,-0.33329999446868896,Square,0.0244
311,0.09189999848604202,-0.30750000476837164,Square,0.0244
312,0.09189999848604202,-0.2816999852657318,Square,0.0244
313,0.1177000030875206,-0.35910001397132874,Square,0.0244
314,0.1177000030875206,-0.33329999446868896,Square,0.0244
315,0.1177000030875206,-0.30750000476837164,Square,0.0244
316,0.1177000030875206,-0.2816999852657318,Square,0.0244
317,0.14350000023841858,-0.35910001397132874,Square,0.0244
318,0.14350000023841858,-0.33329999446868896,Square,0.0244
319,0.14350000023841858,-0.30750000476837164,Square,0.0244
320,0.14350000023841858,-0.2816999852657318,Square,0.0244
321,0.1768999993801117,-0.35910001397132874,Square,0.0244
322,0.1768999993801117,-0.33329999446868896,Square,0.0244
323,0.1768999993801117,-0.30750000476837164,Square,0.0244
324,0.1768999993801117,-0.2816999852657318,Square,0.0244
325,0.20270000398159027,-0.35910001397132874,Square,0.0244
326,0.20270000398159027,-0.33329999446868896,Square,0.0244
327,0.20270000398159027,-0.30750000476837164,Square,0.0244
328,0.20270000398159027,-0.2816999852657318,Square,0.0244
329,0.22849999368190765,-0.35910001397132874,Square,0.0244
330,0.22849999368190765,-0.33329999446868896,Square,0.0244
331,0.22849999368190765,-0.30750000476837164,Square,0.0244
332,0.22849999368190765,-0.2816999852657318,Square,0.0244
333,0.25429999828338623,-0.35910001397132874,Square,0.0244
334,0.25429999828338623,-0.33329999446868896,Square,0.0244
335,0.25429999828338623,-0.30750000476837164,Square,0.0244
336,0.25429999828338623,-0.2816999852657318,Square,0.0244
337,0.2816999852657318,-0.35910001397132874,Square,0.0244
338,0.2816999852657318,-0.33329999446868896,Square,0.0244
339,0.2816999852657318,-0.30750000476837164,Square,0.0244
340,0.2816999852657318,-0.2816999852657318,Square,0.0244
341,0.30750000476837164,-0.35910001397132874,Square,0.0244
342,0.30750000476837164,-0.33329999446868896,Square,0.0244
343,0.30750000476837164,-0.30750000476837164,Square,0.0244
344,0.30750000476837164,-0.2816999852657318,Square,0.0244
345,0.33329999446868896,-0.35910001397132874,Square,0.0244
346,0.33329999446868896,-0.33329999446868896,Square,0.0244
347,0.33329999446868896,-0.30750000476837164,Square,0.0244
348,0.33329999446868896,-0.2816999852657318,Square,0.0244
349,0.35910001397132874,-0.35910001397132874,Square,0.0244
350,0.35910001397132874,-0.33329999446868896,Square,0.0244
351,0.35910001397132874,-0.30750000476837164,Square,0.0244
352,0.35910001397132874,-0.2816999852657318,Square,0.0244
353,0.3865000009536743,-0.35910001397132874,Square,0.0244
354,0.3865000009536743,-0.33329999446868896,Square,0.0244
355,0.3865000009536743,-0.30750000476837164,Square,0.0244
356,0.3865000009536743,-0.2816999852657318,Square,0.0244
357,0.4122999906539917,-0.35910001397132874,Square,0.0244
358,0.4122999906539917,-0.33329999446868896,Square,0.0244
359,0.4122999906539917,-0.30750000476837164,Square,0.0244
360,0.4122999906539917,-0.2816999852657318,Square,0.0244
361,0.43810001015663147,-0.35910001397132874,Square,0.0244
362,0.43810001015663147,-0.33329999446868896,Square,0.0244
363,0.43810001015663147,-0.30750000476837164,Square,0.0244
364,0.43810001015663147,-0.2816999852657318,Square,0.0244
365,0.46389999985694885,-0.35910001397132874,Square,0.0244
366,0.46389999985694885,-0.33329999446868896,Square,0.0244
367,0.46389999985694885,-0.30750000476837164,Square,0.0244
368,0.46389999985694885,-0.2816999852657318,Square,0.0244
369,-0.5746999979019165,-0.25429999828338623,Square,0.0244
370,-0.5746999979019165,-0.22849999368190765,Square,0.0244
371,-0.5746999979019165,-0.20270000398159027,Square,0.0244
372,-0.5746999979019165,-0.1768999993801117,Square,0.0244
373,-0.5489000082015991,-0.25429999828338623,Square,0.0244
374,-0.5489000082015991,-0.22849999368190765,Square,0.0244
375,-0.5489000082015991,-0.20270000398159027,Square,0.0244
376,-0.5489000082015991,-0.1768999993801117,Square,0.0244
377,-0.5231000185012817,-0.25429999828338623,Square,0.0244
378,-0.5231000185012817,-0.22849999368190765,Square,0.0244
379,-0.5231000185012817,-0.20270000398159027,Square,0.0244
380,-0.5231000185012817,-0.1768999993801117,Square,0.0244
381,-0.49729999899864197,-0.25429999828338623,Square,0.0244
382,-0.49729999899864197,-0.22849999368190765,Square,0.0244
383,-0.49729999899864197,-0.20270000398159027,Square,0.0244
384,-0.49729999899864197,-0.1768999993801117,Square,0.0244
385,-0.46389999985694885,-0.25429999828338623,Square,0.0244
386,-0.46389999985694885,-0.22849999368190765,Square,0.0244
387,-0.46389999985694885,-0.20270000398159027,Square,0.0244
388,-0.46389999985694885,-0.1768999993801117,Square,0.0244
389,-0.43810001015663147,-0.25429999828338623,Square,0.0244
390,-0.43810001015663147,-0.22849999368190765,Square,0.0244
391,-0.43810001015663147,-0.20270000398159027,Square,0.0244
392,-0.43810001015663147,-0.1768999993801117,Square,0.0244
393,-0.4122999906539917,-0.25429999828338623,Square,0.0244
394,-0.4122999906539917,-0.22849999368190765,Square,0.0244
395,-0.4122999906539917,-0.20270000398159027,Square,0.0244
396,-0.4122999906539917,-0.1768999993801117,Square,0.0244
397,-0.3865000009536743,-0.25429999828338623,Square,0.0244
398,-0.3865000009536743,-0.22849999368190765,Square,0.0244
399,-0.3865000009536743,-0.20270000398159027,Square,0.0244
400,-0.3865000009536743,-0.1768999993801117,Square,0.0244
401,-0.35910001397132874,-0.25429999828338623,Square,0.0244
402,-0.35910001397132874,-0.22849999368190765,Square,0.0244
403,-0.35910001397132874,-0.20270000398159027,Square,0.0244
404,-0.35910001397132874,-0.1768999993801117,Square,0.0244
405,-0.33329999446868896,-0.25429999828338623,Square,0.0244
406,-0.33329999446868896,-0.22849999368190765,Square,0.0244
407,-0.33329999446868896,-0.20270000398159027,Square,0.0244
408,-0.33329999446868896,-0.1768999993801117,Square,0.0244
409,-0.30750000476837164,-0.25429999828338623,Square,0.0244
410,-0.30750000476837164,-0.22849999368190765,Square,0.0244
411,-0.30750000476837164,-0.20270000398159027,Square,0.0244
412,-0.30750000476837164,-0.1768999993801117,Square,0.0244
413,-0.2816999852657318,-0.25429999828338623,Square,0.0244
414,-0.2816999852657318,-0.22849999368190765,Square,0.0244
415,-0.2816999852657318,-0.20270000398159027,Square,0.0244
416,-0.2816999852657318,-0.1768999993801117,Square,0.0244
417,-0.25429999828338623,-0.25429999828338623,Square,0.0244
418,-0.25429999828338623,-0.22849999368190765,Square,0.0244
419,-0.25429999828338623,-0.20270000398159027,Square,0.0244
420,-0.25429999828338623,-0.1768999993801117,Square,0.0244
421,-0.22849999368190765,-0.25429999828338623,Square,0.0244
422,-0.22849999368190765,-0.22849999368190765,Square,0.0244
423,-0.22849999368190765,-0.20270000398159027,Square,0.0244
424,-0.22849999368190765,-0.1768999993801117,Square,0.0244
425,-0.20270000398159027,-0.25429999828338623,Square,0.0244
426,-0.20270000398159027,-0.22849999368190765,Square,0.0244
427,-0.20270000398159027,-0.20270000398159027,Square,0.0244
428,-0.20270000398159027,-0.1768999993801117,Square,0.0244
429,-0.1768999993801117,-0.25429999828338623,Square,0.0244
430,-0.1768999993801117,-0.22849999368190765,Square,0.0244
431,-0.1768999993801117,-0.20270000398159027,Square,0.0244
432,-0.1768999993801117,-0.1768999993801117,Square,0.0244
433,-0.14350000023841858,-0.25429999828338623,Square,0.0244
434,-0.14350000023841858,-0.22849999368190765,Square,0.0244
435,-0.14350000023841858,-0.20270000398159027,Square,0.0244
436,-0.14350000023841858,-0.1768999993801117,Square,0.0244
437,-0.1177000030875206,-0.25429999828338623,Square,0.0244
438,-0.1177000030875206,-0.22849999368190765,Square,0.0244
439,-0.1177000030875206,-0.20270000398159027,Square,0.0244
440,-0.1177000030875206,-0.1768999993801117,Square,0.0244
441,-0.09189999848604202,-0.25429999828338623,Square,0.0244
442,-0.09189999848604202,-0.22849999368190765,Square,0.0244
443,-0.09189999848604202,-0.20270000398159027,Square,0.0244
444,-0.09189999848604202,-0.1768999993801117,Square,0.0244
445,-0.06610000133514404,-0.25429999828338623,Square,0.0244
446,-0.06610000133514404,-0.22849999368190765,Square,0.0244
447,-0.06610000133514404,-0.20270000398159027,Square,0.0244
448,-0.06610000133514404,-0.1768999993801117,Square,0.0244
449,-0.03869999945163727,-0.25429999828338623,Square,0.0244
450,-0.03869999945163727,-0.22849999368190765,Square,0.0244
451,-0.03869999945163727,-0.20270000398159027,Square,0.0244
452,-0.03869999945163727,-0.1768999993801117,Square,0.0244
453,-0.012900000438094139,-0.25429999828338623,Square,0.0244
454,-0.012900000438094139,-0.22849999368190765,Square,0.0244
455,-0.012900000438094139,-0.20270000398159027,Square,0.0244
456,-0.012900000438094139,-0.1768999993801117,Square,0.0244
457,0.012900000438094139,-0.25429999828338623,Square,0.0244
458,0.012900000438094139,-0.22849999368190765,Square,0.0244
459,0.012900000438094139,-0.20270000398159027,Square,0.0244
460,0.012900000438094139,-0.1768999993801117,Square,0.0244
461,0.03869999945163727,-0.25429999828338623,Square,0.0244
462,0.03869999945163727,-0.22849999368190765,Square,0.0244
463,0.03869999945163727,-0.20270000398159027,Square,0.0244
464,0.03869999945163727,-0.1768999993801117,Square,0.0244
465,0.06610000133514404,-0.25429999828338623,Square,0.0244
466,0.06610000133514404,-0.22849999368190765,Square,0.0244
467,0.06610000133514404,-0.20270000398159027,Square,0.0244
468,0.06610000133514404,-0.1768999993801117,Square,0.0244
469,0.09189999848604202,-0.25429999828338623,Square,0.0244
470,0.09189999848604202,-0.22849999368190765,Square,0.0244
471,0.09189999848604202,-0.20270000398159027,Square,0.0244
472,0.09189999848604202,-0.1768999993801117,Square,0.0244
473,0.1177000030875206,-0.25429999828338623,Square,0.0244
474,0.1177000030875206,-0.22849999368190765,Square,0.0244
475,0.1177000030875206,-0.20270000398159027,Square,0.0244
476,0.1177000030875206,-0.1768999993801117,Square,0.0244
477,0.14350000023841858,-0.25429999828338623,Square,0.0244
478,0.14350000023841858,-0.22849999368190765,Square,0.0244
479,0.14350000023841858,-0.20270000398159027,Square,0.0244
480,0.14350000023841858,-0.1768999993801117,Square,0.0244
481,0.1768999993801117,-0.25429999828338623,Square,0.0244
482,0.1768999993801117,-0.22849999368190765,Square,0.0244
483,0.1768999993801117,-0.20270000398159027,Square,0.0244
484,0.1768999993801117,-0.1768999993801117,Square,0.0244
485,0.20270000398159027,-0.25429999828338623,Square,0.0244
486,0.20270000398159027,-0.22849999368190765,Square,0.0244
487,0.20270000398159027,-0.20270000398159027,Square,0.0244
488,0.20270000398159027,-0.1768999993801117,Square,0.0244
489,0.22849999368190765,-0.25429999828338623,Square,0.0244
490,0.22849999368190765,-0.22849999368190765,Square,0.0244
491,0.22849999368190765,-0.20270000398159027,Square,0.0244
492,0.22849999368190765,-0.1768999993801117,Square,0.0244
493,0.25429999828338623,-0.25429999828338623,Square,0.0244
494,0.25429999828338623,-0.22849999368190765,Square,0.0244
495,0.25429999828338623,-0.20270000398159027,Square,0.0244
496,0.25429999828338623,-0.1768999993801117,Square,0.0244
497,0.2816999852657318,-0.25429999828338623,Square,0.0244
498,0.2816999852657318,-0.22849999368190765,Square,0.0244
499,0.2816999852657318,-0.20270000398159027,Square,0.0244
500,0.2816999852657318,-0.1768999993801117,Square,0.0244
501,0.30750000476837164,-0.25429999828338623,Square,0.0244
502,0.30750000476837164,-0.22849999368190765,Square,0.0244
503,0.30750000476837164,-0.20270000398159027,Square,0.0244
504,0.30750000476837164,-0.1768999993801117,Square,0.0244
505,0.33329999446868896,-0.25429999828338623,Square,0.0244
506,0.33329999446868896,-0.22849999368190765,Square,0.0244
507,0.33329999446868896,-0.20270000398159027,Square,0.0244
508,0.33329999446868896,-0.1768999993801117,Square,0.0244
509,0.35910001397132874,-0.25429999828338623,Square,0.0244
510,0.35910001397132874,-0.22849999368190765,Square,0.0244
511,0.35910001397132874,-0.20270000398159027,Square,0.0244
512,0.35910001397132874,-0.1768999993801117,Square,0.0244
513,0.3865000009536743,-0.25429999828338623,Square,0.0244
514,0.3865000009536743,-0.22849999368190765,Square,0.0244
515,0.3865000009536743,-0.20270000398159027,Square,0.0244
516,0.3865000009536743,-0.1768999993801117,Square,0.0244
517,0.4122999906539917,-0.25429999828338623,Square,0.0244
518,0.4122999906539917,-0.22849999368190765,Square,0.0244
519,0.4122999906539917,-0.20270000398159027,Square,0.0244
520,0.4122999906539917,-0.1768999993801117,Square,0.0244
521,0.43810001015663147,-0.25429999828338623,Square,0.0244
522,0.43810001015663147,-0.22849999368190765,Square,0.0244
523,0.43810001015663147,-0.20270000398159027,Square,0.0244
524,0.43810001015663147,-0.1768999993801117,Square,0.0244
525,0.46389999985694885,-0.25429999828338623,Square,0.0244
526,0.46389999985694885,-0.22849999368190765,Square,0.0244
527,0.46389999985694885,-0.20270000398159027,Square,0.0244
528,0.46389999985694885,-0.1768999993801117,Square,0.0244
529,0.49729999899864197,-0.25429999828338623,Square,0.0244
530,0.49729999899864197,-0.22849999368190765,Square,0.0244
531,0.49729999899864197,-0.20270000398159027,Square,0.0244
532,0.49729999899864197,-0.1768999993801117,Square,0.0244
533,0.5231000185012817,-0.25429999828338623,Square,0.0244
534,0.5231000185012817,-0.22849999368190765,Square,0.0244
535,0.5231000185012817,-0.20270000398159027,Square,0.0244
536,0.5231000185012817,-0.1768999993801117,Square,0.0244
537,0.5489000082015991,-0.25429999828338623,Square,0.0244
538,0.5489000082015991,-0.22849999368190765,Square,0.0244
539,0.5489000082015991,-0.20270000398159027,Square,0.0244
540,0.5489000082015991,-0.1768999993801117,Square,0.0244
541,0.5746999979019165,-0.25429999828338623,Square,0.0244
542,0.5746999979019165,-0.22849999368190765,Square,0.0244
543,0.5746999979019165,-0.20270000398159027,Square,0.0244
544,0.5746999979019165,-0.1768999993801117,Square,0.0244
545,-0.5746999979019165,-0.14350000023841858,Square,0.0244
546,-0.5746999979019165,-0.1177000030875206,Square,0.0244
547,-0.5746999979019165,-0.09189999848604202,Square,0.0244
548,-0.5746999979019165,-0.06610000133514404,Square,0.0244
549,-0.5489000082015991,-0.14350000023841858,Square,0.0244
550,-0.5489000082015991,-0.1177000030875206,Square,0.0244
551,-0.5489000082015991,-0.09189999848604202,Square,0.0244
552,-0.5489000082015991,-0.06610000133514404,Square,0.0244
553,-0.5231000185012817,-0.14350000023841858,Square,0.0244
554,-0.5231000185012817,-0.1177000030875206,Square,0.0244
555,-0.5231000185012817,-0.09189999848604202,Square,0.0244
556,-0.5231000185012817,-0.06610000133514404,Square,0.0244
557,-0.49729999899864197,-0.14350000023841858,Square,0.0244
558,-0.49729999899864197,-0.1177000030875206,Square,0.0244
559,-0.49729999899864197,-0.09189999848604202,Square,0.0244
560,-0.49729999899864197,-0.06610000133514404,Square,0.0244
561,-0.46389999985694885,-0.14350000023841858,Square,0.0244
562,-0.46389999985694885,-0.1177000030875206,Square,0.0244
563,-0.46389999985694885,-0.09189999848604202,Square,0.0244
564,-0.46389999985694885,-0.06610000133514404,Square,0.0244
565,-0.43810001015663147,-0.14350000023841858,Square,0.0244
566,-0.43810001015663147,-0.1177000030875206,Square,0.0244
567,-0.43810001015663147,-0.09189999848604202,Square,0.0244
568,-0.43810001015663147,-0.06610000133514404,Square,0.0244
569,-0.4122999906539917,-0.14350000023841858,Square,0.0244
570,-0.4122999906539917,-0.1177000030875206,Square,0.0244
571,-0.4122999906539917,-0.09189999848604202,Square,0.0244
572,-0.4122999906539917,-0.06610000133514404,Square,0.0244
573,-0.3865000009536743,-0.14350000023841858,Square,0.0244
574,-0.3865000009536743,-0.1177000030875206,Square,0.0244
575,-0.3865000009536743,-0.09189999848604202,Square,0.0244
576,-0.3865000009536743,-0.06610000133514404,Square,0.0244
577,-0.35910001397132874,-0.14350000023841858,Square,0.0244
578,-0.35910001397132874,-0.1177000030875206,Square,0.0244
579,-0.35910001397132874,-0.09189999848604202,Square,0.0244
580,-0.35910001397132874,-0.06610000133514404,Square,0.0244
581,-0.33329999446868896,-0.14350000023841858,Square,0.0244
582,-0.33329999446868896,-0.1177000030875206,Square,0.0244
583,-0.33329999446868896,-0.09189999848604202,Square,0.0244
584,-0.33329999446868896,-0.06610000133514404,Square,0.0244
585,-0.30750000476837164,-0.14350000023841858,Square,0.0244
586,-0.30750000476837164,-0.1177000030875206,Square,0.0244
587,-0.30750000476837164,-0.09189999848604202,Square,0.0244
588,-0.30750000476837164,-0.06610000133514404,Square,0.0244
589,-0.2816999852657318,-0.14350000023841858,Square,0.0244
590,-0.2816999852657318,-0.1177000030875206,Square,0.0244
591,-0.2816999852657318,-0.09189999848604202,Square,0.0244
592,-0.2816999852657318,-0.06610000133514404,Square,0.0244
593,-0.25429999828338623,-0.14350000023841858,Square,0.0244
594,-0.25429999828338623,-0.1177000030875206,Square,0.0244
595,-0.25429999828338623,-0.09189999848604202,Square,0.0244
596,-0.25429999828338623,-0.06610000133514404,Square,0.0244
597,-0.22849999368190765,-0.14350000023841858,Square,0.0244
598,-0.22849999368190765,-0.1177000030875206,Square,0.0244
599,-0.22849999368190765,-0.09189999848604202,Square,0.0244
600,-0.22849999368190765,-0.06610000133514404,Square,0.0244
601,-0.20270000398159027,-0.14350000023841858,Square,0.0244
602,-0.20270000398159027,-0.1177000030875206,Square,0.0244
603,-0.20270000398159027,-0.09189999848604202,Square,0.0244
604,-0.20270000398159027,-0.06610000133514404,Square,0.0244
605,-0.1768999993801117,-0.14350000023841858,Square,0.0244
606,-0.1768999993801117,-0.1177000030875206,Square,0.0244
607,-0.1768999993801117,-0.09189999848604202,Square,0.0244
608,-0.1768999993801117,-0.06610000133514404,Square,0.0244
609,-0.14350000023841858,-0.14350000023841858,Square,0.0244
610,-0.14350000023841858,-0.1177000030875206,Square,0.0244
611,-0.14350000023841858,-0.09189999848604202,Square,0.0244
612,-0.14350000023841858,-0.06610000133514404,Square,0.0244
613,-0.1177000030875206,-0.14350000023841858,Square,0.0244
614,-0.1177000030875206,-0.1177000030875206,Square,0.0244
615,-0.1177000030875206,-0.09189999848604202,Square,0.0244
616,-0.1177000030875206,-0.06610000133514404,Square,0.0244
617,-0.09189999848604202,-0.14350000023841858,Square,0.0244
618,-0.09189999848604202,-0.1177000030875206,Square,0.0244
619,-0.09189999848604202,-0.09189999848604202,Square,0.0244
620,-0.09189999848604202,-0.06610000133514404,Square,0.0244
621,-0.06610000133514404,-0.14350000023841858,Square,0.0244
622,-0.06610000133514404,-0.1177000030875206,Square,0.0244
623,-0.06610000133514404,-0.09189999848604202,Square,0.0244
624,-0.06610000133514404,-0.06610000133514404,Square,0.0244
625,-0.03869999945163727,-0.14350000023841858,Square,0.0244
626,-0.03869999945163727,-0.1177000030875206,Square,0.0244
627,-0.03869999945163727,-0.09189999848604202,Square,0.0244
628,-0.03869999945163727,-0.06610000133514404,Square,0.0244
629,-0.012900000438094139,-0.14350000023841858,Square,0.0244
630,-0.012900000438094139,-0.1177000030875206,Square,0.0244
631,-0.012900000438094139,-0.09189999848604202,Square,0.0244
632,-0.012900000438094139,-0.06610000133514404,Square,0.0244
633,0.012900000438094139,-0.14350000023841858,Square,0.0244
634,0.012900000438094139,-0.1177000030875206,Square,0.0244
635,0.012900000438094139,-0.09189999848604202,Square,0.0244
636,0.012900000438094139,-0.06610000133514404,Square,0.0244
637,0.03869999945163727,-0.14350000023841858,Square,0.0244
638,0.03869999945163727,-0.1177000030875206,Square,0.0244
639,0.03869999945163727,-0.09189999848604202,Square,0.0244
640,0.03869999945163727,-0.06610000133514404,Square,0.0244
641,0.06610000133514404,-0.14350000023841858,Square,0.0244
642,0.06610000133514404,-0.1177000030875206,Square,0.0244
643,0.06610000133514404,-0.09189999848604202,Square,0.0244
644,0.06610000133514404,-0.06610000133514404,Square,0.0244
645,0.09189999848604202,-0.14350000023841858,Square,0.0244
646,0.09189999848604202,-0.1177000030875206,Square,0.0244
647,0.09189999848604202,-0.09189999848604202,Square,0.0244
648,0.09189999848604202,-0.06610000133514404,Square,0.0244
649,0.1177000030875206,-0.14350000023841858,Square,0.0244
650,0.1177000030875206,-0.1177000030875206,Square,0.0244
651,0.1177000030875206,-0.09189999848604202,Square,0.0244
652,0.1177000030875206,-0.06610000133514404,Square,0.0244
653,0.14350000023841858,-0.14350000023841858,Square,0.0244
654,0.14350000023841858,-0.1177000030875206,Square,0.0244
655,0.14350000023841858,-0.09189999848604202,Square,0.0244
656,0.14350000023841858,-0.06610000133514404,Square,0.0244
657,0.1768999993801117,-0.14350000023841858,Square,0.0244
658,0.1768999993801117,-0.1177000030875206,Square,0.0244
659,0.1768999993801117,-0.09189999848604202,Square,0.0244
660,0.1768999993801117,-0.06610000133514404,Square,0.0244
661,0.20270000398159027,-0.14350000023841858,Square,0.0244
662,0.20270000398159027,-0.1177000030875206,Square,0.0244
663,0.20270000398159027,-0.09189999848604202,Square,0.0244
664,0.20270000398159027,-0.06610000133514404,Square,0.0244
665,0.22849999368190765,-0.14350000023841858,Square,0.0244
666,0.22849999368190765,-0.1177000030875206,Square,0.0244
667,0.22849999368190765,-0.09189999848604202,Square,0.0244
668,0.22849999368190765,-0.06610000133514404,Square,0.0244
669,0.25429999828338623,-0.14350000023841858,Square,0.0244
670,0.25429999828338623,-0.1177000030875206,Square,0.0244
671,0.25429999828338623,-0.09189999848604202,Square,0.0244
672,0.25429999828338623,-0.06610000133514404,Square,0.0244
673,0.2816999852657318,-0.14350000023841858,Square,0.0244
674,0.2816999852657318,-0.1177000030875206,Square,0.0244
675,0.2816999852657318,-0.09189999848604202,Square,0.0244
676,0.2816999852657318,-0.06610000133514404,Square,0.0244
677,0.30750000476837164,-0.14350000023841858,Square,0.0244
678,0.30750000476837164,-0.1177000030875206,Square,0.0244
679,0.30750000476837164,-0.09189999848604202,Square,0.0244
680,0.30750000476837164,-0.06610000133514404,Square,0.0244
681,0.33329999446868896,-0.14350000023841858,Square,0.0244
682,0.33329999446868896,-0.1177000030875206,Square,0.0244
683,0.33329999446868896,-0.09189999848604202,Square,0.0244
684,0.33329999446868896,-0.06610000133514404,Square,0.0244
685,0.35910001397132874,-0.14350000023841858,Square,0.0244
686,0.35910001397132874,-0.1177000030875206,Square,0.0244
687,0.35910001397132874,-0.09189999848604202,Square,0.0244
688,0.35910001397132874,-0.06610000133514404,Square,0.0244
689,0.3865000009536743,-0.14350000023841858,Square,0.0244
690,0.3865000009536743,-0.1177000030875206,Square,0.0244
691,0.3865000009536743,-0.09189999848604202,Square,0.0244
692,0.3865000009536743,-0.06610000133514404,Square,0.0244
693,0.4122999906539917,-0.14350000023841858,Square,0.0244
694,0.4122999906539917,-0.1177000030875206,Square,0.0244
695,0.4122999906539917,-0.09189999848604202,Square,0.0244
696,0.4122999906539917,-0.06610000133514404,Square,0.0244
697,0.43810001015663147,-0.14350000023841858,Square,0.0244
698,0.43810001015663147,-0.1177000030875206,Square,0.0244
699,0.43810001015663147,-0.09189999848604202,Square,0.0244
700,0.43810001015663147,-0.06610000133514404,Square,0.0244
701,0.46389999985694885,-0.14350000023841858,Square,0.0244
702,0.46389999985694885,-0.1177000030875206,Square,0.0244
703,0.46389999985694885,-0.09189999848604202,Square,0.0244
704,0.46389999985694885,-0.06610000133514404,Square,0.0244
705,0.49729999899864197,-0.14350000023841858,Square,0.0244
706,0.49729999899864197,-0.1177000030875206,Square,0.0244
707,0.49729999899864197,-0.09189999848604202,Square,0.0244
708,0.49729999899864197,-0.06610000133514404,Square,0.0244
709,0.5231000185012817,-0.14350000023841858,Square,0.0244
710,0.5231000185012817,-0.1177000030875206,Square,0.0244
711,0.5231000185012817,-0.09189999848604202,Square,0.0244
712,0.5231000185012817,-0.06610000133514404,Square,0.0244
713,0.5489000082015991,-0.14350000023841858,Square,0.0244
714,0.5489000082015991,-0.1177000030875206,Square,0.0244
715,0.5489000082015991,-0.09189999848604202,Square,0.0244
716,0.5489000082015991,-0.06610000133514404,Square,0.0244
717,0.5746999979019165,-0.14350000023841858,Square,0.0244
718,0.5746999979019165,-0.1177000030875206,Square,0.0244
719,0.5746999979019165,-0.09189999848604202,Square,0.0244
720,0.5746999979019165,-0.06610000133514404,Square,0.0244
721,-0.5746999979019165,-0.03869999945163727,Square,0.0244
722,-0.5746999979019165,-0.012900000438094139,Square,0.0244
723,-0.5746999979019165,0.012900000438094139,Square,0.0244
724,-0.5746999979019165,0.03869999945163727,Square,0.0244
725,-0.5489000082015991,-0.03869999945163727,Square,0.0244
726,-0.5489000082015991,-0.012900000438094139,Square,0.0244
727,-0.5489000082015991,0.012900000438094139,Square,0.0244
728,-0.5489000082015991,0.03869999945163727,Square,0.0244
729,-0.5231000185012817,-0.03869999945163727,Square,0.0244
730,-0.5231000185012817,-0.012900000438094139,Square,0.0244
731,-0.5231000185012817,0.012900000438094139,Square,0.0244
732,-0.5231000185012817,0.03869999945163727,Square,0.0244
733,-0.49729999899864197,-0.03869999945163727,Square,0.0244
734,-0.49729999899864197,-0.012900000438094139,Square,0.0244
735,-0.49729999899864197,0.012900000438094139,Square,0.0244
736,-0.49729999899864197,0.03869999945163727,Square,0.0244
737,-0.46389999985694885,-0.03869999945163727,Square,0.0244
738,-0.46389999985694885,-0.012900000438094139,Square,0.0244
739,-0.46389999985694885,0.012900000438094139,Square,0.0244
740,-0.46389999985694885,0.03869999945163727,Square,0.0244
741,-0.43810001015663147,-0.03869999945163727,Square,0.0244
742,-0.43810001015663147,-0.012900000438094139,Square,0.0244
743,-0.43810001015663147,0.012900000438094139,Square,0.0244
744,-0.43810001015663147,0.03869999945163727,Square,0.0244
745,-0.4122999906539917,-0.03869999945163727,Square,0.0244
746,-0.4122999906539917,-0.012900000438094139,Square,0.0244
747,-0.4122999906539917,0.012900000438094139,Square,0.0244
748,-0.4122999906539917,0.03869999945163727,Square,0.0244
749,-0.3865000009536743,-0.03869999945163727,Square,0.0244
750,-0.3865000009536743,-0.012900000438094139,Square,0.0244
751,-0.3865000009536743,0.012900000438094139,Square,0.0244
752,-0.3865000009536743,0.03869999945163727,Square,0.0244
753,-0.35910001397132874,-0.03869999945163727,Square,0.0244
754,-0.35910001397132874,-0.012900000438094139,Square,0.0244
755,-0.35910001397132874,0.012900000438094139,Square,0.0244
756,-0.35910001397132874,0.03869999945163727,Square,0.0244
757,-0.33329999446868896,-0.03869999945163727,Square,0.0244
758,-0.33329999446868896,-0.012900000438094139,Square,0.0244
759,-0.33329999446868896,0.012900000438094139,Square,0.0244
760,-0.33329999446868896,0.03869999945163727,Square,0.0244
761,-0.30750000476837164,-0.03869999945163727,Square,0.0244
762,-0.30750000476837164,-0.012900000438094139,Square,0.0244
763,-0.30750000476837164,0.012900000438094139,Square,0.0244
764,-0.30750000476837164,0.03869999945163727,Square,0.0244
765,-0.2816999852657318,-0.03869999945163727,Square,0.0244
766,-0.2816999852657318,-0.012900000438094139,Square,0.0244
767,-0.2816999852657318,0.012900000438094139,Square,0.0244
768,-0.2816999852657318,0.03869999945163727,Square,0.0244
769,-0.25429999828338623,-0.03869999945163727,Square,0.0244
770,-0.25429999828338623,-0.012900000438094139,Square,0.0244
771,-0.25429999828338623,0.012900000438094139,Square,0.0244
772,-0.25429999828338623,0.03869999945163727,Square,0.0244
773,-0.22849999368190765,-0.03869999945163727,Square,0.0244
774,-0.22849999368190765,-0.012900000438094139,Square,0.0244
775,-0.22849999368190765,0.012900000438094139,Square,0.0244
776,-0.22849999368190765,0.03869999945163727,Square,0.0244
777,-0.20270000398159027,-0.03869999945163727,Square,0.0244
778,-0.20270000398159027,-0.012900000438094139,Square,0.0244
779,-0.20270000398159027,0.012900000438094139,Square,0.0244
780,-0.20270000398159027,0.03869999945163727,Square,0.0244
781,-0.1768999993801117,-0.03869999945163727,Square,0.0244
782,-0.1768999993801117,-0.012900000438094139,Square,0.0244
783,-0.1768999993801117,0.012900000438094139,Square,0.0244
784,-0.1768999993801117,0.03869999945163727,Square,0.0244
785,-0.14350000023841858,-0.03869999945163727,Square,0.0244
786,-0.14350000023841858,-0.012900000438094139,Square,0.0244
787,-0.14350000023841858,0.012900000438094139,Square,0.0244
788,-0.14350000023841858,0.03869999945163727,Square,0.0244
789,-0.1177000030875206,-0.03869999945163727,Square,0.0244
790,-0.1177000030875206,-0.012900000438094139,Square,0.0244
791,-0.1177000030875206,0.012900000438094139,Square,0.0244
792,-0.1177000030875206,0.03869999945163727,Square,0.0244
793,-0.09189999848604202,-0.03869999945163727,Square,0.0244
794,-0.09189999848604202,-0.012900000438094139,Square,0.0244
795,-0.09189999848604202,0.012900000438094139,Square,0.0244
796,-0.09189999848604202,0.03869999945163727,Square,0.0244
797,-0.06610000133514404,-0.03869999945163727,Square,0.0244
798,-0.06610000133514404,-0.012900000438094139,Square,0.0244
799,-0.06610000133514404,0.012900000438094139,Square,0.0244
800,-0.06610000133514404,0.03869999945163727,Square,0.0244
801,-0.03869999945163727,-0.03869999945163727,Square,0.0244
802,-0.03869999945163727,-0.012900000438094139,Square,0.0244
803,-0.03869999945163727,0.012900000438094139,Square,0.0244
804,-0.03869999945163727,0.03869999945163727,Square,0.0244
805,-0.012900000438094139,-0.03869999945163727,Square,0.0244
806,-0.012900000438094139,-0.012900000438094139,Square,0.0244
807,-0.012900000438094139,0.012900000438094139,Square,0.0244
808,-0.012900000438094139,0.03869999945163727,Square,0.0244
809,0.012900000438094139,-0.03869999945163727,Square,0.0244
810,0.012900000438094139,-0.012900000438094139,Square,0.0244
811,0.012900000438094139,0.012900000438094139,Square,0.0244
812,0.012900000438094139,0.03869999945163727,Square,0.0244
813,0.03869999945163727,-0.03869999945163727,Square,0.0244
814,0.03869999945163727,-0.012900000438094139,Square,0.0244
815,0.03869999945163727,0.012900000438094139,Square,0.0244
816,0.03869999945163727,0.03869999945163727,Square,0.0244
817,0.06610000133514404,-0.03869999945163727,Square,0.0244
818,0.06610000133514404,-0.012900000438094139,Square,0.0244
819,0.06610000133514404,0.012900000438094139,Square,0.0244
820,0.06610000133514404,0.03869999945163727,Square,0.0244
821,0.09189999848604202,-0.03869999945163727,Square,0.0244
822,0.09189999848604202,-0.012900000438094139,Square,0.0244
823,0.09189999848604202,0.012900000438094139,Square,0.0244
824,0.09189999848604202,0.03869999945163727,Square,0.0244
825,0.1177000030875206,-0.03869999945163727,Square,0.0244
826,0.1177000030875206,-0.012900000438094139,Square,0.0244
827,0.1177000030875206,0.012900000438094139,Square,0.0244
828,0.1177000030875206,0.03869999945163727,Square,0.0244
829,0.14350000023841858,-0.03869999945163727,Square,0.0244
830,0.14350000023841858,-0.012900000438094139,Square,0.0244
831,0.14350000023841858,0.012900000438094139,Square,0.0244
832,0.14350000023841858,0.03869999945163727,Square,0.0244
833,0.1768999993801117,-0.03869999945163727,Square,0.0244
834,0.1768999993801117,-0.012900000438094139,Square,0.0244
835,0.1768999993801117,0.012900000438094139,Square,0.0244
836,0.1768999993801117,0.03869999945163727,Square,0.0244
837,0.20270000398159027,-0.03869999945163727,Square,0.0244
838,0.20270000398159027,-0.012900000438094139,Square,0.0244
839,0.20270000398159027,0.012900000438094139,Square,0.0244
840,0.20270000398159027,0.03869999945163727,Square,0.0244
841,0.22849999368190765,-0.03869999945163727,Square,0.0244
842,0.22849999368190765,-0.012900000438094139,Square,0.0244
843,0.22849999368190765,0.012900000438094139,Square,0.0244
844,0.22849999368190765,0.03869999945163727,Square,0.0244
845,0.25429999828338623,-0.03869999945163727,Square,0.0244
846,0.25429999828338623,-0.012900000438094139,Square,0.0244
847,0.25429999828338623,0.012900000438094139,Square,0.0244
848,0.25429999828338623,0.03869999945163727,Square,0.0244
849,0.2816999852657318,-0.03869999945163727,Square,0.0244
850,0.2816999852657318,-0.012900000438094139,Square,0.0244
851,0.2816999852657318,0.012900000438094139,Square,0.0244
852,0.2816999852657318,0.03869999945163727,Square,0.0244
853,0.30750000476837164,-0.03869999945163727,Square,0.0244
854,0.30750000476837164,-0.012900000438094139,Square,0.0244
855,0.30750000476837164,0.012900000438094139,Square,0.0244
856,0.30750000476837164,0.03869999945163727,Square,0.0244
857,0.33329999446868896,-0.03869999945163727,Square,0.0244
858,0.33329999446868896,-0.012900000438094139,Square,0.0244
859,0.33329999446868896,0.012900000438094139,Square,0.0244
860,0.33329999446868896,0.03869999945163727,Square,0.0244
861,0.35910001397132874,-0.03869999945163727,Square,0.0244
862,0.35910001397132874,-0.012900000438094139,Square,0.0244
863,0.35910001397132874,0.012900000438094139,Square,0.0244
864,0.35910001397132874,0.03869999945163727,Square,0.0244
865,0.3865000009536743,-0.03869999945163727,Square,0.0244
866,0.3865000009536743,-0.012900000438094139,Square,0.0244
867,0.3865000009536743,0.012900000438094139,Square,0.0244
868,0.3865000009536743,0.03869999945163727,Square,0.0244
869,0.4122999906539917,-0.03869999945163727,Square,0.0244
870,0.4122999906539917,-0.012900000438094139,Square,0.0244
871,0.4122999906539917,0.012900000438094139,Square,0.0244
872,0.4122999906539917,0.03869999945163727,Square,0.0244
873,0.43810001015663147,-0.03869999945163727,Square,0.0244
874,0.43810001015663147,-0.012900000438094139,Square,0.0244
875,0.43810001015663147,0.012900000438094139,Square,0.0244
876,0.43810001015663147,0.03869999945163727,Square,0.0244
877,0.46389999985694885,-0.03869999945163727,Square,0.0244
878,0.46389999985694885,-0.012900000438094139,Square,0.0244
879,0.46389999985694885,0.012900000438094139,Square,0.0244
880,0.46389999985694885,0.03869999945163727,Square,0.0244
881,0.49729999899864197,-0.03869999945163727,Square,0.0244
882,0.49729999899864197,-0.012900000438094139,Square,0.0244
883,0.49729999899864197,0.012900000438094139,Square,0.0244
884,0.49729999899864197,0.03869999945163727,Square,0.0244
885,0.5231000185012817,-0.03869999945163727,Square,0.0244
886,0.5231000185012817,-0.012900000438094139,Square,0.0244
887,0.5231000185012817,0.012900000438094139,Square,0.0244
888,0.5231000185012817,0.03869999945163727,Square,0.0244
889,0.5489000082015991,-0.03869999945163727,Square,0.0244
890,0.5489000082015991,-0.012900000438094139,Square,0.0244
891,0.5489000082015991,0.012900000438094139,Square,0.0244
892,0.5489000082015991,0.03869999945163727,Square,0.0244
893,0.5746999979019165,-0.03869999945163727,Square,0.0244
894,0.5746999979019165,-0.012900000438094139,Square,0.0244
895,0.5746999979019165,0.012900000438094139,Square,0.0244
896,0.5746999979019165,0.03869999945163727,Square,0.0244
897,-0.5746999979019165,0.06610000133514404,Square,0.0244
898,-0.5746999979019165,0.09189999848604202,Square,0.0244
899,-0.5746999979019165,0.1177000030875206,Square,0.0244
900,-0.5746999979019165,0.14350000023841858,Square,0.0244
901,-0.5489000082015991,0.06610000133514404,Square,0.0244
902,-0.5489000082015991,0.09189999848604202,Square,0.0244
903,-0.5489000082015991,0.1177000030875206,Square,0.0244
904,-0.5489000082015991,0.14350000023841858,Square,0.0244
905,-0.5231000185012817,0.06610000133514404,Square,0.0244
906,-0.5231000185012817,0.09189999848604202,Square,0.0244
907,-0.5231000185012817,0.1177000030875206,Square,0.0244
908,-0.5231000185012817,0.14350000023841858,Square,0.0244
909,-0.49729999899864197,0.06610000133514404,Square,0.0244
910,-0.49729999899864197,0.09189999848604202,Square,0.0244
911,-0.49729999899864197,0.1177000030875206,Square,0.0244
912,-0.49729999899864197,0.14350000023841858,Square,0.0244
913,-0.46389999985694885,0.06610000133514404,Square,0.0244
914,-0.46389999985694885,0.09189999848604202,Square,0.0244
915,-0.46389999985694885,0.1177000030875206,Square,0.0244
916,-0.46389999985694885,0.14350000023841858,Square,0.0244
917,-0.43810001015663147,0.06610000133514404,Square,0.0244
918,-0.43810001015663147,0.09189999848604202,Square,0.0244
919,-0.43810001015663147,0.1177000030875206,Square,0.0244
920,-0.43810001015663147,0.14350000023841858,Square,0.0244
921,-0.4122999906539917,0.06610000133514404,Square,0.0244
922,-0.4122999906539917,0.09189999848604202,Square,0.0244
923,-0.4122999906539917,0.1177000030875206,Square,0.0244
924,-0.4122999906539917,0.14350000023841858,Square,0.0244
925,-0.3865000009536743,0.06610000133514404,Square,0.0244
926,-0.3865000009536743,0.09189999848604202,Square,0.0244
927,-0.3865000009536743,0.1177000030875206,Square,0.0244
928,-0.3865000009536743,0.14350000023841858,Square,0.0244
929,-0.35910001397132874,0.06610000133514404,Square,0.0244
930,-0.35910001397132874,0.09189999848604202,Square,0.0244
931,-0.35910001397132874,0.1177000030875206,Square,0.0244
932,-0.35910001397132874,0.14350000023841858,Square,0.0244
933,-0.33329999446868896,0.06610000133514404,Square,0.0244
934,-0.33329999446868896,0.09189999848604202,Square,0.0244
935,-0.33329999446868896,0.1177000030875206,Square,0.0244
936,-0.33329999446868896,0.14350000023841858,Square,0.0244
937,-0.30750000476837164,0.06610000133514404,Square,0.0244
938,-0.30750000476837164,0.09189999848604202,Square,0.0244
939,-0.30750000476837164,0.1177000030875206,Square,0.0244
940,-0.30750000476837164,0.14350000023841858,Square,0.0244
941,-0.2816999852657318,0.06610000133514404,Square,0.0244
942,-0.2816999852657318,0.09189999848604202,Square,0.0244
943,-0.2816999852657318,0.1177000030875206,Square,0.0244
944,-0.2816999852657318,0.14350000023841858,Square,0.0244
945,-0.25429999828338623,0.06610000133514404,Square,0.0244
946,-0.25429999828338623,0.09189999848604202,Square,0.0244
947,-0.25429999828338623,0.1177000030875206,Square,0.0244
948,-0.25429999828338623,0.14350000023841858,Square,0.0244
949,-0.22849999368190765,0.06610000133514404,Square,0.0244
950,-0.22849999368190765,0.09189999848604202,Square,0.0244
951,-0.22849999368190765,0.1177000030875206,Square,0.0244
952,-0.22849999368190765,0.14350000023841858,Square,0.0244
953,-0.20270000398159027,0.06610000133514404,Square,0.0244
954,-0.20270000398159027,0.09189999848604202,Square,0.0244
955,-0.20270000398159027,0.1177000030875206,Square,0.0244
956,-0.20270000398159027,0.14350000023841858,Square,0.0244
957,-0.1768999993801117,0.06610000133514404,Square,0.0244
958,-0.1768999993801117,0.09189999848604202,Square,0.0244
959,-0.1768999993801117,0.1177000030875206,Square,0.0244
960,-0.1768999993801117,0.14350000023841858,Square,0.0244
961,-0.14350000023841858,0.06610000133514404,Square,0.0244
962,-0.14350000023841858,0.09189999848604202,Square,0.0244
963,-0.14350000023841858,0.1177000030875206,Square,0.0244
964,-0.14350000023841858,0.14350000023841858,Square,0.0244
965,-0.1177000030875206,0.06610000133514404,Square,0.0244
966,-0.1177000030875206,0.09189999848604202,Square,0.0244
967,-0.1177000030875206,0.1177000030875206,Square,0.0244
968,-0.1177000030875206,0.14350000023841858,Square,0.0244
969,-0.09189999848604202,0.06610000133514404,Square,0.0244
970,-0.09189999848604202,0.09189999848604202,Square,0.0244
971,-0.09189999848604202,0.1177000030875206,Square,0.0244
972,-0.09189999848604202,0.14350000023841858,Square,0.0244
973,-0.06610000133514404,0.06610000133514404,Square,0.0244
974,-0.06610000133514404,0.09189999848604202,Square,0.0244
975,-0.06610000133514404,0.1177000030875206,Square,0.0244
976,-0.06610000133514404,0.14350000023841858,Square,0.0244
977,-0.03869999945163727,0.06610000133514404,Square,0.0244
978,-0.03869999945163727,0.09189999848604202,Square,0.0244
979,-0.03869999945163727,0.1177000030875206,Square,0.0244
980,-0.03869999945163727,0.14350000023841858,Square,0.0244
981,-0.012900000438094139,0.06610000133514404,Square,0.0244
982,-0.012900000438094139,0.09189999848604202,Square,0.0244
983,-0.012900000438094139,0.1177000030875206,Square,0.0244
984,-0.012900000438094139,0.14350000023841858,Square,0.0244
985,0.012900000438094139,0.06610000133514404,Square,0.0244
986,0.012900000438094139,0.09189999848604202,Square,0.0244
987,0.012900000438094139,0.1177000030875206,Square,0.0244
988,0.012900000438094139,0.14350000023841858,Square,0.0244
989,0.03869999945163727,0.06610000133514404,Square,0.0244
990,0.03869999945163727,0.09189999848604202,Square,0.0244
991,0.03869999945163727,0.1177000030875206,Square,0.0244
992,0.03869999945163727,0.14350000023841858,Square,0.0244
993,0.06610000133514404,0.06610000133514404,Square,0.0244
994,0.06610000133514404,0.09189999848604202,Square,0.0244
995,0.06610000133514404,0.1177000030875206,Square,0.0244
996,0.06610000133514404,0.14350000023841858,Square,0.0244
997,0.09189999848604202,0.06610000133514404,Square,0.0244
998,0.09189999848604202,0.09189999848604202,Square,0.0244
999,0.09189999848604202,0.1177000030875206,Square,0.0244
1000,0.09189999848604202,0.14350000023841858,Square,0.0244
1001,0.1177000030875206,0.06610000133514404,Square,0.0244
1002,0.1177000030875206,0.09189999848604202,Square,0.0244
1003,0.1177000030875206,0.1177000030875206,Square,0.0244
1004,0.1177000030875206,0.14350000023841858,Square,0.0244
1005,0.14350000023841858,0.06610000133514404,Square,0.0244
1006,0.14350000023841858,0.09189999848604202,Square,0.0244
1007,0.14350000023841858,0.1177000030875206,Square,0.0244
1008,0.14350000023841858,0.14350000023841858,Square,0.0244
1009,0.1768999993801117,0.06610000133514404,Square,0.0244
1010,0.1768999993801117,0.09189999848604202,Square,0.0244
1011,0.1768999993801117,0.1177000030875206,Square,0.0244
1012,0.1768999993801117,0.14350000023841858,Square,0.0244
1013,0.20270000398159027,0.06610000133514404,Square,0.0244
1014,0.20270000398159027,0.09189999848604202,Square,0.0244
1015,0.20270000398159027,0.1177000030875206,Square,0.0244
1016,0.20270000398159027,0.14350000023841858,Square,0.0244
1017,0.22849999368190765,0.06610000133514404,Square,0.0244
1018,0.22849999368190765,0.09189999848604202,Square,0.0244
1019,0.22849999368190765,0.1177000030875206,Square,0.0244
1020,0.22849999368190765,0.14350000023841858,Square,0.0244
1021,0.25429999828338623,0.06610000133514404,Square,0.0244
1022,0.25429999828338623,0.09189999848604202,Square,0.0244
1023,0.25429999828338623,0.1177000030875206,Square,0.0244
1024,0.25429999828338623,0.14350000023841858,Square,0.0244
1025,0.2816999852657318,0.06610000133514404,Square,0.0244
1026,0.2816999852657318,0.09189999848604202,Square,0.0244
1027,0.2816999852657318,0.1177000030875206,Square,0.0244
1028,0.2816999852657318,0.14350000023841858,Square,0.0244
1029,0.30750000476837164,0.06610000133514404,Square,0.0244
1030,0.30750000476837164,0.09189999848604202,Square,0.0244
1031,0.30750000476837164,0.1177000030875206,Square,0.0244
1032,0.30750000476837164,0.14350000023841858,Square,0.0244
1033,0.33329999446868896,0.06610000133514404,Square,0.0244
1034,0.33329999446868896,0.09189999848604202,Square,0.0244
1035,0.33329999446868896,0.1177000030875206,Square,0.0244
1036,0.33329999446868896,0.14350000023841858,Square,0.0244
1037,0.35910001397132874,0.06610000133514404,Square,0.0244
1038,0.35910001397132874,0.09189999848604202,Square,0.0244
1039,0.35910001397132874,0.1177000030875206,Square,0.0244
1040,0.35910001397132874,0.14350000023841858,Square,0.0244
1041,0.3865000009536743,0.06610000133514404,Square,0.0244
1042,0.3865000009536743,0.09189999848604202,Square,0.0244
1043,0.3865000009536743,0.1177000030875206,Square,0.0244
1044,0.3865000009536743,0.14350000023841858,Square,0.0244
1045,0.4122999906539917,0.06610000133514404,Square,0.0244
1046,0.4122999906539917,0.09189999848604202,Square,0.0244
1047,0.4122999906539917,0.1177000030875206,Square,0.0244
1048,0.4122999906539917,0.14350000023841858,Square,0.0244
1049,0.43810001015663147,0.06610000133514404,Square,0.0244
1050,0.43810001015663147,0.09189999848604202,Square,0.0244
1051,0.43810001015663147,0.1177000030875206,Square,0.0244
1052,0.43810001015663147,0.14350000023841858,Square,0.0244
1053,0.46389999985694885,0.06610000133514404,Square,0.0244
1054,0.46389999985694885,0.09189999848604202,Square,0.0244
1055,0.46389999985694885,0.1177000030875206,Square,0.0244
1056,0.46389999985694885,0.14350000023841858,Square,0.0244
1057,0.49729999899864197,0.06610000133514404,Square,0.0244
1058,0.49729999899864197,0.09189999848604202,Square,0.0244
1059,0.49729999899864197,0.1177000030875206,Square,0.0244
1060,0.49729999899864197,0.14350000023841858,Square,0.0244
1061,0.5231000185012817,0.06610000133514404,Square,0.0244
1062,0.5231000185012817,0.09189999848604202,Square,0.0244
1063,0.5231000185012817,0.1177000030875206,Square,0.0244
1064,0.5231000185012817,0.14350000023841858,Square,0.0244
1065,0.5489000082015991,0.06610000133514404,Square,0.0244
1066,0.5489000082015991,0.09189999848604202,Square,0.0244
1067,0.5489000082015991,0.1177000030875206,Square,0.0244
1068,0.5489000082015991,0.14350000023841858,Square,0.0244
1069,0.5746999979019165,0.06610000133514404,Square,0.0244
1070,0.5746999979019165,0.09189999848604202,Square,0.0244
1071,0.5746999979019165,0.1177000030875206,Square,0.0244
1072,0.5746999979019165,0.14350000023841858,Square,0.0244
1073,-0.5746999979019165,0.1768999993801117,Square,0.0244
1074,-0.5746999979019165,0.20270000398159027,Square,0.0244
1075,-0.5746999979019165,0.22849999368190765,Square,0.0244
1076,-0.5746999979019165,0.25429999828338623,Square,0.0244
1077,-0.5489000082015991,0.1768999993801117,Square,0.0244
1078,-0.5489000082015991,0.20270000398159027,Square,0.0244
1079,-0.5489000082015991,0.22849999368190765,Square,0.0244
1080,-0.5489000082015991,0.25429999828338623,Square,0.0244
1081,-0.5231000185012817,0.1768999993801117,Square,0.0244
1082,-0.5231000185012817,0.20270000398159027,Square,0.0244
1083,-0.5231000185012817,0.22849999368190765,Square,0.0244
1084,-0.5231000185012817,0.25429999828338623,Square,0.0244
1085,-0.49729999899864197,0.1768999993801117,Square,0.0244
1086,-0.49729999899864197,0.20270000398159027,Square,0.0244
1087,-0.49729999899864197,0.22849999368190765,Square,0.0244
1088,-0.49729999899864197,0.25429999828338623,Square,0.0244
1089,-0.46389999985694885,0.1768999993801117,Square,0.0244
1090,-0.46389999985694885,0.20270000398159027,Square,0.0244
1091,-0.46389999985694885,0.22849999368190765,Square,0.0244
1092,-0.46389999985694885,0.25429999828338623,Square,0.0244
1093,-0.43810001015663147,0.1768999993801117,Square,0.0244
1094,-0.43810001015663147,0.20270000398159027,Square,0.0244
1095,-0.43810001015663147,0.22849999368190765,Square,0.0244
1096,-0.43810001015663147,0.25429999828338623,Square,0.0244
1097,-0.4122999906539917,0.1768999993801117,Square,0.0244
1098,-0.4122999906539917,0.20270000398159027,Square,0.0244
1099,-0.4122999906539917,0.22849999368190765,Square,0.0244
1100,-0.4122999906539917,0.25429999828338623,Square,0.0244
1101,-0.3865000009536743,0.1768999993801117,Square,0.0244
1102,-0.3865000009536743,0.20270000398159027,Square,0.0244
1103,-0.3865000009536743,0.22849999368190765,Square,0.0244
1104,-0.3865000009536743,0.25429999828338623,Square,0.0244
1105,-0.35910001397132874,0.1768999993801117,Square,0.0244
1106,-0.35910001397132874,0.20270000398159027,Square,0.0244
1107,-0.35910001397132874,0.22849999368190765,Square,0.0244
1108,-0.35910001397132874,0.25429999828338623,Square,0.0244
1109,-0.33329999446868896,0.1768999993801117,Square,0.0244
1110,-0.33329999446868896,0.20270000398159027,Square,0.0244
1111,-0.33329999446868896,0.22849999368190765,Square,0.0244
1112,-0.33329999446868896,0.25429999828338623,Square,0.0244
1113,-0.30750000476837164,0.1768999993801117,Square,0.0244
1114,-0.30750000476837164,0.20270000398159027,Square,0.0244
1115,-0.30750000476837164,0.22849999368190765,Square,0.0244
1116,-0.30750000476837164,0.25429999828338623,Square,0.0244
1117,-0.2816999852657318,0.1768999993801117,Square,0.0244
1118,-0.2816999852657318,0.20270000398159027,Square,0.0244
1119,-0.2816999852657318,0.22849999368190765,Square,0.0244
1120,-0.2816999852657318,0.25429999828338623,Square,0.0244
1121,-0.25429999828338623,0.1768999993801117,Square,0.0244
1122,-0.25429999828338623,0.20270000398159027,Square,0.0244
1123,-0.25429999828338623,0.22849999368190765,Square,0.0244
1124,-0.25429999828338623,0.25429999828338623,Square,0.0244
1125,-0.22849999368190765,0.1768999993801117,Square,0.0244
1126,-0.22849999368190765,0.20270000398159027,Square,0.0244
1127,-0.22849999368190765,0.22849999368190765,Square,0.0244
1128,-0.22849999368190765,0.25429999828338623,Square,0.0244
1129,-0.20270000398159027,0.1768999993801117,Square,0.0244
1130,-0.20270000398159027,0.20270000398159027,Square,0.0244
1131,-0.20270000398159027,0.22849999368190765,Square,0.0244
1132,-0.20270000398159027,0.25429999828338623,Square,0.0244
1133,-0.1768999993801117,0.1768999993801117,Square,0.0244
1134,-0.1768999993801117,0.20270000398159027,Square,0.0244
1135,-0.1768999993801117,0.22849999368190765,Square,0.0244
1136,-0.1768999993801117,0.25429999828338623,Square,0.0244
1137,-0.14350000023841858,0.1768999993801117,Square,0.0244
1138,-0.14350000023841858,0.20270000398159027,Square,0.0244
1139,-0.14350000023841858,0.22849999368190765,Square,0.0244
1140,-0.14350000023841858,0.25429999828338623,Square,0.0244
1141,-0.1177000030875206,0.1768999993801117,Square,0.0244
1142,-0.1177000030875206,0.20270000398159027,Square,0.0244
1143,-0.1177000030875206,0.22849999368190765,Square,0.0244
1144,-0.1177000030875206,0.25429999828338623,Square,0.0244
1145,-0.09189999848604202,0.1768999993801117,Square,0.0244
1146,-0.09189999848604202,0.20270000398159027,Square,0.0244
1147,-0.09189999848604202,0.22849999368190765,Square,0.0244
1148,-0.09189999848604202,0.25429999828338623,Square,0.0244
1149,-0.06610000133514404,0.1768999993801117,Square,0.0244
1150,-0.06610000133514404,0.20270000398159027,Square,0.0244
1151,-0.06610000133514404,0.22849999368190765,Square,0.0244
1152,-0.06610000133514404,0.25429999828338623,Square,0.0244
1153,-0.03869999945163727,0.1768999993801117,Square,0.0244
1154,-0.03869999945163727,0.20270000398159027,Square,0.0244
1155,-0.03869999945163727,0.22849999368190765,Square,0.0244
1156,-0.03869999945163727,0.25429999828338623,Square,0.0244
1157,-0.012900000438094139,0.1768999993801117,Square,0.0244
1158,-0.012900000438094139,0.20270000398159027,Square,0.0244
1159,-0.012900000438094139,0.22849999368190765,Square,0.0244
1160,-0.012900000438094139,0.25429999828338623,Square,0.0244
1161,0.012900000438094139,0.1768999993801117,Square,0.0244
1162,0.012900000438094139,0.20270000398159027,Square,0.0244
1163,0.012900000438094139,0.22849999368190765,Square,0.0244
1164,0.012900000438094139,0.25429999828338623,Square,0.0244
1165,0.03869999945163727,0.1768999993801117,Square,0.0244
1166,0.03869999945163727,0.20270000398159027,Square,0.0244
1167,0.03869999945163727,0.22849999368190765,Square,0.0244
1168,0.03869999945163727,0.25429999828338623,Square,0.0244
1169,0.06610000133514404,0.1768999993801117,Square,0.0244
1170,0.06610000133514404,0.20270000398159027,Square,0.0244
1171,0.06610000133514404,0.22849999368190765,Square,0.0244
1172,0.06610000133514404,0.25429999828338623,Square,0.0244
1173,0.09189999848604202,0.1768999993801117,Square,0.0244
1174,0.09189999848604202,0.20270000398159027,Square,0.0244
1175,0.09189999848604202,0.22849999368190765,Square,0.0244
1176,0.09189999848604202,0.25429999828338623,Square,0.0244
1177,0.1177000030875206,0.1768999993801117,Square,0.0244
1178,0.1177000030875206,0.20270000398159027,Square,0.0244
1179,0.1177000030875206,0.22849999368190765,Square,0.0244
1180,0.1177000030875206,0.25429999828338623,Square,0.0244
1181,0.14350000023841858,0.1768999993801117,Square,0.0244
1182,0.14350000023841858,0.20270000398159027,Square,0.0244
1183,0.14350000023841858,0.22849999368190765,Square,0.0244
1184,0.14350000023841858,0.25429999828338623,Square,0.0244
1185,0.1768999993801117,0.1768999993801117,Square,0.0244
1186,0.1768999993801117,0.20270000398159027,Square,0.0244
1187,0.1768999993801117,0.22849999368190765,Square,0.0244
1188,0.1768999993801117,0.25429999828338623,Square,0.0244
1189,0.20270000398159027,0.1768999993801117,Square,0.0244
1190,0.20270000398159027,0.20270000398159027,Square,0.0244
1191,0.20270000398159027,0.22849999368190765,Square,0.0244
1192,0.20270000398159027,0.25429999828338623,Square,0.0244
1193,0.22849999368190765,0.1768999993801117,Square,0.0244
1194,0.22849999368190765,0.20270000398159027,Square,0.0244
1195,0.22849999368190765,0.22849999368190765,Square,0.0244
1196,0.22849999368190765,0.25429999828338623,Square,0.0244
1197,0.25429999828338623,0.1768999993801117,Square,0.0244
1198,0.25429999828338623,0.20270000398159027,Square,0.0244
1199,0.25429999828338623,0.22849999368190765,Square,0.0244
1200,0.25429999828338623,0.25429999828338623,Square,0.0244
1201,0.2816999852657318,0.1768999993801117,Square,0.0244
1202,0.2816999852657318,0.20270000398159027,Square,0.0244
1203,0.2816999852657318,0.22849999368190765,Square,0.0244
1204,0.2816999852657318,0.25429999828338623,Square,0.0244
1205,0.30750000476837164,0.1768999993801117,Square,0.0244
1206,0.30750000476837164,0.20270000398159027,Square,0.0244
1207,0.30750000476837164,0.22849999368190765,Square,0.0244
1208,0.30750000476837164,0.25429999828338623,Square,0.0244
1209,0.33329999446868896,0.1768999993801117,Square,0.0244
1210,0.33329999446868896,0.20270000398159027,Square,0.0244
1211,0.33329999446868896,0.22849999368190765,Square,0.0244
1212,0.33329999446868896,0.25429999828338623,Square,0.0244
1213,0.35910001397132874,0.1768999993801117,Square,0.0244
1214,0.35910001397132874,0.20270000398159027,Square,0.0244
1215,0.35910001397132874,0.22849999368190765,Square,0.0244
1216,0.35910001397132874,0.25429999828338623,Square,0.0244
1217,0.3865000009536743,0.1768999993801117,Square,0.0244
1218,0.3865000009536743,0.20270000398159027,Square,0.0244
1219,0.3865000009536743,0.22849999368190765,Square,0.0244
1220,0.3865000009536743,0.25429999828338623,Square,0.0244
1221,0.4122999906539917,0.1768999993801117,Square,0.0244
1222,0.4122999906539917,0.20270000398159027,Square,0.0244
1223,0.4122999906539917,0.22849999368190765,Square,0.0244
1224,0.4122999906539917,0.25429999828338623,Square,0.0244
1225,0.43810001015663147,0.1768999993801117,Square,0.0244
1226,0.43810001015663147,0.20270000398159027,Square,0.0244
1227,0.43810001015663147,0.22849999368190765,Square,0.0244
1228,0.43810001015663147,0.25429999828338623,Square,0.0244
1229,0.46389999985694885,0.1768999993801117,Square,0.0244
1230,0.46389999985694885,0.20270000398159027,Square,0.0244
1231,0.46389999985694885,0.22849999368190765,Square,0.0244
1232,0.46389999985694885,0.25429999828338623,Square,0.0244
1233,0.49729999899864197,0.1768999993801117,Square,0.0244
1234,0.49729999899864197,0.20270000398159027,Square,0.0244
1235,0.49729999899864197,0.22849999368190765,Square,0.0244
1236,0.49729999899864197,0.25429999828338623,Square,0.0244
1237,0.5231000185012817,0.1768999993801117,Square,0.0244
1238,0.5231000185012817,0.20270000398159027,Square,0.0244
1239,0.5231000185012817,0.22849999368190765,Square,0.0244
1240,0.5231000185012817,0.25429999828338623,Square,0.0244
1241,0.5489000082015991,0.1768999993801117,Square,0.0244
1242,0.5489000082015991,0.20270000398159027,Square,0.0244
1243,0.5489000082015991,0.22849999368190765,Square,0.0244
1244,0.5489000082015991,0.25429999828338623,Square,0.0244
1245,0.5746999979019165,0.1768999993801117,Square,0.0244
1246,0.5746999979019165,0.20270000398159027,Square,0.0244
1247,0.5746999979019165,0.22849999368190765,Square,0.0244
1248,0.5746999979019165,0.25429999828338623,Square,0.0244
1249,-0.46389999985694885,0.2816999852657318,Square,0.0244
1250,-0.46389999985694885,0.30750000476837164,Square,0.0244
1251,-0.46389999985694885,0.33329999446868896,Square,0.0244
1252,-0.46389999985694885,0.35910001397132874,Square,0.0244
1253,-0.43810001015663147,0.2816999852657318,Square,0.0244
1254,-0.43810001015663147,0.30750000476837164,Square,0.0244
1255,-0.43810001015663147,0.33329999446868896,Square,0.0244
1256,-0.43810001015663147,0.35910001397132874,Square,0.0244
1257,-0.4122999906539917,0.2816999852657318,Square,0.0244
1258,-0.4122999906539917,0.30750000476837164,Square,0.0244
1259,-0.4122999906539917,0.33329999446868896,Square,0.0244
1260,-0.4122999906539917,0.35910001397132874,Square,0.0244
1261,-0.3865000009536743,0.2816999852657318,Square,0.0244
1262,-0.3865000009536743,0.30750000476837164,Square,0.0244
1263,-0.3865000009536743,0.33329999446868896,Square,0.0244
1264,-0.3865000009536743,0.35910001397132874,Square,0.0244
1265,-0.35910001397132874,0.2816999852657318,Square,0.0244
1266,-0.35910001397132874,0.30750000476837164,Square,0.0244
1267,-0.35910001397132874,0.33329999446868896,Square,0.0244
1268,-0.35910001397132874,0.35910001397132874,Square,0.0244
1269,-0.33329999446868896,0.2816999852657318,Square,0.0244
1270,-0.33329999446868896,0.30750000476837164,Square,0.0244
1271,-0.33329999446868896,0.33329999446868896,Square,0.0244
1272,-0.33329999446868896,0.35910001397132874,Square,0.0244
1273,-0.30750000476837164,0.2816999852657318,Square,0.0244
1274,-0.30750000476837164,0.30750000476837164,Square,0.0244
1275,-0.30750000476837164,0.33329999446868896,Square,0.0244
1276,-0.30750000476837164,0.35910001397132874,Square,0.0244
1277,-0.2816999852657318,0.2816999852657318,Square,0.0244
1278,-0.2816999852657318,0.30750000476837164,Square,0.0244
1279,-0.2816999852657318,0.33329999446868896,Square,0.0244
1280,-0.2816999852657318,0.35910001397132874,Square,0.0244
1281,-0.25429999828338623,0.2816999852657318,Square,0.0244
1282,-0.25429999828338623,0.30750000476837164,Square,0.0244
1283,-0.25429999828338623,0.33329999446868896,Square,0.0244
1284,-0.25429999828338623,0.35910001397132874,Square,0.0244
1285,-0.22849999368190765,0.2816999852657318,Square,0.0244
1286,-0.22849999368190765,0.30750000476837164,Square,0.0244
1287,-0.22849999368190765,0.33329999446868896,Square,0.0244
1288,-0.22849999368190765,0.35910001397132874,Square,0.0244
1289,-0.20270000398159027,0.2816999852657318,Square,0.0244
1290,-0.20270000398159027,0.30750000476837164,Square,0.0244
1291,-0.20270000398159027,0.33329999446868896,Square,0.0244
1292,-0.20270000398159027,0.35910001397132874,Square,0.0244
1293,-0.1768999993801117,0.2816999852657318,Square,0.0244
1294,-0.1768999993801117,0.30750000476837164,Square,0.0244
1295,-0.1768999993801117,0.33329999446868896,Square,0.0244
1296,-0.1768999993801117,0.35910001397132874,Square,0.0244
1297,-0.14350000023841858,0.2816999852657318,Square,0.0244
1298,-0.14350000023841858,0.30750000476837164,Square,0.0244
1299,-0.14350000023841858,0.33329999446868896,Square,0.0244
1300,-0.14350000023841858,0.35910001397132874,Square,0.0244
1301,-0.1177000030875206,0.2816999852657318,Square,0.0244
1302,-0.1177000030875206,0.30750000476837164,Square,0.0244
1303,-0.1177000030875206,0.33329999446868896,Square,0.0244
1304,-0.1177000030875206,0.35910001397132874,Square,0.0244
1305,-0.09189999848604202,0.2816999852657318,Square,0.0244
1306,-0.09189999848604202,0.30750000476837164,Square,0.0244
1307,-0.09189999848604202,0.33329999446868896,Square,0.0244
1308,-0.09189999848604202,0.35910001397132874,Square,0.0244
1309,-0.06610000133514404,0.2816999852657318,Square,0.0244
1310,-0.06610000133514404,0.30750000476837164,Square,0.0244
1311,-0.06610000133514404,0.33329999446868896,Square,0.0244
1312,-0.06610000133514404,0.35910001397132874,Square,0.0244
1313,-0.03869999945163727,0.2816999852657318,Square,0.0244
1314,-0.03869999945163727,0.30750000476837164,Square,0.0244
1315,-0.03869999945163727,0.33329999446868896,Square,0.0244
1316,-0.03869999945163727,0.35910001397132874,Square,0.0244
1317,-0.012900000438094139,0.2816999852657318,Square,0.0244
1318,-0.012900000438094139,0.30750000476837164,Square,0.0244
1319,-0.012900000438094139,0.33329999446868896,Square,0.0244
1320,-0.012900000438094139,0.35910001397132874,Square,0.0244
1321,0.012900000438094139,0.2816999852657318,Square,0.0244
1322,0.012900000438094139,0.30750000476837164,Square,0.0244
1323,0.012900000438094139,0.33329999446868896,Square,0.0244
1324,0.012900000438094139,0.35910001397132874,Square,0.0244
1325,0.03869999945163727,0.2816999852657318,Square,0.0244
1326,0.03869999945163727,0.30750000476837164,Square,0.0244
1327,0.03869999945163727,0.33329999446868896,Square,0.0244
1328,0.03869999945163727,0.35910001397132874,Square,0.0244
1329,0.06610000133514404,0.2816999852657318,Square,0.0244
1330,0.06610000133514404,0.30750000476837164,Square,0.0244
1331,0.06610000133514404,0.33329999446868896,Square,0.0244
1332,0.06610000133514404,0.35910001397132874,Square,0.0244
1333,0.09189999848604202,0.2816999852657318,Square,0.0244
1334,0.09189999848604202,0.30750000476837164,Square,0.0244
1335,0.09189999848604202,0.33329999446868896,Square,0.0244
1336,0.09189999848604202,0.35910001397132874,Square,0.0244
1337,0.1177000030875206,0.2816999852657318,Square,0.0244
1338,0.1177000030875206,0.30750000476837164,Square,0.0244
1339,0.1177000030875206,0.33329999446868896,Square,0.0244
1340,0.1177000030875206,0.35910001397132874,Square,0.0244
1341,0.14350000023841858,0.2816999852657318,Square,0.0244
1342,0.14350000023841858,0.30750000476837164,Square,0.0244
1343,0.14350000023841858,0.33329999446868896,Square,0.0244
1344,0.14350000023841858,0.35910001397132874,Square,0.0244
1345,0.1768999993801117,0.2816999852657318,Square,0.0244
1346,0.1768999993801117,0.30750000476837164,Square,0.0244
1347,0.1768999993801117,0.33329999446868896,Square,0.0244
1348,0.1768999993801117,0.35910001397132874,Square,0.0244
1349,0.20270000398159027,0.2816999852657318,Square,0.0244
1350,0.20270000398159027,0.30750000476837164,Square,0.0244
1351,0.20270000398159027,0.33329999446868896,Square,0.0244
1352,0.20270000398159027,0.35910001397132874,Square,0.0244
1353,0.22849999368190765,0.2816999852657318,Square,0.0244
1354,0.22849999368190765,0.30750000476837164,Square,0.0244
1355,0.22849999368190765,0.33329999446868896,Square,0.0244
1356,0.22849999368190765,0.35910001397132874,Square,0.0244
1357,0.25429999828338623,0.2816999852657318,Square,0.0244
1358,0.25429999828338623,0.30750000476837164,Square,0.0244
1359,0.25429999828338623,0.33329999446868896,Square,0.0244
1360,0.25429999828338623,0.35910001397132874,Square,0.0244
1361,0.2816999852657318,0.2816999852657318,Square,0.0244
1362,0.2816999852657318,0.30750000476837164,Square,0.0244
1363,0.2816999852657318,0.33329999446868896,Square,0.0244
1364,0.2816999852657318,0.35910001397132874,Square,0.0244
1365,0.30750000476837164,0.2816999852657318,Square,0.0244
1366,0.30750000476837164,0.30750000476837164,Square,0.0244
1367,0.30750000476837164,0.33329999446868896,Square,0.0244
1368,0.30750000476837164,0.35910001397132874,Square,0.0244
1369,0.33329999446868896,0.2816999852657318,Square,0.0244
1370,0.33329999446868896,0.30750000476837164,Square,0.0244
1371,0.33329999446868896,0.33329999446868896,Square,0.0244
1372,0.33329999446868896,0.35910001397132874,Square,0.0244
1373,0.35910001397132874,0.2816999852657318,Square,0.0244
1374,0.35910001397132874,0.30750000476837164,Square,0.0244
1375,0.35910001397132874,0.33329999446868896,Square,0.0244
1376,0.35910001397132874,0.35910001397132874,Square,0.0244
1377,0.3865000009536743,0.2816999852657318,Square,0.0244
1378,0.3865000009536743,0.30750000476837164,Square,0.0244
1379,0.3865000009536743,0.33329999446868896,Square,0.0244
1380,0.3865000009536743,0.35910001397132874,Square,0.0244
1381,0.4122999906539917,0.2816999852657318,Square,0.0244
1382,0.4122999906539917,0.30750000476837164,Square,0.0244
1383,0.4122999906539917,0.33329999446868896,Square,0.0244
1384,0.4122999906539917,0.35910001397132874,Square,0.0244
1385,0.43810001015663147,0.2816999852657318,Square,0.0244
1386,0.43810001015663147,0.30750000476837164,Square,0.0244
1387,0.43810001015663147,0.33329999446868896,Square,0.0244
1388,0.43810001015663147,0.35910001397132874,Square,0.0244
1389,0.46389999985694885,0.2816999852657318,Square,0.0244
1390,0.46389999985694885,0.30750000476837164,Square,0.0244
1391,0.46389999985694885,0.33329999446868896,Square,0.0244
1392,0.46389999985694885,0.35910001397132874,Square,0.0244
1393,-0.46389999985694885,0.3865000009536743,Square,0.0244
1394,-0.46389999985694885,0.4122999906539917,Square,0.0244
1395,-0.46389999985694885,0.43810001015663147,Square,0.0244
1396,-0.46389999985694885,0.46389999985694885,Square,0.0244
1397,-0.43810001015663147,0.3865000009536743,Square,0.0244
1398,-0.43810001015663147,0.4122999906539917,Square,0.0244
1399,-0.43810001015663147,0.43810001015663147,Square,0.0244
1400,-0.43810001015663147,0.46389999985694885,Square,0.0244
1401,-0.4122999906539917,0.3865000009536743,Square,0.0244
1402,-0.4122999906539917,0.4122999906539917,Square,0.0244
1403,-0.4122999906539917,0.43810001015663147,Square,0.0244
1404,-0.4122999906539917,0.46389999985694885,Square,0.0244
1405,-0.3865000009536743,0.3865000009536743,Square,0.0244
1406,-0.3865000009536743,0.4122999906539917,Square,0.0244
1407,-0.3865000009536743,0.43810001015663147,Square,0.0244
1408,-0.3865000009536743,0.46389999985694885,Square,0.0244
1409,-0.35910001397132874,0.3865000009536743,Square,0.0244
1410,-0.35910001397132874,0.4122999906539917,Square,0.0244
1411,-0.35910001397132874,0.43810001015663147,Square,0.0244
1412,-0.35910001397132874,0.46389999985694885,Square,0.0244
1413,-0.33329999446868896,0.3865000009536743,Square,0.0244
1414,-0.33329999446868896,0.4122999906539917,Square,0.0244
1415,-0.33329999446868896,0.43810001015663147,Square,0.0244
1416,-0.33329999446868896,0.46389999985694885,Square,0.0244
1417,-0.30750000476837164,0.3865000009536743,Square,0.0244
1418,-0.30750000476837164,0.4122999906539917,Square,0.0244
1419,-0.30750000476837164,0.43810001015663147,Square,0.0244
1420,-0.30750000476837164,0.46389999985694885,Square,0.0244
1421,-0.2816999852657318,0.3865000009536743,Square,0.0244
1422,-0.2816999852657318,0.4122999906539917,Square,0.0244
1423,-0.2816999852657318,0.43810001015663147,Square,0.0244
1424,-0.2816999852657318,0.46389999985694885,Square,0.0244
1425,-0.25429999828338623,0.3865000009536743,Square,0.0244
1426,-0.25429999828338623,0.4122999906539917,Square,0.0244
1427,-0.25429999828338623,0.43810001015663147,Square,0.0244
1428,-0.25429999828338623,0.46389999985694885,Square,0.0244
1429,-0.22849999368190765,0.3865000009536743,Square,0.0244
1430,-0.22849999368190765,0.4122999906539917,Square,0.0244
1431,-0.22849999368190765,0.43810001015663147,Square,0.0244
1432,-0.22849999368190765,0.46389999985694885,Square,0.0244
1433,-0.20270000398159027,0.3865000009536743,Square,0.0244
1434,-0.20270000398159027,0.4122999906539917,Square,0.0244
1435,-0.20270000398159027,0.43810001015663147,Square,0.0244
1436,-0.20270000398159027,0.46389999985694885,Square,0.0244
1437,-0.1768999993801117,0.3865000009536743,Square,0.0244
1438,-0.1768999993801117,0.4122999906539917,Square,0.0244
1439,-0.1768999993801117,0.43810001015663147,Square,0.0244
1440,-0.1768999993801117,0.46389999985694885,Square,0.0244
1441,-0.14350000023841858,0.3865000009536743,Square,0.0244
1442,-0.14350000023841858,0.4122999906539917,Square,0.0244
1443,-0.14350000023841858,0.43810001015663147,Square,0.0244
1444,-0.14350000023841858,0.46389999985694885,Square,0.0244
1445,-0.1177000030875206,0.3865000009536743,Square,0.0244
1446,-0.1177000030875206,0.4122999906539917,Square,0.0244
1447,-0.1177000030875206,0.43810001015663147,Square,0.0244
1448,-0.1177000030875206,0.46389999985694885,Square,0.0244
1449,-0.09189999848604202,0.3865000009536743,Square,0.0244
1450,-0.09189999848604202,0.4122999906539917,Square,0.0244
1451,-0.09189999848604202,0.43810001015663147,Square,0.0244
1452,-0.09189999848604202,0.46389999985694885,Square,0.0244
1453,-0.06610000133514404,0.3865000009536743,Square,0.0244
1454,-0.06610000133514404,0.4122999906539917,Square,0.0244
1455,-0.06610000133514404,0.43810001015663147,Square,0.0244
1456,-0.06610000133514404,0.46389999985694885,Square,0.0244
1457,-0.03869999945163727,0.3865000009536743,Square,0.0244
1458,-0.03869999945163727,0.4122999906539917,Square,0.0244
1459,-0.03869999945163727,0.43810001015663147,Square,0.0244
1460,-0.03869999945163727,0.46389999985694885,Square,0.0244
1461,-0.012900000438094139,0.3865000009536743,Square,0.0244
1462,-0.012900000438094139,0.4122999906539917,Square,0.0244
1463,-0.012900000438094139,0.43810001015663147,Square,0.0244
1464,-0.012900000438094139,0.46389999985694885,Square,0.0244
1465,0.012900000438094139,0.3865000009536743,Square,0.0244
1466,0.012900000438094139,0.4122999906539917,Square,0.0244
1467,0.012900000438094139,0.43810001015663147,Square,0.0244
1468,0.012900000438094139,0.46389999985694885,Square,0.0244
1469,0.03869999945163727,0.3865000009536743,Square,0.0244
1470,0.03869999945163727,0.4122999906539917,Square,0.0244
1471,0.03869999945163727,0.43810001015663147,Square,0.0244
1472,0.03869999945163727,0.46389999985694885,Square,0.0244
1473,0.06610000133514404,0.3865000009536743,Square,0.0244
1474,0.06610000133514404,0.4122999906539917,Square,0.0244
1475,0.06610000133514404,0.43810001015663147,Square,0.0244
1476,0.06610000133514404,0.46389999985694885,Square,0.0244
1477,0.09189999848604202,0.3865000009536743,Square,0.0244
1478,0.09189999848604202,0.4122999906539917,Square,0.0244
1479,0.09189999848604202,0.43810001015663147,Square,0.0244
1480,0.09189999848604202,0.46389999985694885,Square,0.0244
1481,0.1177000030875206,0.3865000009536743,Square,0.0244
1482,0.1177000030875206,0.4122999906539917,Square,0.0244
1483,0.1177000030875206,0.43810001015663147,Square,0.0244
1484,0.1177000030875206,0.46389999985694885,Square,0.0244
1485,0.14350000023841858,0.3865000009536743,Square,0.0244
1486,0.14350000023841858,0.4122999906539917,Square,0.0244
1487,0.14350000023841858,0.43810001015663147,Square,0.0244
1488,0.14350000023841858,0.46389999985694885,Square,0.0244
1489,0.1768999993801117,0.3865000009536743,Square,0.0244
1490,0.1768999993801117,0.4122999906539917,Square,0.0244
1491,0.1768999993801117,0.43810001015663147,Square,0.0244
1492,0.1768999993801117,0.46389999985694885,Square,0.0244
1493,0.20270000398159027,0.3865000009536743,Square,0.0244
1494,0.20270000398159027,0.4122999906539917,Square,0.0244
1495,0.20270000398159027,0.43810001015663147,Square,0.0244
1496,0.20270000398159027,0.46389999985694885,Square,0.0244
1497,0.22849999368190765,0.3865000009536743,Square,0.0244
1498,0.22849999368190765,0.4122999906539917,Square,0.0244
1499,0.22849999368190765,0.43810001015663147,Square,0.0244
1500,0.22849999368190765,0.46389999985694885,Square,0.0244
1501,0.25429999828338623,0.3865000009536743,Square,0.0244
1502,0.25429999828338623,0.4122999906539917,Square,0.0244
1503,0.25429999828338623,0.43810001015663147,Square,0.0244
1504,0.25429999828338623,0.46389999985694885,Square,0.0244
1505,0.2816999852657318,0.3865000009536743,Square,0.0244
1506,0.2816999852657318,0.4122999906539917,Square,0.0244
1507,0.2816999852657318,0.43810001015663147,Square,0.0244
1508,0.2816999852657318,0.46389999985694885,Square,0.0244
1509,0.30750000476837164,0.3865000009536743,Square,0.0244
1510,0.30750000476837164,0.4122999906539917,Square,0.0244
1511,0.30750000476837164,0.43810001015663147,Square,0.0244
1512,0.30750000476837164,0.46389999985694885,Square,0.0244
1513,0.33329999446868896,0.3865000009536743,Square,0.0244
1514,0.33329999446868896,0.4122999906539917,Square,0.0244
1515,0.33329999446868896,0.43810001015663147,Square,0.0244
1516,0.33329999446868896,0.46389999985694885,Square,0.0244
1517,0.35910001397132874,0.3865000009536743,Square,0.0244
1518,0.35910001397132874,0.4122999906539917,Square,0.0244
1519,0.35910001397132874,0.43810001015663147,Square,0.0244
1520,0.35910001397132874,0.46389999985694885,Square,0.0244
1521,0.3865000009536743,0.3865000009536743,Square,0.0244
1522,0.3865000009536743,0.4122999906539917,Square,0.0244
1523,0.3865000009536743,0.43810001015663147,Square,0.0244
1524,0.3865000009536743,0.46389999985694885,Square,0.0244
1525,0.4122999906539917,0.3865000009536743,Square,0.0244
1526,0.4122999906539917,0.4122999906539917,Square,0.0244
1527,0.4122999906539917,0.43810001015663147,Square,0.0244
1528,0.4122999906539917,0.46389999985694885,Square,0.0244
1529,0.43810001015663147,0.3865000009536743,Square,0.0244
1530,0.43810001015663147,0.4122999906539917,Square,0.0244
1531,0.43810001015663147,0.43810001015663147,Square,0.0244
1532,0.43810001015663147,0.46389999985694885,Square,0.0244
1533,0.46389999985694885,0.3865000009536743,Square,0.0244
1534,0.46389999985694885,0.4122999906539917,Square,0.0244
1535,0.46389999985694885,0.43810001015663147,Square,0.0244
1536,0.46389999985694885,0.46389999985694885,Square,0.0244
1537,-0.25429999828338623,0.49729999899864197,Square,0.0244
1538,-0.25429999828338623,0.5231000185012817,Square,0.0244
1539,-0.25429999828338623,0.5489000082015991,Square,0.0244
1540,-0.25429999828338623,0.5746999979019165,Square,0.0244
1541,-0.22849999368190765,0.49729999899864197,Square,0.0244
1542,-0.22849999368190765,0.5231000185012817,Square,0.0244
1543,-0.22849999368190765,0.5489000082015991,Square,0.0244
1544,-0.22849999368190765,0.5746999979019165,Square,0.0244
1545,-0.20270000398159027,0.49729999899864197,Square,0.0244
1546,-0.20270000398159027,0.5231000185012817,Square,0.0244
1547,-0.20270000398159027,0.5489000082015991,Square,0.0244
1548,-0.20270000398159027,0.5746999979019165,Square,0.0244
1549,-0.1768999993801117,0.49729999899864197,Square,0.0244
1550,-0.1768999993801117,0.5231000185012817,Square,0.0244
1551,-0.1768999993801117,0.5489000082015991,Square,0.0244
1552,-0.1768999993801117,0.5746999979019165,Square,0.0244
1553,-0.14350000023841858,0.49729999899864197,Square,0.0244
1554,-0.14350000023841858,0.5231000185012817,Square,0.0244
1555,-0.14350000023841858,0.5489000082015991,Square,0.0244
1556,-0.14350000023841858,0.5746999979019165,Square,0.0244
1557,-0.1177000030875206,0.49729999899864197,Square,0.0244
1558,-0.1177000030875206,0.5231000185012817,Square,0.0244
1559,-0.1177000030875206,0.5489000082015991,Square,0.0244
1560,-0.1177000030875206,0.5746999979019165,Square,0.0244
1561,-0.09189999848604202,0.49729999899864197,Square,0.0244
1562,-0.09189999848604202,0.5231000185012817,Square,0.0244
1563,-0.09189999848604202,0.5489000082015991,Square,0.0244
1564,-0.09189999848604202,0.5746999979019165,Square,0.0244
1565,-0.06610000133514404,0.49729999899864197,Square,0.0244
1566,-0.06610000133514404,0.5231000185012817,Square,0.0244
1567,-0.06610000133514404,0.5489000082015991,Square,0.0244
1568,-0.06610000133514404,0.5746999979019165,Square,0.0244
1569,-0.03869999945163727,0.49729999899864197,Square,0.0244
1570,-0.03869999945163727,0.5231000185012817,Square,0.0244
1571,-0.03869999945163727,0.5489000082015991,Square,0.0244
1572,-0.03869999945163727,0.5746999979019165,Square,0.0244
1573,-0.012900000438094139,0.49729999899864197,Square,0.0244
1574,-0.012900000438094139,0.5231000185012817,Square,0.0244
1575,-0.012900000438094139,0.5489000082015991,Square,0.0244
1576,-0.012900000438094139,0.5746999979019165,Square,0.0244
1577,0.012900000438094139,0.49729999899864197,Square,0.0244
1578,0.012900000438094139,0.5231000185012817,Square,0.0244
1579,0.012900000438094139,0.5489000082015991,Square,0.0244
1580,0.012900000438094139,0.5746999979019165,Square,0.0244
1581,0.03869999945163727,0.49729999899864197,Square,0.0244
1582,0.03869999945163727,0.5231000185012817,Square,0.0244
1583,0.03869999945163727,0.5489000082015991,Square,0.0244
1584,0.03869999945163727,0.5746999979019165,Square,0.0244
1585,0.06610000133514404,0.49729999899864197,Square,0.0244
1586,0.06610000133514404,0.5231000185012817,Square,0.0244
1587,0.06610000133514404,0.5489000082015991,Square,0.0244
1588,0.06610000133514404,0.5746999979019165,Square,0.0244
1589,0.09189999848604202,0.49729999899864197,Square,0.0244
1590,0.09189999848604202,0.5231000185012817,Square,0.0244
1591,0.09189999848604202,0.5489000082015991,Square,0.0244
1592,0.09189999848604202,0.5746999979019165,Square,0.0244
1593,0.1177000030875206,0.49729999899864197,Square,0.0244
1594,0.1177000030875206,0.5231000185012817,Square,0.0244
1595,0.1177000030875206,0.5489000082015991,Square,0.0244
1596,0.1177000030875206,0.5746999979019165,Square,0.0244
1597,0.14350000023841858,0.49729999899864197,Square,0.0244
1598,0.14350000023841858,0.5231000185012817,Square,0.0244
1599,0.14350000023841858,0.5489000082015991,Square,0.0244
1600,0.14350000023841858,0.5746999979019165,Square,0.0244
1601,0.1768999993801117,0.49729999899864197,Square,0.0244
1602,0.1768999993801117,0.5231000185012817,Square,0.0244
1603,0.1768999993801117,0.5489000082015991,Square,0.0244
1604,0.1768999993801117,0.5746999979019165,Square,0.0244
1605,0.20270000398159027,0.49729999899864197,Square,0.0244
1606,0.20270000398159027,0.5231000185012817,Square,0.0244
1607,0.20270000398159027,0.5489000082015991,Square,0.0244
1608,0.20270000398159027,0.5746999979019165,Square,0.0244
1609,0.22849999368190765,0.49729999899864197,Square,0.0244
1610,0.22849999368190765,0.5231000185012817,Square,0.0244
1611,0.22849999368190765,0.5489000082015991,Square,0.0244
1612,0.22849999368190765,0.5746999979019165,Square,0.0244
1613,0.25429999828338623,0.49729999899864197,Square,0.0244
1614,0.25429999828338623,0.5231000185012817,Square,0.0244
1615,0.25429999828338623,0.5489000082015991,Square,0.0244
1616,0.25429999828338623,0.5746999979019165,Square,0.0244
