elevation_deg,id,cell_index,ring_index,center_x,center_y,center_z,normal_x,normal_y,normal_z,surface_type,radius_of_curvature,aperture_shape,size1,size2,aperture_rotation_rad
0,0,0,1,0.818034123,-0.001227148,-15.957686603,-0.05119547796951203,7.679927575612904e-05,0.9986886487476186,Spherical,16.0,Hexagon,0.8,0.0,0.0
0,1,1,1,0.409052384,0.706995095,-15.957478241,-0.02560038402757616,-0.04424701247498074,0.9986925564079665,Spherical,16.0,Hexagon,0.8,0.0,0.0
0,2,2,1,-0.40900164,0.706995771,-15.957479916,0.025597207587278736,-0.04424705366438681,0.9986926360025665,Spherical,16.0,Hexagon,0.8,0.0,0.0
0,3,3,1,-0.818031529,-0.00122604,-15.957687063,0.05119531458163382,7.672993164978486e-05,0.9986886571286394,Spherical,16.0,Hexagon,0.8,0.0,0.0
0,4,4,1,-0.408991703,-0.7095987850000001,-15.95786759,0.02559578105300347,0.044408566244650734,0.998685503667887,Spherical,16.0,Hexagon,0.8,0.0,0.0
0,5,5,1,0.40899388,-0.709599321,-15.957867539999999,-0.025595917248020766,0.0444085997070443,0.998685498689298,Spherical,16.0,Hexagon,0.8,0.0,0.0
0,6,0,2,1.633947686,-0.001325414,-15.830944782000001,-0.10266687104172434,8.328057832760915e-05,0.9947157918998005,Spherical,16.0,Hexagon,0.8,0.0,0.0
0,7,1,2,0.8170310510000001,1.413574336,-15.830572007,-0.05133863717492957,-0.0888227930468063,0.9947235071960374,Spherical,16.0,Hexagon,0.8,0.0,0.0
0,8,2,2,-0.816980045,1.4135759989999999,-15.830575874,0.05133542774429726,-0.08882288986384115,0.9947236641874697,Spherical,16.0,Hexagon,0.8,0.0,0.0
0,9,3,2,-1.633944978,-0.0013232250000000001,-15.830945626,0.1026666972671179,8.314303252004399e-05,0.9947158098469623,Spherical,16.0,Hexagon,0.8,0.0,0.0
0,10,4,2,-0.816981328,-1.416388839,-15.83135899,0.05133218891835062,0.08899388146766614,0.9947085479888919,Spherical,16.0,Hexagon,0.8,0.0,0.0
0,11,5,2,0.816983063,-1.416390129,-15.831359364,-0.0513322960736705,0.08899395930023277,0.9947085354956364,Spherical,16.0,Hexagon,0.8,0.0,0.0
0,12,0,3,1.222785811,0.704772503,-15.873808019,-0.07672898368684208,-0.0442239985119303,0.9960707309312934,Spherical,16.0,Hexagon,0.8,0.0,0.0
0,13,1,3,2.534e-05,1.410516561,-15.873620616,-1.5900938739588044e-06,-0.08851040811298914,0.9960752520031525,Spherical,16.0,Hexagon,0.8,0.0,0.0
0,14,2,3,-1.22275963,0.7045768570000001,-15.873819174,0.07672733867383154,-0.04421172060531682,0.9960714026921708,Spherical,16.0,Hexagon,0.8,0.0,0.0
0,15,3,3,-1.2228575720000001,-0.707199687,-15.874220472,0.0767309643512305,0.044374843984004333,0.9960638696043168,Spherical,16.0,Hexagon,0.8,0.0,0.0
0,16,4,3,9.860000000000002e-07,-1.4132841699999998,-15.874430313,-6.186776206338933e-08,0.08867822422612405,0.99606032575748,Spherical,16.0,Hexagon,0.8,0.0,0.0
0,17,5,3,1.222859783,-0.707201315,-15.874220283000001,-0.07673110282720068,0.04437494598722678,0.9960638543926551,Spherical,16.0,Hexagon,0.8,0.0,0.0
0,18,0,4,2.446002465,-0.0014179440000000002,-15.616436647,-0.15474334422632646,8.970448686030753e-05,0.9879547000600574,Spherical,16.0,Hexagon,0.8,0.0,0.0
0,19,1,4,1.224490365,2.1175184400000004,-15.61530128,-0.07747132649286381,-0.1339716237129553,0.9879523255760625,Spherical,16.0,Hexagon,0.8,0.0,0.0
0,20,2,4,-1.222948693,2.116671416,-15.615783222,0.07737259651029788,-0.13391597239753286,0.9879676075894784,Spherical,16.0,Hexagon,0.8,0.0,0.0
0,21,3,4,-2.445999777,-0.0014147450000000002,-15.61643763,0.15474316874079813,8.950210292915118e-05,0.9879547275646948,Spherical,16.0,Hexagon,0.8,0.0,0.0
0,22,4,4,-1.222987128,-2.1196376719999996,-15.617234269999999,0.07736605109296495,0.13408808046799855,0.9879447761968724,Spherical,16.0,Hexagon,0.8,0.0,0.0
0,23,5,4,1.222988786,-2.119707097,-15.617220814,-0.077366174851258,0.13409250499850756,0.9879441659790851,Spherical,16.0,Hexagon,0.8,0.0,0.0
0,24,0,5,2.036571398,0.703108675,-15.703575531,-0.1284847423120765,-0.04435824691135392,0.9907189394192234,Spherical,16.0,Hexagon,0.8,0.0,0.0
0,25,1,5,0.40826372400000005,2.114400577,-15.703191492,-0.025757702615412537,-0.13339931537059338,0.9907275929409823,Spherical,16.0,Hexagon,0.8,0.0,0.0
0,26,2,5,-1.628293528,1.41000521,-15.70340381,0.10272862204804376,-0.08895686791934256,0.9907237283229321,Spherical,16.0,Hexagon,0.8,0.0,0.0
0,27,3,5,-2.036626366,-0.705775832,-15.704108844999999,0.12848290931097198,0.044524677540430234,0.9907117113998952,Spherical,16.0,Hexagon,0.8,0.0,0.0
0,28,4,5,-0.408228749,-2.117346176,-15.704625649,0.025752550123750377,0.13356987635060055,0.9907047462760078,Spherical,16.0,Hexagon,0.8,0.0,0.0
0,29,5,5,1.6283950360000001,-1.412859535,-15.704340359,-0.10272729790489067,0.08913024121380073,0.9907082831824561,Spherical,16.0,Hexagon,0.8,0.0,0.0
0,30,0,6,1.628344593,1.4100026319999999,-15.703397027000001,-0.10273185476672236,-0.08895671483434138,0.9907234068609011,Spherical,16.0,Hexagon,0.8,0.0,0.0
0,31,1,6,-0.408213051,2.114401649,-15.703193859999999,0.025754503689384804,-0.1333993730399621,0.9907276683389126,Spherical,16.0,Hexagon,0.8,0.0,0.0
0,32,2,6,-2.036545748,0.702914191,-15.703588165,0.12848311925973113,-0.044345975493210975,0.9907196992706085,Spherical,16.0,Hexagon,0.8,0.0,0.0
0,33,3,6,-1.6283933529999999,-1.412857305,-15.704340112,0.10272719572713795,0.08913010399968518,0.9907083061219601,Spherical,16.0,Hexagon,0.8,0.0,0.0
0,34,4,6,0.40823023799999997,-2.1173468119999996,-15.704626082999999,-0.025752643156460992,0.1335699118101138,0.9907047390769332,Spherical,16.0,Hexagon,0.8,0.0,0.0
0,35,5,6,2.03662856,-0.7057784760000001,-15.704108506999999,-0.12848304719711398,0.044524844158168,0.9907116860296112,Spherical,16.0,Hexagon,0.8,0.0,0.0
0,36,0,8,2.849246689,0.7025658899999999,-15.441380706999999,-0.18127559642874133,-0.04469885013213848,0.9824159867063793,Spherical,16.0,Hexagon,0.8,0.0,0.0
0,37,1,8,0.8149138829999999,2.817874667,-15.440717141999999,-0.051849603514427064,-0.17928972285930087,0.9824290375861412,Spherical,16.0,Hexagon,0.8,0.0,0.0
0,38,2,8,-2.034301013,2.1138392859999997,-15.440941951000001,0.12943177479837834,-0.13449237289705288,0.9824251713515192,Spherical,16.0,Hexagon,0.8,0.0,0.0
0,39,3,8,-2.849357117,-0.705582158,-15.442038671999999,0.1812733781578047,0.04488846293954187,0.9824077505120686,Spherical,16.0,Hexagon,0.8,0.0,0.0
0,40,4,8,-0.814895614,-2.821161327,-15.442863745999999,0.0518395439974372,0.17946803765071467,0.9823970099404514,Spherical,16.0,Hexagon,0.8,0.0,0.0
0,41,5,8,2.034450867,-2.117016954,-15.442553695,-0.12942458919376465,0.13467715245995332,0.9824008043142594,Spherical,16.0,Hexagon,0.8,0.0,0.0
0,42,0,9,2.437783688,1.4060373130000001,-15.487350029,-0.15486883165500664,-0.08932349371278517,0.9838886921053394,Spherical,16.0,Hexagon,0.8,0.0,0.0
0,43,1,9,2.5298e-05,2.813289299,-15.48694741,-1.6072020339261013e-06,-0.1787305032608832,0.983898067485412,Spherical,16.0,Hexagon,0.8,0.0,0.0
0,44,2,9,-2.43775962,1.4058449210000001,-15.487373057,0.15486728547518824,-0.08931126142575976,0.9838900459259083,Spherical,16.0,Hexagon,0.8,0.0,0.0
0,45,3,9,-2.437920618,-1.408958999,-15.488515624,0.15486346932725073,0.08950097764200882,0.9838734069325444,Spherical,16.0,Hexagon,0.8,0.0,0.0
0,46,4,9,6.629999999999999e-07,-2.816535747,-15.489087735000002,-4.211373526670902e-08,0.17890621945809007,0.9838661314626151,Spherical,16.0,Hexagon,0.8,0.0,0.0
0,47,5,9,2.4379223229999996,-1.408962395,-15.488515931,-0.1548635690747291,0.08950118841893163,0.9838733720581301,Spherical,16.0,Hexagon,0.8,0.0,0.0
0,48,0,10,2.034351896,2.113835659,-15.440932797000002,-0.12943503605446005,-0.1344921669029521,0.9824247698848645,Spherical,16.0,Hexagon,0.8,0.0,0.0
0,49,1,10,-0.8148631980000001,2.8178771019999997,-15.440721795,0.051846370786549856,-0.17928985063983707,0.9824291848748227,Spherical,16.0,Hexagon,0.8,0.0,0.0
0,50,2,10,-2.8492300569999998,0.7024418530000001,-15.441385866,0.18127457851912956,-0.044690968538690284,0.982416533102831,Spherical,16.0,Hexagon,0.8,0.0,0.0
0,51,3,10,-2.03444964,-2.117013862,-15.442552604000001,0.1294245246971961,0.13467696986914054,0.9824008378425638,Spherical,16.0,Hexagon,0.8,0.0,0.0
0,52,4,10,0.814896686,-2.821162734,-15.442864927999999,-0.051839607347318115,0.1794681103825948,0.9823969933106353,Spherical,16.0,Hexagon,0.8,0.0,0.0
0,53,5,10,2.8528192519999998,-0.7080859460000001,-15.440475639999999,-0.1815028147607958,0.045050029791049565,0.9823579912891908,Spherical,16.0,Hexagon,0.8,0.0,0.0
10,0,0,1,0.818033713,-0.001263922,-15.957832505999999,-0.05119724418080751,8.429969687628668e-05,0.9986885576003421,Spherical,16.0,Hexagon,0.8,0.0,0.0
10,1,1,1,0.409049132,0.7069474889999999,-15.957618524999999,-0.025605080421629005,-0.04426396450292201,0.9986916848072211,Spherical,16.0,Hexagon,0.8,0.0,0.0
10,2,2,1,-0.408997979,0.7069479329999999,-15.957620171,0.025600991094806656,-0.044263289337036535,0.9986918195679934,Spherical,16.0,Hexagon,0.8,0.0,0.0
10,3,3,1,-0.8180305170000001,-0.001262842,-15.957832941,0.05119741302236377,8.360309476658747e-05,0.9986885490033116,Spherical,16.0,Hexagon,0.8,0.0,0.0
10,4,4,1,-0.408989738,-0.7096237110000001,-15.958000023,0.02559981418767529,0.044439561931121155,0.9986840215247897,Spherical,16.0,Hexagon,0.8,0.0,0.0
10,5,5,1,0.408992443,-0.709624231,-15.957999969000001,-0.025598947592757385,0.04443990586771824,0.9986840284337242,Spherical,16.0,Hexagon,0.8,0.0,0.0
10,6,0,2,1.63393155,-0.001360372,-15.831087505,-0.10270096433007429,9.283066680157057e-05,0.994712271618351,Spherical,16.0,Hexagon,0.8,0.0,0.0
10,7,1,2,0.8170246590000001,1.413532948,-15.830701531,-0.05134504812777607,-0.08881917676081978,0.9947234992058279,Spherical,16.0,Hexagon,0.8,0.0,0.0
10,8,2,2,-0.8169728589999999,1.413534157,-15.830705358000001,0.05134109384928266,-0.08881813251649555,0.9947237965478867,Spherical,16.0,Hexagon,0.8,0.0,0.0
10,9,3,2,-1.633928316,-0.001358208,-15.831088331,0.10270096336287572,9.149206231516232e-05,0.9947122718422348,Spherical,16.0,Hexagon,0.8,0.0,0.0
10,10,4,2,-0.81697609,-1.416415415,-15.831470649,0.05134188209429104,0.08901350701172898,0.9947062916823682,Spherical,16.0,Hexagon,0.8,0.0,0.0
10,11,5,2,0.816978297,-1.416416699,-15.831471016,-0.05134032201880202,0.08901416451885023,0.9947063133659185,Spherical,16.0,Hexagon,0.8,0.0,0.0
10,12,0,3,1.222787569,0.704727748,-15.873951675,-0.07672260851316058,-0.04423513169049032,0.9960707276430029,Spherical,16.0,Hexagon,0.8,0.0,0.0
10,13,1,3,2.5774e-05,1.410476402,-15.873756319,-1.8746040965020242e-06,-0.08850346081547467,0.9960758693092459,Spherical,16.0,Hexagon,0.8,0.0,0.0
10,14,2,3,-1.222757616,0.704533307,-15.873962013,0.07671936730213376,-0.04422099104609615,0.9960716051728717,Spherical,16.0,Hexagon,0.8,0.0,0.0
10,15,3,3,-1.222857518,-0.707227447,-15.874355317,0.07672904883981407,0.04439945771333373,0.9960629203112118,Spherical,16.0,Hexagon,0.8,0.0,0.0
10,16,4,3,1.2280000000000001e-06,-1.413313993,-15.87454845,7.861534287378488e-07,0.08869323490268925,0.9960589892581053,Spherical,16.0,Hexagon,0.8,0.0,0.0
10,17,5,3,1.222860246,-0.707229046,-15.874355129,-0.07672823055650821,0.04440048280491754,0.9960629376512096,Spherical,16.0,Hexagon,0.8,0.0,0.0
10,18,0,4,2.446015332,-0.001450109,-15.616592990000001,-0.15471597716034988,9.949204756633969e-05,0.9879589852380768,Spherical,16.0,Hexagon,0.8,0.0,0.0
10,19,1,4,1.2244937070000002,2.117476667,-15.615452712,-0.07745616837232396,-0.13397648710103408,0.9879528545862625,Spherical,16.0,Hexagon,0.8,0.0,0.0
10,20,2,4,-1.2229509109999999,2.116628957,-15.615934635,0.07735624991803178,-0.1339195975703985,0.9879683962481804,Spherical,16.0,Hexagon,0.8,0.0,0.0
10,21,3,4,-2.446012145,-0.0014469320000000002,-15.616594069000001,0.15471597535066525,9.754897083922861e-05,0.9879589857152424,Spherical,16.0,Hexagon,0.8,0.0,0.0
10,22,4,4,-1.222991924,-2.1196647509999997,-15.617359251,0.07735507003139312,0.134116004189436,0.9879418457382486,Spherical,16.0,Hexagon,0.8,0.0,0.0
10,23,5,4,1.222993754,-2.119729831,-15.617337055,-0.07735289751187056,0.13412129245445092,0.9879412979306339,Spherical,16.0,Hexagon,0.8,0.0,0.0
10,24,0,5,2.036583619,0.703081556,-15.703737107,-0.128457790662908,-0.04433427246223312,0.9907235074950271,Spherical,16.0,Hexagon,0.8,0.0,0.0
10,25,1,5,0.40826206000000004,2.1143625950000002,-15.703340161,-0.025760582283117155,-0.1333896951929895,0.990728813357498,Spherical,16.0,Hexagon,0.8,0.0,0.0
10,26,2,5,-1.628302772,1.409970684,-15.703564098000001,0.10269466508583942,-0.08894636090964363,0.9907281921111555,Spherical,16.0,Hexagon,0.8,0.0,0.0
10,27,3,5,-2.036636816,-0.7058156830000001,-15.704258543,0.1284597325766451,0.044517151211027235,0.9907150550760755,Spherical,16.0,Hexagon,0.8,0.0,0.0
10,28,4,5,-0.408227125,-2.117375079,-15.704740842,0.025757150915374477,0.1335839779075466,0.9907027253536344,Spherical,16.0,Hexagon,0.8,0.0,0.0
10,29,5,5,1.628407494,-1.412892094,-15.704478145,-0.10269903435639438,0.08914149468747308,0.9907102009503826,Spherical,16.0,Hexagon,0.8,0.0,0.0
10,30,0,6,1.628354566,1.409968965,-15.703557264,-0.10269868559316811,-0.08894855890552325,0.9907275780183301,Spherical,16.0,Hexagon,0.8,0.0,0.0
10,31,1,6,-0.40821008999999997,2.114363435,-15.703342476,0.025756596645776002,-0.13338932581772484,0.9907289667144692,Spherical,16.0,Hexagon,0.8,0.0,0.0
10,32,2,6,-2.036552065,0.7028880719999999,-15.703749467,0.12845398951079579,-0.044318947788790364,0.9907246859979087,Spherical,16.0,Hexagon,0.8,0.0,0.0
10,33,3,6,-1.628405361,-1.412889869,-15.704477922,0.1027005463867153,0.0891401883066235,0.9907101617529366,Spherical,16.0,Hexagon,0.8,0.0,0.0
10,34,4,6,0.408229055,-2.117375713,-15.704741285,-0.025754845213065404,0.13358430273946836,0.9907027414969947,Spherical,16.0,Hexagon,0.8,0.0,0.0
10,35,5,6,2.036639482,-0.70581831,-15.704258149,-0.12845898676529507,0.04451877548528445,0.9907150787933556,Spherical,16.0,Hexagon,0.8,0.0,0.0
10,36,0,8,2.849262167,0.70254355,-15.44157059,-0.18125755235189725,-0.04467689071747429,0.9824203149117072,Spherical,16.0,Hexagon,0.8,0.0,0.0
10,37,1,8,0.8149122710000001,2.817830892,-15.440869828999999,-0.05185077829250534,-0.17928776876687627,0.9824293321970067,Spherical,16.0,Hexagon,0.8,0.0,0.0
10,38,2,8,-2.034311625,2.113798886,-15.441118252,0.12940016379717645,-0.13449514897297615,0.9824289554527599,Spherical,16.0,Hexagon,0.8,0.0,0.0
10,39,3,8,-2.8493701430000002,-0.7056196,-15.442214186,0.18125910111315643,0.04488534558959848,0.9824105272313367,Spherical,16.0,Hexagon,0.8,0.0,0.0
10,40,4,8,-0.8148944840000001,-2.821179017,-15.442965531,0.0518429113337213,0.1794910355608282,0.9823926306206421,Spherical,16.0,Hexagon,0.8,0.0,0.0
10,41,5,8,2.034465358,-2.117038552,-15.442690668,-0.12939804541499542,0.13470385930932624,0.9824006393167464,Spherical,16.0,Hexagon,0.8,0.0,0.0
10,42,0,9,2.4378033770000003,1.4060071459999999,-15.48754154,-0.15484071310075903,-0.08931741290341229,0.9838936697218301,Spherical,16.0,Hexagon,0.8,0.0,0.0
10,43,1,9,2.6165e-05,2.8132463899999998,-15.487102329,-2.3941172533250776e-06,-0.17872879947783815,0.9838983769838625,Spherical,16.0,Hexagon,0.8,0.0,0.0
10,44,2,9,-2.437772074,1.405814073,-15.487564757,0.15483711069006434,-0.0893013172055182,0.9838956976725287,Spherical,16.0,Hexagon,0.8,0.0,0.0
10,45,3,9,-2.437937266,-1.408990237,-15.488680216999999,0.15484095563609448,0.08951247198933178,0.9838759046831363,Spherical,16.0,Hexagon,0.8,0.0,0.0
10,46,4,9,8.66e-07,-2.816555573,-15.489192482,1.4903781706611937e-06,0.1789300540478406,0.9838617970813867,Spherical,16.0,Hexagon,0.8,0.0,0.0
10,47,5,9,2.437939391,-1.408993618,-15.488680438,-0.15483948820818902,0.08951440043629406,0.983875960172804,Spherical,16.0,Hexagon,0.8,0.0,0.0
10,48,0,10,2.03436365,2.113796338,-15.44110893,-0.1294044264030475,-0.13449705087738473,0.9824281336222942,Spherical,16.0,Hexagon,0.8,0.0,0.0
10,49,1,10,-0.814859881,2.817832886,-15.440874465999999,0.051845872200361576,-0.17928736756058436,0.9824296643368315,Spherical,16.0,Hexagon,0.8,0.0,0.0
10,50,2,10,-2.849238425,0.702418471,-15.441585068999998,0.18125393431896394,-0.0446643908789758,0.9824215508025599,Spherical,16.0,Hexagon,0.8,0.0,0.0
10,51,3,10,-2.034463738,-2.1170354710000003,-15.442689616,0.1294002472834645,0.13470223469541487,0.9824005720534977,Spherical,16.0,Hexagon,0.8,0.0,0.0
10,52,4,10,0.814895952,-2.821180422,-15.442966731,-0.05183992905565227,0.17949169357443912,0.9823926677725585,Spherical,16.0,Hexagon,0.8,0.0,0.0
10,53,5,10,2.852832725,-0.7081233650000001,-15.440651018999999,-0.181487664683871,0.045048916035773615,0.9823608414078793,Spherical,16.0,Hexagon,0.8,0.0,0.0
20,0,0,1,0.818029949,-0.0012807689999999997,-15.957976987,-0.0512034501011561,9.152958630265845e-05,0.9986882388013154,Spherical,16.0,Hexagon,0.8,0.0,0.0
20,1,1,1,0.409043606,0.7069273129999999,-15.957756882,-0.02561209146858682,-0.0442813725657618,0.9986907333175256,Spherical,16.0,Hexagon,0.8,0.0,0.0
20,2,2,1,-0.408993603,0.706927514,-15.957758465,0.02560800261000651,-0.04427941037147786,0.9986909251712865,Spherical,16.0,Hexagon,0.8,0.0,0.0
20,3,3,1,-0.818026213,-0.0012797610000000001,-15.957977392999998,0.05120524812564019,9.019881076732304e-05,0.9986881467347885,Spherical,16.0,Hexagon,0.8,0.0,0.0
20,4,4,1,-0.408987204,-0.709631785,-15.958137868,0.02560560152900079,0.04446530276107805,0.9986827274068095,Spherical,16.0,Hexagon,0.8,0.0,0.0
20,5,5,1,0.408990424,-0.7096322660000001,-15.958137811999999,-0.02560243576403205,0.04446596934961534,0.9986827788906484,Spherical,16.0,Hexagon,0.8,0.0,0.0
20,6,0,2,1.633913032,-0.001374193,-15.831224795,-0.10273576763648298,0.0001070570135023086,0.994708676239902,Spherical,16.0,Hexagon,0.8,0.0,0.0
20,7,1,2,0.817016173,1.413519315,-15.830826845,-0.0513524161464413,-0.08881470670948179,0.9947235179827767,Spherical,16.0,Hexagon,0.8,0.0,0.0
20,8,2,2,-0.8169651619999999,1.413520029,-15.830830556,0.05134965900354712,-0.08881140269864488,0.9947239553116828,Spherical,16.0,Hexagon,0.8,0.0,0.0
20,9,3,2,-1.633909308,-0.001372163,-15.831225581,0.10273725828976162,0.00010447862602348472,0.9947085225548836,Spherical,16.0,Hexagon,0.8,0.0,0.0
20,10,4,2,-0.816970554,-1.4164236510000001,-15.831592984,0.051353259194522397,0.08903327884247983,0.9947039348613523,Spherical,16.0,Hexagon,0.8,0.0,0.0
20,11,5,2,0.816973261,-1.416424865,-15.831593331,-0.05134875766290827,0.08903455807872587,0.9947040527484553,Spherical,16.0,Hexagon,0.8,0.0,0.0
20,12,0,3,1.222787578,0.704703494,-15.87409066,-0.07671741641229943,-0.044244473163644826,0.9960707126572356,Spherical,16.0,Hexagon,0.8,0.0,0.0
20,13,1,3,2.5404e-05,1.410463781,-15.873888847,-1.214028489584468e-06,-0.0884964675837033,0.9960764906490529,Spherical,16.0,Hexagon,0.8,0.0,0.0
20,14,2,3,-1.2227547380000001,0.704516144,-15.874099890000002,0.0767137320174153,-0.04422998448626916,0.9960716398895736,Spherical,16.0,Hexagon,0.8,0.0,0.0
20,15,3,3,-1.222853599,-0.707239462,-15.874491973,0.07673505981657221,0.04441609574065649,0.9960617154745502,Spherical,16.0,Hexagon,0.8,0.0,0.0
20,16,4,3,1.475e-06,-1.413325409,-15.874677179,2.2558248650005255e-06,0.08870811567418178,0.9960576640980416,Spherical,16.0,Hexagon,0.8,0.0,0.0
20,17,5,3,1.222856833,-0.707240954,-15.874491791999999,-0.07673199338709476,0.04441806514671014,0.9960618638816896,Spherical,16.0,Hexagon,0.8,0.0,0.0
20,18,0,4,2.446027688,-0.0014617130000000001,-15.616744755,-0.15468587428348568,0.00011165801628161026,0.9879636976274183,Spherical,16.0,Hexagon,0.8,0.0,0.0
20,19,1,4,1.2244937230000001,2.117462084,-15.615596835,-0.07744444113714359,-0.13398015730847493,0.9879532762153035,Spherical,16.0,Hexagon,0.8,0.0,0.0
20,20,2,4,-1.2229513870000002,2.1166136109999996,-15.616078611999999,0.07734631652681803,-0.1339203620690557,0.987969070337238,Spherical,16.0,Hexagon,0.8,0.0,0.0
20,21,3,4,-2.446024027,-0.001458722,-15.616745863,0.15468730976906084,0.00010792359082972345,0.9879634732867958,Spherical,16.0,Hexagon,0.8,0.0,0.0
20,22,4,4,-1.222994623,-2.11967319,-15.617492526,0.07735068889435977,0.13414518895054953,0.9879382264134683,Spherical,16.0,Hexagon,0.8,0.0,0.0
20,23,5,4,1.222996289,-2.1197330219999997,-15.617462255,-0.07734494401699431,0.13415138889221676,0.9879378343262785,Spherical,16.0,Hexagon,0.8,0.0,0.0
20,24,0,5,2.036594867,0.7030742249999999,-15.70389286,-0.12842906002335985,-0.044309569035677086,0.9907283374535063,Spherical,16.0,Hexagon,0.8,0.0,0.0
20,25,1,5,0.408258779,2.114352089,-15.703484241,-0.025763521160969367,-0.13337993457721958,0.9907300510379025,Spherical,16.0,Hexagon,0.8,0.0,0.0
20,26,2,5,-1.628311487,1.409961675,-15.703716972,0.1026624024031012,-0.08893685790371517,0.9907323889118788,Spherical,16.0,Hexagon,0.8,0.0,0.0
20,27,3,5,-2.036644794,-0.7058371130000001,-15.704405872999999,0.1284400452196548,0.04450696191016167,0.9907180654078638,Spherical,16.0,Hexagon,0.8,0.0,0.0
20,28,4,5,-0.408225078,-2.1173849540000003,-15.704867221,0.02576309360603991,0.133600142963902,0.9907003910405363,Spherical,16.0,Hexagon,0.8,0.0,0.0
20,29,5,5,1.628416598,-1.412906471,-15.704619813999999,-0.10267711570272348,0.08915026619240521,0.9907116835632821,Spherical,16.0,Hexagon,0.8,0.0,0.0
20,30,0,6,1.628362455,1.4099609020000001,-15.703710275,-0.10266524889221817,-0.08894364571366904,0.9907314845895734,Spherical,16.0,Hexagon,0.8,0.0,0.0
20,31,1,6,-0.408207152,2.114352672,-15.703486474,0.025761638568498092,-0.1333785792592022,0.990730282454848,Spherical,16.0,Hexagon,0.8,0.0,0.0
20,32,2,6,-2.036558326,0.702887567,-15.703904561,0.12842423898392116,-0.04429213272586569,0.9907297420689435,Spherical,16.0,Hexagon,0.8,0.0,0.0
20,33,3,6,-1.6284139720000002,-1.4129043650000002,-15.704619609,0.10268151536831042,0.08914776222719534,0.9907114528920874,Spherical,16.0,Hexagon,0.8,0.0,0.0
20,34,4,6,0.4082275,-2.117385552,-15.704867650999999,-0.025757208379802606,0.1336007680839871,0.9907004597676575,Spherical,16.0,Hexagon,0.8,0.0,0.0
20,35,5,6,2.03664794,-0.705839588,-15.704405458,-0.12843712675807906,0.04451008330305982,0.9907183035325853,Spherical,16.0,Hexagon,0.8,0.0,0.0
20,36,0,8,2.849278952,0.702541831,-15.441756854,-0.1812342950804322,-0.04465263262335237,0.9824257084820728,Spherical,16.0,Hexagon,0.8,0.0,0.0
20,37,1,8,0.814908725,2.817817187,-15.441018053999999,-0.05185224161089151,-0.17928101106819308,0.9824304881823916,Spherical,16.0,Hexagon,0.8,0.0,0.0
20,38,2,8,-2.034322867,2.1137851569999997,-15.441286453,0.12936847356204098,-0.13449581797123797,0.9824330374109347,Spherical,16.0,Hexagon,0.8,0.0,0.0
20,39,3,8,-2.849381239,-0.7056364610000001,-15.442386114,0.18124650756067953,0.044884626936146275,0.9824128835483884,Spherical,16.0,Hexagon,0.8,0.0,0.0
20,40,4,8,-0.814892186,-2.821177372,-15.443077923,0.05184888653342793,0.17951687532949073,0.9823875937923787,Spherical,16.0,Hexagon,0.8,0.0,0.0
20,41,5,8,2.034476103,-2.117040841,-15.44283117,-0.12937732061244017,0.13473055297814912,0.9823997083699425,Spherical,16.0,Hexagon,0.8,0.0,0.0
20,42,0,9,2.437823565,1.405996977,-15.487727162999999,-0.1548082296619366,-0.08931031927263074,0.9838994251956639,Spherical,16.0,Hexagon,0.8,0.0,0.0
20,43,1,9,2.62e-05,2.8132334,-15.487253944,-1.2266364136803668e-06,-0.17872230273745962,0.9838995571209062,Spherical,16.0,Hexagon,0.8,0.0,0.0
20,44,2,9,-2.4377859560000004,1.405809029,-15.487749848,0.1548041675836484,-0.08929095824311585,0.9839018215628832,Spherical,16.0,Hexagon,0.8,0.0,0.0
20,45,3,9,-2.437950476,-1.409002211,-15.488843619999999,0.1548238705525523,0.08952328237678248,0.983877609776548,Spherical,16.0,Hexagon,0.8,0.0,0.0
20,46,4,9,1.111e-06,-2.8165561039999996,-15.489308626,3.580081681763446e-06,0.17895675212697681,0.9838569412548486,Spherical,16.0,Hexagon,0.8,0.0,0.0
20,47,5,9,2.437953071,-1.409005402,-15.488843786,-0.15481960963674016,0.08952698466891099,0.9838779433893311,Spherical,16.0,Hexagon,0.8,0.0,0.0
20,48,0,10,2.034374452,2.1137838099999997,-15.441277232000001,-0.12937078548696762,-0.13450264236445503,0.9824317986809388,Spherical,16.0,Hexagon,0.8,0.0,0.0
20,49,1,10,-0.8148562819999999,2.8178186679999997,-15.441022582,0.051849597287446876,-0.17927894164178432,0.9824310053866028,Spherical,16.0,Hexagon,0.8,0.0,0.0
20,50,2,10,-2.849248593,0.702420434,-15.441780146,0.18122921544892126,-0.044635839701588166,0.9824274086577097,Spherical,16.0,Hexagon,0.8,0.0,0.0
20,51,3,10,-2.034474006,-2.117037924,-15.442830165,0.1293829900148424,0.13472744382295185,0.982399388118576,Spherical,16.0,Hexagon,0.8,0.0,0.0
20,52,4,10,0.814894146,-2.8211787079999997,-15.443079099999999,-0.05184172558489799,0.17951813488480783,0.982387741543969,Spherical,16.0,Hexagon,0.8,0.0,0.0
20,53,5,10,2.8528442839999997,-0.7081400080000001,-15.440822883,-0.1814729741792053,0.04505025918789136,0.9823634937179094,Spherical,16.0,Hexagon,0.8,0.0,0.0
30,0,0,1,0.81802438,-0.001277215,-15.958120245999998,-0.05121173868452875,9.947386054105699e-05,0.9986878130456277,Spherical,16.0,Hexagon,0.8,0.0,0.0
30,1,1,1,0.40903645699999996,0.706934309,-15.957893269,-0.025620330462762683,-0.04429877921843021,0.9986897500358837,Spherical,16.0,Hexagon,0.8,0.0,0.0
30,2,2,1,-0.408989124,0.7069342679999999,-15.957894756,0.025617154043367563,-0.04429501627344446,0.9986899984239621,Spherical,16.0,Hexagon,0.8,0.0,0.0
30,3,3,1,-0.8180201970000001,-0.0012763090000000002,-15.958120623,0.051216407519102315,9.751985813752958e-05,0.9986875738141106,Spherical,16.0,Hexagon,0.8,0.0,0.0
30,4,4,1,-0.408984669,-0.709621985,-15.958279429000001,0.025612082929493775,0.04448741479796197,0.9986815764459694,Spherical,16.0,Hexagon,0.8,0.0,0.0
30,5,5,1,0.408988338,-0.7096224120000001,-15.958279373,-0.025605401538732978,0.04448840162302149,0.9986817038141177,Spherical,16.0,Hexagon,0.8,0.0,0.0
30,6,0,2,1.633893879,-0.001366308,-15.831358772,-0.10276930597215313,0.00012686481633393106,0.9947052094240386,Spherical,16.0,Hexagon,0.8,0.0,0.0
30,7,1,2,0.817006205,1.413533216,-15.830948629,-0.05135996285642878,-0.08880922259553808,0.9947236179951505,Spherical,16.0,Hexagon,0.8,0.0,0.0
30,8,2,2,-0.816957527,1.41353342,-15.830952146000001,0.051360311764083434,-0.08880260744178071,0.9947241905608998,Spherical,16.0,Hexagon,0.8,0.0,0.0
30,9,3,2,-1.633889743,-0.001364484,-15.831359512,0.10277353494761413,0.0001230458617348287,0.9947047729724068,Spherical,16.0,Hexagon,0.8,0.0,0.0
30,10,4,2,-0.816965354,-1.416412626,-15.831723522,0.0513651254488794,0.08905426876905286,0.9947014431987269,Spherical,16.0,Hexagon,0.8,0.0,0.0
30,11,5,2,0.816968518,-1.416413724,-15.831723831000001,-0.051356525209204945,0.08905618850386889,0.9947017153939163,Spherical,16.0,Hexagon,0.8,0.0,0.0
30,12,0,3,1.222787002,0.704699588,-15.874226281,-0.07671180305008374,-0.04425248399652882,0.996070789117391,Spherical,16.0,Hexagon,0.8,0.0,0.0
30,13,1,3,2.4254000000000002e-05,1.410478465,-15.874018411,3.745959940835706e-07,-0.08848911336689269,0.9960771440081341,Spherical,16.0,Hexagon,0.8,0.0,0.0
30,14,2,3,-1.222752255,0.7045250139999999,-15.874234149,0.07670882251168659,-0.044239185241643275,0.996071609392631,Spherical,16.0,Hexagon,0.8,0.0,0.0
30,15,3,3,-1.222847098,-0.707234468,-15.874630121000001,0.07674697946915468,0.044427164326021715,0.9960603035019063,Spherical,16.0,Hexagon,0.8,0.0,0.0
30,16,4,3,1.699e-06,-1.413317444,-15.874813508999999,4.299788276428922e-06,0.08872396369201739,0.9960562525521786,Spherical,16.0,Hexagon,0.8,0.0,0.0
30,17,5,3,1.2228507750000002,-0.707235798,-15.874629939,-0.07674045012547027,0.04443007104015066,0.9960606769177806,Spherical,16.0,Hexagon,0.8,0.0,0.0
30,18,0,4,2.446039136,-0.001452126,-15.616893002000001,-0.1546553374367438,0.00012697672022130463,0.9879684764602763,Spherical,16.0,Hexagon,0.8,0.0,0.0
30,19,1,4,1.224491338,2.117475141,-15.615735158000001,-0.07743453427003402,-0.13398188565306937,0.9879538183636069,Spherical,16.0,Hexagon,0.8,0.0,0.0
30,20,2,4,-1.222951012,2.1166258669999998,-15.616216655,0.0773411277298825,-0.13391759972165407,0.9879698509804137,Spherical,16.0,Hexagon,0.8,0.0,0.0
30,21,3,4,-2.446035074,-0.001449434,-15.616894105000002,0.15465942146592845,0.0001214495870657643,0.9879678378377619,Spherical,16.0,Hexagon,0.8,0.0,0.0
30,22,4,4,-1.222995998,-2.119662193,-15.617631207999999,0.07735092349179232,0.134176362942537,0.9879339746473341,Spherical,16.0,Hexagon,0.8,0.0,0.0
30,23,5,4,1.2229972279999999,-2.119715943,-15.617593762999999,-0.07734049564850935,0.13418348610083414,0.9879338235887413,Spherical,16.0,Hexagon,0.8,0.0,0.0
30,24,0,5,2.036605324,0.703086696,-15.704044368,-0.12839955858020394,-0.044284775948279946,0.9907332698439167,Spherical,16.0,Hexagon,0.8,0.0,0.0
30,25,1,5,0.40825424,2.114369064,-15.703624328,-0.0257659955504406,-0.1333694294838986,0.9907314009116872,Spherical,16.0,Hexagon,0.8,0.0,0.0
30,26,2,5,-1.628320195,1.4099782889999999,-15.703863829,0.10263170691805686,-0.08892823464125528,0.9907363432410642,Spherical,16.0,Hexagon,0.8,0.0,0.0
30,27,3,5,-2.036650629,-0.7058389100000001,-15.704551090999999,0.12842445641540903,0.044496423124458014,0.9907205596552117,Spherical,16.0,Hexagon,0.8,0.0,0.0
30,28,4,5,-0.408222958,-2.1173747720000002,-15.705001103999999,0.025769685519142,0.13361911722465356,0.990697660651497,Spherical,16.0,Hexagon,0.8,0.0,0.0
30,29,5,5,1.628422847,-1.412901719,-15.704763968,-0.10266103735841528,0.08915797242967305,0.9907126563038972,Spherical,16.0,Hexagon,0.8,0.0,0.0
30,30,0,6,1.628368813,1.409978495,-15.703857456,-0.1026314665122399,-0.08894170390527878,0.9907351590551193,Spherical,16.0,Hexagon,0.8,0.0,0.0
30,31,1,6,-0.408204552,2.114369379,-15.703626446,0.025769056510731615,-0.13336655076709322,0.9907317088208265,Spherical,16.0,Hexagon,0.8,0.0,0.0
30,32,2,6,-2.036564874,0.702912518,-15.704055062,0.128394885829765,-0.044266231998407256,0.9907347041450728,Spherical,16.0,Hexagon,0.8,0.0,0.0
30,33,3,6,-1.6284197630000001,-1.412899815,-15.704763800999999,0.10266947793958435,0.08915427188928118,0.9907121146445648,Spherical,16.0,Hexagon,0.8,0.0,0.0
30,34,4,6,0.408225845,-2.117375312,-15.705001503,-0.025759147902491692,0.1336200462760717,0.9906978093911978,Spherical,16.0,Hexagon,0.8,0.0,0.0
30,35,5,6,2.036654201,-0.705841136,-15.704550659999999,-0.12841818083636558,0.04450104261976739,0.990721165634626,Spherical,16.0,Hexagon,0.8,0.0,0.0
30,36,0,8,2.8492963700000002,0.702561152,-15.441939441999999,-0.18120768696785639,-0.044625862969574596,0.9824318330235335,Spherical,16.0,Hexagon,0.8,0.0,0.0
30,37,1,8,0.814903814,2.817833599,-15.441163127999998,-0.051853125897572065,-0.17926943349976995,0.9824325541976519,Spherical,16.0,Hexagon,0.8,0.0,0.0
30,38,2,8,-2.034334995,2.113798764,-15.441448246,0.12933708394334598,-0.13449374357019334,0.9824374543234327,Spherical,16.0,Hexagon,0.8,0.0,0.0
30,39,3,8,-2.849389949,-0.705631669,-15.442553326999999,0.18123705294071324,0.044887506970747885,0.9824144962078463,Spherical,16.0,Hexagon,0.8,0.0,0.0
30,40,4,8,-0.814889281,-2.8211551019999996,-15.443196974000001,0.051856373688131056,0.179546582939497,0.982381769508508,Spherical,16.0,Hexagon,0.8,0.0,0.0
30,41,5,8,2.034483368,-2.117023041,-15.442973052,-0.12936234073965727,0.13475791879054785,0.9823979275841317,Spherical,16.0,Hexagon,0.8,0.0,0.0
30,42,0,9,2.437843946,1.406007365,-15.487907718,-0.15477262182089668,-0.08930169703638983,0.9839058097404988,Spherical,16.0,Hexagon,0.8,0.0,0.0
30,43,1,9,2.5426e-05,2.813250294,-15.487403038,1.867685867792669e-06,-0.17871087802265687,0.9839016323153869,Spherical,16.0,Hexagon,0.8,0.0,0.0
30,44,2,9,-2.437801148,1.40583023,-15.487929179,0.1547696990894827,-0.08927976996445192,0.9839082594016809,Spherical,16.0,Hexagon,0.8,0.0,0.0
30,45,3,9,-2.437960204,-1.4089939770000002,-15.489004273,0.15481286986230053,0.0895344598684453,0.9838783236869608,Spherical,16.0,Hexagon,0.8,0.0,0.0
30,46,4,9,1.35e-06,-2.816536026,-15.489431669,6.159678157460687e-06,0.17898719521113707,0.98385140336969,Spherical,16.0,Hexagon,0.8,0.0,0.0
30,47,5,9,2.437963238,-1.408996854,-15.489004370999998,-0.15480469996043358,0.08953993220426487,0.9838791111772909,Spherical,16.0,Hexagon,0.8,0.0,0.0
30,48,0,10,2.034384589,2.113798671,-15.441439396000002,-0.1293345562697409,-0.1345081499654171,0.9824358147723392,Spherical,16.0,Hexagon,0.8,0.0,0.0
30,49,1,10,-0.814852927,2.817834523,-15.441167447999998,0.05185661366759697,-0.17926461336197613,0.9824332496486012,Spherical,16.0,Hexagon,0.8,0.0,0.0
30,50,2,10,-2.8492601919999996,0.702448029,-15.441970798999998,0.18120230310384988,-0.044605249087733195,0.9824337621965573,Spherical,16.0,Hexagon,0.8,0.0,0.0
30,51,3,10,-2.034480807,-2.1170204009999996,-15.44297214,0.12937255076449525,0.13475332829670553,0.9823972127513639,Spherical,16.0,Hexagon,0.8,0.0,0.0
30,52,4,10,0.8148917259999999,-2.821156318,-15.443198081999999,-0.05184404842482471,0.17954844760556882,0.9823820792366659,Spherical,16.0,Hexagon,0.8,0.0,0.0
30,53,5,10,2.8528534100000003,-0.708134857,-15.440990054,-0.18146028086867633,0.045055207390473216,0.982365611549011,Spherical,16.0,Hexagon,0.8,0.0,0.0
40,0,0,1,0.818019195,-0.001246392,-15.958259442,-0.05121883309979827,0.00011163246302355215,0.9986874479405897,Spherical,16.0,Hexagon,0.8,0.0,0.0
40,1,1,1,0.409028546,0.706974076,-15.958025929,-0.025628329167124386,-0.04431367157881187,0.9986888841152216,Spherical,16.0,Hexagon,0.8,0.0,0.0
40,2,2,1,-0.408985364,0.7069737889999999,-15.958027289,0.025626951652945082,-0.04430764060575119,0.9986891870511712,Spherical,16.0,Hexagon,0.8,0.0,0.0
40,3,3,1,-0.8180146939999999,-0.0012456370000000002,-15.958259793,0.05122752245694106,0.0001090793530895922,0.9986870025411456,Spherical,16.0,Hexagon,0.8,0.0,0.0
40,4,4,1,-0.408982879,-0.709586466,-15.958417463,0.02561782497050934,0.04451072725009996,0.998680390416998,Spherical,16.0,Hexagon,0.8,0.0,0.0
40,5,5,1,0.408986927,-0.709586818,-15.958417405,-0.025606518583700492,0.04451202486230522,0.9986806225459068,Spherical,16.0,Hexagon,0.8,0.0,0.0
40,6,0,2,1.6338760159999999,-0.0013295160000000002,-15.831489108,-0.10279993021822732,0.000155274602508595,0.9947020409333267,Spherical,16.0,Hexagon,0.8,0.0,0.0
40,7,1,2,0.8169956079999999,1.413580962,-15.831067654,-0.051366427545945934,-0.0887998045567219,0.994724124987353,Spherical,16.0,Hexagon,0.8,0.0,0.0
40,8,2,2,-0.816950796,1.413580617,-15.831070883,0.05137169786174955,-0.08878896037434342,0.9947248208295822,Spherical,16.0,Hexagon,0.8,0.0,0.0
40,9,3,2,-1.633871592,-0.0013280210000000002,-15.831489808,0.1028080389401789,0.0001502337687467041,0.9947012036582088,Spherical,16.0,Hexagon,0.8,0.0,0.0
40,10,4,2,-0.816961139,-1.416374353,-15.831852043000001,0.05137623195996654,0.08908041589311551,0.9946985283461042,Spherical,16.0,Hexagon,0.8,0.0,0.0
40,11,5,2,0.8169647179999999,-1.416375267,-15.831852288,-0.05136253356162219,0.08908298644109004,0.9946990055654362,Spherical,16.0,Hexagon,0.8,0.0,0.0
40,12,0,3,1.2227873690000002,0.704722267,-15.874358637000002,-0.07670360474914731,-0.044257668980803494,0.9960711901038359,Spherical,16.0,Hexagon,0.8,0.0,0.0
40,13,1,3,2.2331e-05,1.410526551,-15.874145101999998,2.8616584610111394e-06,-0.0884783362800957,0.9960781013559716,Spherical,16.0,Hexagon,0.8,0.0,0.0
40,14,2,3,-1.222751798,0.7045657249999999,-15.874364926,0.07670245281892125,-0.04424707765442118,0.9960717493487127,Spherical,16.0,Hexagon,0.8,0.0,0.0
40,15,3,3,-1.222839765,-0.707204067,-15.874764508,0.07676207437490702,0.044438682108276624,0.9960586265226262,Spherical,16.0,Hexagon,0.8,0.0,0.0
40,16,4,3,1.903e-06,-1.413282218,-15.874946695999999,6.856027781700121e-06,0.08874460089716478,0.9960544140580863,Spherical,16.0,Hexagon,0.8,0.0,0.0
40,17,5,3,1.222843799,-0.707205148,-15.874764309,-0.07675100748722655,0.044442516670119295,0.9960593082551469,Spherical,16.0,Hexagon,0.8,0.0,0.0
40,18,0,4,2.4460494699999997,-0.001413285,-15.617036097,-0.15462679577168761,0.00014873348893762757,0.9879729408783067,Spherical,16.0,Hexagon,0.8,0.0,0.0
40,19,1,4,1.224487941,2.117523506,-15.615871867,-0.07742399027851583,-0.1339784059601323,0.9879551166251098,Spherical,16.0,Hexagon,0.8,0.0,0.0
40,20,2,4,-1.222951212,2.116673364,-15.616352919999999,0.07733805207415297,-0.1339082122400805,0.9879713641579098,Spherical,16.0,Hexagon,0.8,0.0,0.0
40,21,3,4,-2.446045128,-0.001411084,-15.617037191000001,0.15463462308717632,0.00014144284889288777,0.9879717168707853,Spherical,16.0,Hexagon,0.8,0.0,0.0
40,22,4,4,-1.2229971089999998,-2.1196238210000002,-15.617763254,0.07735290644193779,0.134212655973777,0.987928889567184,Spherical,16.0,Hexagon,0.8,0.0,0.0
40,23,5,4,1.222997863,-2.119670488,-15.617719721,-0.0773368774002997,0.1342207282635753,0.9879290478057452,Spherical,16.0,Hexagon,0.8,0.0,0.0
40,24,0,5,2.036615431,0.703126212,-15.70419235,-0.12837016721049582,-0.044257910774395975,0.9907382790143091,Spherical,16.0,Hexagon,0.8,0.0,0.0
40,25,1,5,0.408248923,2.114420414,-15.70376312,-0.025767208468182937,-0.1333548237773114,0.9907333354354639,Spherical,16.0,Hexagon,0.8,0.0,0.0
40,26,2,5,-1.628329793,1.410027646,-15.704006989000002,0.10260192608398519,-0.08891758353575879,0.9907403838049693,Spherical,16.0,Hexagon,0.8,0.0,0.0
40,27,3,5,-2.036654917,-0.705812643,-15.704689780999999,0.12841338554581264,0.04449072575352568,0.9907222505498637,Spherical,16.0,Hexagon,0.8,0.0,0.0
40,28,4,5,-0.408221171,-2.11733626,-15.705129254,0.025776022157036466,0.13364403419316534,0.9906941348399798,Spherical,16.0,Hexagon,0.8,0.0,0.0
40,29,5,5,1.628427155,-1.412869592,-15.704902205,-0.10264964737463234,0.08916876338282459,0.9907128653301326,Spherical,16.0,Hexagon,0.8,0.0,0.0
40,30,0,6,1.628374539,1.410028896,-15.704001129,-0.10259679842640665,-0.08893959535898632,0.9907389390399627,Spherical,16.0,Hexagon,0.8,0.0,0.0
40,31,1,6,-0.40820278000000004,2.114420437,-15.703765072,0.025777945034426073,-0.13334994486920307,0.9907337128377042,Spherical,16.0,Hexagon,0.8,0.0,0.0
40,32,2,6,-2.036572322,0.7029697149999999,-15.704201728,0.12836678793366407,-0.04423933282658178,0.9907395465946904,Spherical,16.0,Hexagon,0.8,0.0,0.0
40,33,3,6,-1.628423658,-1.412868022,-15.704902129,0.10266312118354357,0.08916387945245972,0.9907119087554366,Spherical,16.0,Hexagon,0.8,0.0,0.0
40,34,4,6,0.408224517,-2.117336708,-15.705129598,-0.02575991777892891,0.13364527437506996,0.9906943864145163,Spherical,16.0,Hexagon,0.8,0.0,0.0
40,35,5,6,2.03665883,-0.70581446,-15.704689305,-0.12840269111384575,0.04449682499422008,0.9907233627406573,Spherical,16.0,Hexagon,0.8,0.0,0.0
40,36,0,8,2.849313937,0.702609933,-15.442117507999999,-0.18117965908772357,-0.044593724727164295,0.9824384616085703,Spherical,16.0,Hexagon,0.8,0.0,0.0
40,37,1,8,0.81489829,2.817887554,-15.441310547999999,-0.05185219568805156,-0.17925091442697227,0.9824359823822734,Spherical,16.0,Hexagon,0.8,0.0,0.0
40,38,2,8,-2.034348552,2.11384802,-15.441608356000001,0.1293061920956821,-0.1344858291604471,0.9824426041457799,Spherical,16.0,Hexagon,0.8,0.0,0.0
40,39,3,8,-2.8493960819999997,-0.705596363,-15.442710095999999,0.18123203292371629,0.044897755104390036,0.9824149539929261,Spherical,16.0,Hexagon,0.8,0.0,0.0
40,40,4,8,-0.814886467,-2.8211028000000002,-15.443307388,0.051863853862863046,0.1795838588478499,0.9823745611037611,Spherical,16.0,Hexagon,0.8,0.0,0.0
40,41,5,8,2.034487782,-2.1169764030000002,-15.443105379999999,-0.12935261089393138,0.13478925143627626,0.9823949102841338,Spherical,16.0,Hexagon,0.8,0.0,0.0
40,42,0,9,2.437864427,1.406046753,-15.488085191,-0.15473514449637973,-0.0892883627624836,0.9839129145066039,Spherical,16.0,Hexagon,0.8,0.0,0.0
40,43,1,9,2.3824e-05,2.813304268,-15.487554319000001,6.816154007999407e-06,-0.17869221600417884,0.9839050217846517,Spherical,16.0,Hexagon,0.8,0.0,0.0
40,44,2,9,-2.437817785,1.405885699,-15.488104765,0.15473491000163433,-0.08926469637155314,0.9839150987806217,Spherical,16.0,Hexagon,0.8,0.0,0.0
40,45,3,9,-2.437966697,-1.408956874,-15.489153995999999,0.1548082688506988,0.08954969230783939,0.9838776613497335,Spherical,16.0,Hexagon,0.8,0.0,0.0
40,46,4,9,1.5970000000000001e-06,-2.816486007,-15.489545599000001,9.133364377677566e-06,0.17902490105075833,0.9838445429641554,Spherical,16.0,Hexagon,0.8,0.0,0.0
40,47,5,9,2.4379701220000003,-1.40895923,-15.489153946999998,-0.15479521859339496,0.0895569177762428,0.9838790569877185,Spherical,16.0,Hexagon,0.8,0.0,0.0
40,48,0,10,2.034394581,2.113849283,-15.441600167,-0.12929609443880924,-0.13451020444655562,0.9824405960986223,Spherical,16.0,Hexagon,0.8,0.0,0.0
40,49,1,10,-0.8148506139999999,2.817887855,-15.441314525,0.05186553561242124,-0.17924235395554064,0.9824368400890274,Spherical,16.0,Hexagon,0.8,0.0,0.0
40,50,2,10,-2.849273059,0.702509044,-15.442155966999998,0.18117512773267064,-0.04456991852083979,0.9824403775568755,Spherical,16.0,Hexagon,0.8,0.0,0.0
40,51,3,10,-2.034484772,-2.1169742219999996,-15.443104675,0.12936825190727946,0.1347831989030418,0.9823936811135939,Spherical,16.0,Hexagon,0.8,0.0,0.0
40,52,4,10,0.814889414,-2.8211038169999996,-15.443308353,-0.0518455649928898,0.17958633339037922,0.9823750741188253,Spherical,16.0,Hexagon,0.8,0.0,0.0
40,53,5,10,2.852859872,-0.7080989590000001,-15.441146745,-0.18145100133622874,0.04506749903141798,0.9823667617774602,Spherical,16.0,Hexagon,0.8,0.0,0.0
50,0,0,1,0.818017072,-0.001194775,-15.958401754999999,-0.051220844262978606,0.0001229310520756199,0.998687343466885,Spherical,16.0,Hexagon,0.8,0.0,0.0
50,1,1,1,0.409020956,0.707038516,-15.958156767,-0.025634339192012762,-0.04433224958514223,0.998687905354275,Spherical,16.0,Hexagon,0.8,0.0,0.0
50,2,2,1,-0.40898325999999996,0.707038019,-15.958157979,0.0256355665815349,-0.044323543309038746,0.9986882602867502,Spherical,16.0,Hexagon,0.8,0.0,0.0
50,3,3,1,-0.8180124520000001,-0.0011941360000000002,-15.958402093999998,0.051234568711230985,0.00011984486548802264,0.9986866398456437,Spherical,16.0,Hexagon,0.8,0.0,0.0
50,4,4,1,-0.4089828,-0.709530424,-15.958560374,0.025621146394731512,0.044531843279938706,0.9986793638558427,Spherical,16.0,Hexagon,0.8,0.0,0.0
50,5,5,1,0.40898700000000004,-0.709530719,-15.958560314,-0.025604244321926026,0.044533413766187684,0.9986797273055225,Spherical,16.0,Hexagon,0.8,0.0,0.0
50,6,0,2,1.633861247,-0.0012710890000000002,-15.831625757,-0.10282685863143581,0.00018677752572529002,0.9946992521652697,Spherical,16.0,Hexagon,0.8,0.0,0.0
50,7,1,2,0.816985256,1.4136539860000001,-15.831182245,-0.0513707624277666,-0.0887922829102414,0.994724572564274,Spherical,16.0,Hexagon,0.8,0.0,0.0
50,8,2,2,-0.81694568,1.4136531829999999,-15.831185176000002,0.05138250509757608,-0.08877633047979548,0.9947253899023789,Spherical,16.0,Hexagon,0.8,0.0,0.0
50,9,3,2,-1.6338567419999999,-0.001269839,-15.831626446,0.1028398271406033,0.0001806511237145242,0.9946979125940008,Spherical,16.0,Hexagon,0.8,0.0,0.0
50,10,4,2,-0.8169586470000001,-1.416314965,-15.831989864,0.05138549051145131,0.08910749626968108,0.994695624537198,Spherical,16.0,Hexagon,0.8,0.0,0.0
50,11,5,2,0.816962401,-1.4163157510000002,-15.831990078,-0.0513657685834822,0.08911061422805862,0.9946963638466395,Spherical,16.0,Hexagon,0.8,0.0,0.0
50,12,0,3,1.2227903960000002,0.704763375,-15.874491866,-0.07669063501052266,-0.044267718631598375,0.9960717421897062,Spherical,16.0,Hexagon,0.8,0.0,0.0
50,13,1,3,1.9726e-05,1.4105997970000002,-15.874266675,6.127916386899283e-06,-0.08846958732772135,0.9960788784431237,Spherical,16.0,Hexagon,0.8,0.0,0.0
50,14,2,3,-1.222755117,0.704629725,-15.874496458000001,0.07669231006310916,-0.04426118012746315,0.996071903785519,Spherical,16.0,Hexagon,0.8,0.0,0.0
50,15,3,3,-1.222833586,-0.707153484,-15.874905852,0.07677759003700922,0.04444885284345289,0.9960569768587588,Spherical,16.0,Hexagon,0.8,0.0,0.0
50,16,4,3,1.989e-06,-1.413225731,-15.875087543,9.880924097452834e-06,0.08876549501815946,0.9960525522263112,Spherical,16.0,Hexagon,0.8,0.0,0.0
50,17,5,3,1.222837756,-0.7071543840000001,-15.874905642,-0.07676102384617756,0.044453491246498965,0.9960580466690101,Spherical,16.0,Hexagon,0.8,0.0,0.0
50,18,0,4,2.446058414,-0.001353571,-15.617182184999999,-0.15460310296295823,0.0001716359873124403,0.98797664501511,Spherical,16.0,Hexagon,0.8,0.0,0.0
50,19,1,4,1.224484992,2.1175981540000004,-15.616002579,-0.07741034327395839,-0.1339748479243171,0.9879566685223922,Spherical,16.0,Hexagon,0.8,0.0,0.0
50,20,2,4,-1.222953255,2.116747281,-15.616483196999999,0.07733427024291109,-0.13389739070380743,0.9879731268656594,Spherical,16.0,Hexagon,0.8,0.0,0.0
50,21,3,4,-2.4460540099999997,-0.001351727,-15.617183326000001,0.1546156247795493,0.00016278271404955144,0.9879746869610666,Spherical,16.0,Hexagon,0.8,0.0,0.0
50,22,4,4,-1.222999086,-2.119565387,-15.617904048999998,0.07735413147957874,0.13424933626111818,0.9879238098439015,Spherical,16.0,Hexagon,0.8,0.0,0.0
50,23,5,4,1.2229992669999998,-2.1196046660000003,-15.617855841,-0.0773317182852906,0.13425822111237615,0.9879243571300308,Spherical,16.0,Hexagon,0.8,0.0,0.0
50,24,0,5,2.036625636,0.703184263,-15.704341353,-0.1283420430842326,-0.04423575909275697,0.9907429119577149,Spherical,16.0,Hexagon,0.8,0.0,0.0
50,25,1,5,0.408243404,2.1144972010000003,-15.703894866,-0.025766460657058135,-0.13334103928367536,0.9907352102090435,Spherical,16.0,Hexagon,0.8,0.0,0.0
50,26,2,5,-1.62834112,1.410101198,-15.704146568,0.10257226907864479,-0.0889105467234838,0.9907440861783577,Spherical,16.0,Hexagon,0.8,0.0,0.0
50,27,3,5,-2.036658333,-0.705765072,-15.704833354999998,0.12840757002795664,0.04448688261547316,0.990723176893865,Spherical,16.0,Hexagon,0.8,0.0,0.0
50,28,4,5,-0.40822022399999996,-2.117276449,-15.705265923999999,0.0257813692818483,0.1336698933043392,0.9906905069808429,Spherical,16.0,Hexagon,0.8,0.0,0.0
50,29,5,5,1.6284303850000001,-1.412817263,-15.70504787,-0.10264192597974672,0.08917869222379354,0.9907127716368765,Spherical,16.0,Hexagon,0.8,0.0,0.0
50,30,0,6,1.628380624,1.410103312,-15.704141249000001,-0.10256068829583023,-0.08894281169742442,0.990742389051585,Spherical,16.0,Hexagon,0.8,0.0,0.0
50,31,1,6,-0.408202203,2.114496973,-15.703896658,0.025787252450053297,-0.13333370389814275,0.9907356564774882,Spherical,16.0,Hexagon,0.8,0.0,0.0
50,32,2,6,-2.036581226,0.7030503720000001,-15.704349253,0.12834100126967846,-0.044218100962542715,0.9907438351765622,Spherical,16.0,Hexagon,0.8,0.0,0.0
50,33,3,6,-1.6284267259999998,-1.4128159290000002,-15.705047842,0.10266129241441162,0.08917278667771415,0.9907112965722826,Spherical,16.0,Hexagon,0.8,0.0,0.0
50,34,4,6,0.40822378099999995,-2.117276836,-15.705266252,-0.02575882082134967,0.1336713966534891,0.990690890675088,Spherical,16.0,Hexagon,0.8,0.0,0.0
50,35,5,6,2.036662358,-0.705766595,-15.704832833,-0.12839153880202328,0.04449428181123968,0.9907249222918288,Spherical,16.0,Hexagon,0.8,0.0,0.0
50,36,0,8,2.849331039,0.702678551,-15.442293701999999,-0.18115245227845236,-0.04456195663636917,0.9824449201121869,Spherical,16.0,Hexagon,0.8,0.0,0.0
50,37,1,8,0.8148929970000001,2.817968325,-15.441451193999999,-0.051848300472466975,-0.17923133926668167,0.9824397593556505,Spherical,16.0,Hexagon,0.8,0.0,0.0
50,38,2,8,-2.034363939,2.113923379,-15.441763188000001,0.12927570415644732,-0.1344771840086197,0.9824477997817321,Spherical,16.0,Hexagon,0.8,0.0,0.0
50,39,3,8,-2.849399441,-0.705539153,-15.442866289,0.18123312928116134,0.04491081001842642,0.9824141550254896,Spherical,16.0,Hexagon,0.8,0.0,0.0
50,40,4,8,-0.814884522,-2.821028647,-15.443427267999999,0.051870167868290074,0.17962440773847585,0.9823668142959213,Spherical,16.0,Hexagon,0.8,0.0,0.0
50,41,5,8,2.034489888,-2.11690994,-15.443244878,-0.12934777996403934,0.13481978293739869,0.9823913568161556,Spherical,16.0,Hexagon,0.8,0.0,0.0
50,42,0,9,2.43788488,1.406105933,-15.488259064,-0.1546971290578302,-0.08927569319688869,0.9839200419065971,Spherical,16.0,Hexagon,0.8,0.0,0.0
50,43,1,9,2.1504999999999998e-05,2.8133848400000003,-15.487698063,1.3385564204638753e-05,-0.1786719939684369,0.9839086941338456,Spherical,16.0,Hexagon,0.8,0.0,0.0
50,44,2,9,-2.437835843,1.405966074,-15.488276376,0.15470097678399672,-0.08925101449574976,0.9839216758429283,Spherical,16.0,Hexagon,0.8,0.0,0.0
50,45,3,9,-2.437970301,-1.40889925,-15.48930616,0.1548106589104004,0.08956459680759003,0.9838759286040194,Spherical,16.0,Hexagon,0.8,0.0,0.0
50,46,4,9,1.715e-06,-2.816413985,-15.489667927000001,1.2504415409756311e-05,0.1790653573824458,0.9838371804466105,Spherical,16.0,Hexagon,0.8,0.0,0.0
50,47,5,9,2.437973867,-1.408901239,-15.489306015,-0.15479189717018238,0.08957334247468529,0.9838780843622691,Spherical,16.0,Hexagon,0.8,0.0,0.0
50,48,0,10,2.034404999,2.1139257590000002,-15.441755655000001,-0.12925563964639608,-0.13451375154434378,0.9824454337341426,Spherical,16.0,Hexagon,0.8,0.0,0.0
50,49,1,10,-0.814849963,2.817968084,-15.441454861999999,0.05187474795752928,-0.17921809518012013,0.9824407793268519,Spherical,16.0,Hexagon,0.8,0.0,0.0
50,50,2,10,-2.8492868760000003,0.702594215,-15.442338229999999,0.18114984867740197,-0.044535523882103516,0.9824465987709973,Spherical,16.0,Hexagon,0.8,0.0,0.0
50,51,3,10,-2.03448669,-2.116908079,-15.443244277,0.1293696304377815,0.13481247885426215,0.9823894819599612,Spherical,16.0,Hexagon,0.8,0.0,0.0
50,52,4,10,0.814887705,-2.821029529,-15.443428176,-0.05184516283649711,0.17962740842058794,0.9823675855984666,Spherical,16.0,Hexagon,0.8,0.0,0.0
50,53,5,10,2.852863325,-0.708041328,-15.441302846000001,-0.18144696323295864,0.045082347192483455,0.9823668263460212,Spherical,16.0,Hexagon,0.8,0.0,0.0
60,0,0,1,0.818016014,-0.001110823,-15.958533542,-0.05122092945916553,0.0001431740916184509,0.9986873364003965,Spherical,16.0,Hexagon,0.8,0.0,0.0
60,1,1,1,0.40901319,0.7071399709999999,-15.958281585,-0.02563949215483266,-0.044341922407268204,0.9986873436462835,Spherical,16.0,Hexagon,0.8,0.0,0.0
60,2,2,1,-0.408982181,0.7071392609999999,-15.958282622999999,0.02564408672749681,-0.04433024650526402,0.9986877440224723,Spherical,16.0,Hexagon,0.8,0.0,0.0
60,3,3,1,-0.818011425,-0.0011103620000000002,-15.958533883999998,0.05124055200316428,0.00013959091373423786,0.9986863303083645,Spherical,16.0,Hexagon,0.8,0.0,0.0
60,4,4,1,-0.40898368399999996,-0.70944368,-15.958689139,0.025623183357715153,0.04455844230524283,0.9986781251704412,Spherical,16.0,Hexagon,0.8,0.0,0.0
60,5,5,1,0.408987952,-0.709443893,-15.958689067,-0.025599909840275572,0.044560268607157144,0.9986786405435072,Spherical,16.0,Hexagon,0.8,0.0,0.0
60,6,0,2,1.6338483670000001,-0.00117838,-15.831752709,-0.10285055146441528,0.00023031345787413558,0.9946967935100508,Spherical,16.0,Hexagon,0.8,0.0,0.0
60,7,1,2,0.8169749669999999,1.413765707,-15.831296774,-0.05137355552773482,-0.08877531549854055,0.9947259427352708,Spherical,16.0,Hexagon,0.8,0.0,0.0
60,8,2,2,-0.8169419,1.413764407,-15.831299300000001,0.0513932696207793,-0.08875365748766519,0.9947268570417952,Spherical,16.0,Hexagon,0.8,0.0,0.0
60,9,3,2,-1.633843924,-0.001177524,-15.831753416,0.10286924945131047,0.0002231501762180848,0.9946948616140142,Spherical,16.0,Hexagon,0.8,0.0,0.0
60,10,4,2,-0.8169571680000001,-1.416222553,-15.832111516000001,0.05139381806941408,0.08914426325453338,0.9946918999333685,Spherical,16.0,Hexagon,0.8,0.0,0.0
60,11,5,2,0.816961039,-1.416223121,-15.832111634,-0.05136745062571332,0.08914794230701724,0.9946929322150829,Spherical,16.0,Hexagon,0.8,0.0,0.0
60,12,0,3,1.2227942840000001,0.704837132,-15.874619647000001,-0.07667592899393376,-0.0442692165936236,0.996072807768139,Spherical,16.0,Hexagon,0.8,0.0,0.0
60,13,1,3,1.6483e-05,1.410710958,-15.874387534,1.0138973447347725e-05,-0.0884520373037047,0.9960804370099964,Spherical,16.0,Hexagon,0.8,0.0,0.0
60,14,2,3,-1.222760409,0.704730346,-15.874622417000001,0.0766814117306907,-0.04426808594059369,0.9960724359513943,Spherical,16.0,Hexagon,0.8,0.0,0.0
60,15,3,3,-1.222827004,-0.707071555,-15.875033286,0.07679575318829007,0.044464952380385496,0.9960548580786368,Spherical,16.0,Hexagon,0.8,0.0,0.0
60,16,4,3,2.047e-06,-1.41313642,-15.87521098,1.321884612367749e-05,0.08879580985077887,0.9960498501471733,Spherical,16.0,Hexagon,0.8,0.0,0.0
60,17,5,3,1.2228312060000002,-0.7070721640000001,-15.875033014000001,-0.07677294264044951,0.04447035327561463,0.9960563753914075,Spherical,16.0,Hexagon,0.8,0.0,0.0
60,18,0,4,2.446065632,-0.001257819,-15.617315783,-0.1545832437233094,0.0002052720631431158,0.9879797460592803,Spherical,16.0,Hexagon,0.8,0.0,0.0
60,19,1,4,1.22448117,2.117714115,-15.616137639,-0.0773970574222322,-0.13396059629264728,0.9879596419607929,Spherical,16.0,Hexagon,0.8,0.0,0.0
60,20,2,4,-1.222955789,2.116862438,-15.616617621,0.07733306772134578,-0.1338748996854943,0.9879762688804852,Spherical,16.0,Hexagon,0.8,0.0,0.0
60,21,3,4,-2.4460613010000003,-0.001256566,-15.617316992,0.1546013047925723,0.00019493898756697698,0.9879769220762322,Spherical,16.0,Hexagon,0.8,0.0,0.0
60,22,4,4,-1.2230004349999999,-2.1194729889999997,-15.61801925,0.0773574740638887,0.1342946849441957,0.9879173846036894,Spherical,16.0,Hexagon,0.8,0.0,0.0
60,23,5,4,1.223000006,-2.119503819,-15.617967703,-0.0773281414873421,0.13430438996464794,0.9879183616930791,Spherical,16.0,Hexagon,0.8,0.0,0.0
60,24,0,5,2.036634832,0.703275667,-15.704483437999999,-0.1283160683762668,-0.04420724293261883,0.9907475492115807,Spherical,16.0,Hexagon,0.8,0.0,0.0
60,25,1,5,0.40823742599999996,2.114613734,-15.704031136,-0.025764418492622055,-0.13331819101569867,0.9907383381519252,Spherical,16.0,Hexagon,0.8,0.0,0.0
60,26,2,5,-1.62835269,1.410212976,-15.704283682000002,0.10254553752961747,-0.08889627636286322,0.9907481338774144,Spherical,16.0,Hexagon,0.8,0.0,0.0
60,27,3,5,-2.036659836,-0.705682336,-15.704959435,0.12840725756552057,0.04449404033434499,0.9907228959599288,Spherical,16.0,Hexagon,0.8,0.0,0.0
60,28,4,5,-0.408219605,-2.1171818749999995,-15.705378511,0.02578625401929641,0.13370597013858662,0.9906855114782651,Spherical,16.0,Hexagon,0.8,0.0,0.0
60,29,5,5,1.628431278,-1.412730596,-15.705172429000001,-0.10263986538918161,0.08919715220455011,0.9907113232781227,Spherical,16.0,Hexagon,0.8,0.0,0.0
60,30,0,6,1.628385682,1.4102160129999999,-15.704279097,-0.10252604191951152,-0.08894003717229476,0.9907462240736068,Spherical,16.0,Hexagon,0.8,0.0,0.0
60,31,1,6,-0.40820252399999996,2.114613232,-15.704032696,0.025797523023282982,-0.13330806845603335,0.9907388387917295,Spherical,16.0,Hexagon,0.8,0.0,0.0
60,32,2,6,-2.036590504,0.7031682989999999,-15.704489628,0.1283184005459246,-0.04419159608704552,0.9907479451992899,Spherical,16.0,Hexagon,0.8,0.0,0.0
60,33,3,6,-1.628427515,-1.412729664,-15.705172565,0.10266576284886517,0.08919027003217321,0.9907092595056577,Spherical,16.0,Hexagon,0.8,0.0,0.0
60,34,4,6,0.408223346,-2.117182155,-15.705378767000001,-0.025756792562594995,0.13370773695562913,0.9906860394267659,Spherical,16.0,Hexagon,0.8,0.0,0.0
60,35,5,6,2.036663875,-0.7056833699999999,-15.704958789,-0.1283851399878545,0.0445026738642986,0.9907253745863316,Spherical,16.0,Hexagon,0.8,0.0,0.0
60,36,0,8,2.849347212,0.702783953,-15.442460106999999,-0.18112571281446024,-0.044520941594735436,0.9824517097124783,Spherical,16.0,Hexagon,0.8,0.0,0.0
60,37,1,8,0.8148873680000001,2.818093491,-15.441603809999998,-0.05184288713097695,-0.17920027273289738,0.9824457121420908,Spherical,16.0,Hexagon,0.8,0.0,0.0
60,38,2,8,-2.034379833,2.114041409,-15.441920721,0.12924786205896613,-0.13445754103561222,0.9824541515062385,Spherical,16.0,Hexagon,0.8,0.0,0.0
60,39,3,8,-2.8493998539999996,-0.705443397,-15.442999813999998,0.18123890367258572,0.04493627092210736,0.9824119254931579,Spherical,16.0,Hexagon,0.8,0.0,0.0
60,40,4,8,-0.814882646,-2.8209174640000003,-15.443516895,0.05187624030599661,0.17967545013901443,0.982357159239478,Spherical,16.0,Hexagon,0.8,0.0,0.0
60,41,5,8,2.034488784,-2.1168070549999998,-15.443355543,-0.12934867291760768,0.13485807092322777,0.982385983980492,Spherical,16.0,Hexagon,0.8,0.0,0.0
60,42,0,9,2.437904136,1.4062017370000002,-15.488428921999999,-0.1546598034157191,-0.08925328219441701,0.9839279429027996,Spherical,16.0,Hexagon,0.8,0.0,0.0
60,43,1,9,1.8471e-05,2.813509046,-15.487853376,2.150128359997682e-05,-0.1786399935706408,0.9839145045352142,Spherical,16.0,Hexagon,0.8,0.0,0.0
60,44,2,9,-2.437854256,1.406087127,-15.488443390999999,0.15466908783707373,-0.08922855627631786,0.9839287260835978,Spherical,16.0,Hexagon,0.8,0.0,0.0
60,45,3,9,-2.437970219,-1.4088049980000001,-15.489431449,0.15481959242674917,0.08958838767327292,0.9838723568608474,Spherical,16.0,Hexagon,0.8,0.0,0.0
60,46,4,9,1.8260000000000002e-06,-2.816305131,-15.489759494,1.6029366827927106e-05,0.17911606236453192,0.9838279503785631,Spherical,16.0,Hexagon,0.8,0.0,0.0
60,47,5,9,2.4379738659999997,-1.408806362,-15.489431046,-0.15479449421520727,0.08959858755543079,0.9838753771025729,Spherical,16.0,Hexagon,0.8,0.0,0.0
60,48,0,10,2.034414586,2.114045007,-15.441914173,-0.12921561750327692,-0.13450795778252472,0.9824514916709228,Spherical,16.0,Hexagon,0.8,0.0,0.0
60,49,1,10,-0.814850408,2.8180926399999997,-15.441606989,0.05188552108420705,-0.17918163343882182,0.9824468611278759,Spherical,16.0,Hexagon,0.8,0.0,0.0
60,50,2,10,-2.849301144,0.702718737,-15.442509346,0.18112610849424926,-0.044492740461145736,0.9824529143261709,Spherical,16.0,Hexagon,0.8,0.0,0.0
60,51,3,10,-2.034485428,-2.116805747,-15.443355266000001,0.12937723572019852,0.1348495677667505,0.9823833900013378,Spherical,16.0,Hexagon,0.8,0.0,0.0
60,52,4,10,0.8148860569999999,-2.820918107,-15.4435176,-0.051844179921669335,0.1796789598910819,0.9823582098097968,Spherical,16.0,Hexagon,0.8,0.0,0.0
60,53,5,10,2.852863733,-0.707944863,-15.441436187999999,-0.18144687921013533,0.045109516017887444,0.9823655946690797,Spherical,16.0,Hexagon,0.8,0.0,0.0
70,0,0,1,0.818018264,-0.001020472,-15.958656847,-0.051215592955364105,0.00015303181477273683,0.9986876086241854,Spherical,16.0,Hexagon,0.8,0.0,0.0
70,1,1,1,0.4090063,0.7072506599999999,-15.95838727,-0.025642174280716183,-0.04436322658258099,0.9986863286464573,Spherical,16.0,Hexagon,0.8,0.0,0.0
70,2,2,1,-0.408982891,0.70724979,-15.958388118,0.025650776456266393,-0.04434834478819458,0.9986867687026488,Spherical,16.0,Hexagon,0.8,0.0,0.0
70,3,3,1,-0.818013864,-0.001020135,-15.958657192999999,0.0512418094436958,0.00014904839898365242,0.9986862644241737,Spherical,16.0,Hexagon,0.8,0.0,0.0
70,4,4,1,-0.408986267,-0.709350917,-15.958817181999999,0.025622580237923923,0.04457304025417298,0.998677489214837,Spherical,16.0,Hexagon,0.8,0.0,0.0
70,5,5,1,0.408990408,-0.709351076,-15.958817105,-0.02559231774705439,0.04457506116480833,0.9986781749865605,Spherical,16.0,Hexagon,0.8,0.0,0.0
70,6,0,2,1.633839777,-0.001080016,-15.831875031,-0.10286840158671325,0.0002662052888236198,0.9946949387072093,Spherical,16.0,Hexagon,0.8,0.0,0.0
70,7,1,2,0.8169656169999999,1.413885407,-15.83138408,-0.05137390592847599,-0.0887699691897706,0.9947264017606546,Spherical,16.0,Hexagon,0.8,0.0,0.0
70,8,2,2,-0.81694001,1.4138837350000002,-15.831386197,0.05140272199120288,-0.08874205237234947,0.9947274040221463,Spherical,16.0,Hexagon,0.8,0.0,0.0
70,9,3,2,-1.633835555,-0.001079436,-15.83187576,0.10289350364018567,0.00025820648223159144,0.9946923445156597,Spherical,16.0,Hexagon,0.8,0.0,0.0
70,10,4,2,-0.8169577140000001,-1.4161251910000001,-15.832243315,0.0513993733976867,0.0891711466048484,0.9946892032325985,Spherical,16.0,Hexagon,0.8,0.0,0.0
70,11,5,2,0.8169614860000001,-1.416125616,-15.832243388,-0.051365823718005285,0.08917524950950684,0.9946905684828263,Spherical,16.0,Hexagon,0.8,0.0,0.0
70,12,0,3,1.222800858,0.7049146150000001,-15.874731072000001,-0.07665686831243558,-0.044284127030916255,0.9960736120556751,Spherical,16.0,Hexagon,0.8,0.0,0.0
70,13,1,3,1.2766000000000001e-05,1.410830418,-15.874480082,1.4717683829165556e-05,-0.08844621875086824,0.9960809536237822,Spherical,16.0,Hexagon,0.8,0.0,0.0
70,14,2,3,-1.2227694000000002,0.704838051,-15.874731987,0.0766669764709456,-0.044289473735337426,0.9960725963678804,Spherical,16.0,Hexagon,0.8,0.0,0.0
70,15,3,3,-1.222822181,-0.706984473,-15.8751623,0.07681278898280336,0.04447039810637186,0.9960533013553763,Spherical,16.0,Hexagon,0.8,0.0,0.0
70,16,4,3,2e-06,-1.413041355,-15.875342622,1.6840994098932934e-05,0.08881606946690375,0.9960480437814387,Spherical,16.0,Hexagon,0.8,0.0,0.0
70,17,5,3,1.222826225,-0.706984886,-15.875161991999999,-0.07678311615665315,0.04447639360243629,0.9960553214984572,Spherical,16.0,Hexagon,0.8,0.0,0.0
70,18,0,4,2.446071054,-0.00115936,-15.617441068,-0.15456961573267866,0.00022966572888035062,0.9879818728832553,Spherical,16.0,Hexagon,0.8,0.0,0.0
70,19,1,4,1.224478236,2.1178370589999997,-15.616236595,-0.07738084525504377,-0.13395543369308338,0.9879616118917338,Spherical,16.0,Hexagon,0.8,0.0,0.0
70,20,2,4,-1.222960182,2.116984774,-15.616715958999999,0.07733069470681639,-0.13386061456511822,0.9879783902112484,Spherical,16.0,Hexagon,0.8,0.0,0.0
70,21,3,4,-2.446066961,-0.001158514,-15.617442358,0.15459386773199696,0.000218144330400821,0.9879780809677474,Spherical,16.0,Hexagon,0.8,0.0,0.0
70,22,4,4,-1.2230029059999998,-2.119378006,-15.618150944,0.0773592185153245,0.13432934550473336,0.987912535727211,Spherical,16.0,Hexagon,0.8,0.0,0.0
70,23,5,4,1.223001888,-2.119401243,-15.618097721,-0.07732259920810179,0.13433969540834487,0.9879139951884964,Spherical,16.0,Hexagon,0.8,0.0,0.0
70,24,0,5,2.03664369,0.703368333,-15.70460862,-0.12829282700111072,-0.04419385626067738,0.9907511562490723,Spherical,16.0,Hexagon,0.8,0.0,0.0
70,25,1,5,0.40823168099999996,2.114737037,-15.704130031999998,-0.025760364600312686,-0.13330592600778965,0.9907400939231563,Spherical,16.0,Hexagon,0.8,0.0,0.0
70,26,2,5,-1.6283654200000002,1.410330592,-15.704393229,0.10252025809715186,-0.08889505163321858,0.9907508599414995,Spherical,16.0,Hexagon,0.8,0.0,0.0
70,27,3,5,-2.036660504,-0.705594936,-15.705085455999999,0.1284121844774422,0.044494254180245385,0.9907222477680993,Spherical,16.0,Hexagon,0.8,0.0,0.0
70,28,4,5,-0.40821997699999996,-2.117083371,-15.705507077999998,0.025789651462765635,0.13373243524395192,0.9906818508689615,Spherical,16.0,Hexagon,0.8,0.0,0.0
70,29,5,5,1.6284312749999998,-1.412640734,-15.705305579,-0.10264137533335298,0.08920505346210429,0.9907104554341297,Spherical,16.0,Hexagon,0.8,0.0,0.0
70,30,0,6,1.628390954,1.410334304,-15.7043894,-0.1024917071106535,-0.08895135396721064,0.9907487605851162,Spherical,16.0,Hexagon,0.8,0.0,0.0
70,31,1,6,-0.408204063,2.11473632,-15.704131371999999,0.025807498404614156,-0.1332927179923237,0.9907406443445805,Spherical,16.0,Hexagon,0.8,0.0,0.0
70,32,2,6,-2.036600779,0.703290937,-15.704613001,0.12829942198477848,-0.04418109281654307,0.9907508714888459,Spherical,16.0,Hexagon,0.8,0.0,0.0
70,33,3,6,-1.628427636,-1.412640075,-15.705305812999999,0.10267429286478576,0.08919741239659804,0.9907077324854527,Spherical,16.0,Hexagon,0.8,0.0,0.0
70,34,4,6,0.40822367200000004,-2.117083585,-15.705507313,-0.02575278896718725,0.13373440815587345,0.9906825434697079,Spherical,16.0,Hexagon,0.8,0.0,0.0
70,35,5,6,2.0366643630000003,-0.705595635,-15.705084718,-0.12838339680053307,0.0445038675519506,0.9907255468589046,Spherical,16.0,Hexagon,0.8,0.0,0.0
70,36,0,8,2.849361981,0.702888858,-15.442605124999998,-0.18110136780336217,-0.044491225302269295,0.9824575438413885,Spherical,16.0,Hexagon,0.8,0.0,0.0
70,37,1,8,0.8148824459999999,2.8182239570000003,-15.441712206999998,-0.05183442841533842,-0.17917817303030878,0.9824501892413559,Spherical,16.0,Hexagon,0.8,0.0,0.0
70,38,2,8,-2.0343967099999998,2.114164593,-15.442041629000002,0.12922175087865834,-0.13444658150041372,0.9824590860807928,Spherical,16.0,Hexagon,0.8,0.0,0.0
70,39,3,8,-2.8493974480000004,-0.7053454450000001,-15.443127311,0.18125073340416817,0.04495462322835181,0.9824089034057296,Spherical,16.0,Hexagon,0.8,0.0,0.0
70,40,4,8,-0.8148819639999999,-2.8208049309999996,-15.443631115,0.05188051347440252,0.1797189994417961,0.9823489673030007,Spherical,16.0,Hexagon,0.8,0.0,0.0
70,41,5,8,2.034485606,-2.1167046110000003,-15.443481665,-0.12935461022319858,0.13488499827019051,0.9823815053509787,Spherical,16.0,Hexagon,0.8,0.0,0.0
70,42,0,9,2.437922295,1.40629797,-15.488569347,-0.15462394891419834,-0.08924129465805336,0.9839346653868507,Spherical,16.0,Hexagon,0.8,0.0,0.0
70,43,1,9,1.4924e-05,2.813638787,-15.487963472,3.0797386175550966e-05,-0.17861651234097484,0.9839187672621492,Spherical,16.0,Hexagon,0.8,0.0,0.0
70,44,2,9,-2.4378730479999997,1.406212332,-15.488580704,0.15463978880128387,-0.08921728686568625,0.9839343532186586,Spherical,16.0,Hexagon,0.8,0.0,0.0
70,45,3,9,-2.437967316,-1.408709524,-15.489560363999999,0.15483527236573005,0.08960199464861161,0.9838686502711732,Spherical,16.0,Hexagon,0.8,0.0,0.0
70,46,4,9,1.8110000000000001e-06,-2.816194232,-15.489874206,1.9745367867119828e-05,0.17915868775516575,0.9838201889633935,Spherical,16.0,Hexagon,0.8,0.0,0.0
70,47,5,9,2.437970823,-1.408710464,-15.489559789,-0.15480335883555416,0.08961333087422865,0.9838726396352613,Spherical,16.0,Hexagon,0.8,0.0,0.0
70,48,0,10,2.034424177,2.1141690840000003,-15.442036052,-0.12917558089953204,-0.13451227508320618,0.9824561655113212,Spherical,16.0,Hexagon,0.8,0.0,0.0
70,49,1,10,-0.814852583,2.8182226179999996,-15.441714938999999,0.05189563331087382,-0.17915350793485454,0.9824514562246316,Spherical,16.0,Hexagon,0.8,0.0,0.0
70,50,2,10,-2.849315524,0.702846677,-15.442657637999998,0.1811057087336351,-0.04446196481458937,0.9824580682904048,Spherical,16.0,Hexagon,0.8,0.0,0.0
70,51,3,10,-2.034482338,-2.116703677,-15.443481581,0.1293902788447237,0.13487557812478435,0.9823781014283604,Spherical,16.0,Hexagon,0.8,0.0,0.0
70,52,4,10,0.814885344,-2.820805417,-15.443631718,-0.051841056986371335,0.17972291400975013,0.9823503341427537,Spherical,16.0,Hexagon,0.8,0.0,0.0
70,53,5,10,2.85286113,-0.7078464270000001,-15.441563538,-0.18145229725926176,0.045129227443130526,0.9823636885846925,Spherical,16.0,Hexagon,0.8,0.0,0.0
80,0,0,1,0.818026161,-0.0009051829999999999,-15.958769069,-0.05120124343782621,0.00016741149903744498,0.9986883420986802,Spherical,16.0,Hexagon,0.8,0.0,0.0
80,1,1,1,0.409001157,0.7073871279999999,-15.958480487000001,-0.025640913684876067,-0.044382298616143,0.9986855136202548,Spherical,16.0,Hexagon,0.8,0.0,0.0
80,2,2,1,-0.408986174,0.7073861039999999,-15.958481125,0.0256540651622382,-0.044364114558531204,0.998685983820785,Spherical,16.0,Hexagon,0.8,0.0,0.0
80,3,3,1,-0.8180221910000001,-0.0009050100000000001,-15.958769442,0.05123452279230058,0.00016308889292161906,0.9986866360757303,Spherical,16.0,Hexagon,0.8,0.0,0.0
80,4,4,1,-0.408991371,-0.7092322209999999,-15.958928658,0.02561770706554966,0.04459280322154949,0.9986767319736392,Spherical,16.0,Hexagon,0.8,0.0,0.0
80,5,5,1,0.408995174,-0.709232312,-15.95892856,-0.025580097453376038,0.04459498565716382,0.9986775985614742,Spherical,16.0,Hexagon,0.8,0.0,0.0
80,6,0,2,1.633837723,-0.000955665,-15.831993109,-0.10287825838612909,0.0003080005864242899,0.9946939072333134,Spherical,16.0,Hexagon,0.8,0.0,0.0
80,7,1,2,0.81695855,1.4140330300000001,-15.831462005999999,-0.05136936957127832,-0.08875971321400773,0.9947275512320027,Spherical,16.0,Hexagon,0.8,0.0,0.0
80,8,2,2,-0.816941325,1.414030984,-15.83146363,0.05140819462983612,-0.08872530796813018,0.994728614874862,Spherical,16.0,Hexagon,0.8,0.0,0.0
80,9,3,2,-1.633833991,-0.000955441,-15.831993923,0.1029101756261306,0.00029927738572683277,0.994690608272565,Spherical,16.0,Hexagon,0.8,0.0,0.0
80,10,4,2,-0.81696055,-1.416000302,-15.832357107,0.05140172398332321,0.08920598938396328,0.9946859575914252,Spherical,16.0,Hexagon,0.8,0.0,0.0
80,11,5,2,0.816964015,-1.4160005450000002,-15.832357081,-0.05136079338206843,0.08921046486056511,0.9946876705089525,Spherical,16.0,Hexagon,0.8,0.0,0.0
80,12,0,3,1.2228119060000002,0.705015203,-15.874834770000001,-0.07663035632787982,-0.044298960556801346,0.9960749924491875,Spherical,16.0,Hexagon,0.8,0.0,0.0
80,13,1,3,8.605000000000001e-06,1.4109769699999999,-15.874561061,1.979323513348832e-05,-0.08843598997754443,0.9960818617387426,Spherical,16.0,Hexagon,0.8,0.0,0.0
80,14,2,3,-1.222783957,0.704971134,-15.874833835,0.07664575193345957,-0.044311755060354674,0.9960732388102923,Spherical,16.0,Hexagon,0.8,0.0,0.0
80,15,3,3,-1.222821264,-0.706870275,-15.87527959,0.07682535543820791,0.044484284506606624,0.996051712108226,Spherical,16.0,Hexagon,0.8,0.0,0.0
80,16,4,3,1.856e-06,-1.412918946,-15.875454124,2.057075887885035e-05,0.08884352680959104,0.9960455950009905,Spherical,16.0,Hexagon,0.8,0.0,0.0
80,17,5,3,1.222824917,-0.706870438,-15.875279185,-0.07678850966430945,0.04449078278567441,0.9960542630954662,Spherical,16.0,Hexagon,0.8,0.0,0.0
80,18,0,4,2.446074596,-0.001033384,-15.61755742,-0.15456468965019118,0.0002601405608912288,0.9879826360013766,Spherical,16.0,Hexagon,0.8,0.0,0.0
80,19,1,4,1.224478478,2.117991108,-15.616331481000001,-0.07735777844620083,-0.13394347860697425,0.9879650391853608,Spherical,16.0,Hexagon,0.8,0.0,0.0
80,20,2,4,-1.2229688300000001,2.117138211,-15.616810073999998,0.07732271119356246,-0.13383907252484994,0.9879819335389514,Spherical,16.0,Hexagon,0.8,0.0,0.0
80,21,3,4,-2.4460710239999996,-0.001033061,-15.617558918,0.15459553504502138,0.00024762461303706203,0.9879778131244621,Spherical,16.0,Hexagon,0.8,0.0,0.0
80,22,4,4,-1.223007407,-2.119256223,-15.618259427,0.0773561651190965,0.13436951475960654,0.9879073120598587,Spherical,16.0,Hexagon,0.8,0.0,0.0
80,23,5,4,1.223006095,-2.119271437,-15.618206033,-0.07731219996436682,0.1343804484854904,0.9879092664822555,Spherical,16.0,Hexagon,0.8,0.0,0.0
80,24,0,5,2.036653075,0.70348547,-15.704727397000001,-0.12827250283288857,-0.044180738655199815,0.9907543728638635,Spherical,16.0,Hexagon,0.8,0.0,0.0
80,25,1,5,0.40822689300000004,2.114889191,-15.704220921,-0.02575302935497137,-0.13328782745134624,0.9907427196463986,Spherical,16.0,Hexagon,0.8,0.0,0.0
80,26,2,5,-1.628380833,1.410476588,-15.704496309,0.10249450559367598,-0.0888907092299255,0.9907539140148318,Spherical,16.0,Hexagon,0.8,0.0,0.0
80,27,3,5,-2.036661169,-0.705478648,-15.705199137,0.12842246020651263,0.04450564859345187,0.9907204040281914,Spherical,16.0,Hexagon,0.8,0.0,0.0
80,28,4,5,-0.40822162500000003,-2.116956574,-15.705610925999999,0.025790801365176634,0.13376549332077212,0.990677357852491,Spherical,16.0,Hexagon,0.8,0.0,0.0
80,29,5,5,1.628431539,-1.412523126,-15.705421006,-0.10264475144576685,0.08922018430130085,0.9907087431298255,Spherical,16.0,Hexagon,0.8,0.0,0.0
80,30,0,6,1.628397954,1.410480934,-15.704493316,-0.10245606294503914,-0.08896009265273609,0.9907516626688136,Spherical,16.0,Hexagon,0.8,0.0,0.0
80,31,1,6,-0.40820752699999996,2.114888252,-15.704221959,0.025815679677664845,-0.13327138128721974,0.9907433015734078,Spherical,16.0,Hexagon,0.8,0.0,0.0
80,32,2,6,-2.0366130510000002,0.7034403189999999,-15.704729934000001,0.12828406919771096,-0.04417176138673304,0.9907532755868489,Spherical,16.0,Hexagon,0.8,0.0,0.0
80,33,3,6,-1.6284282490000002,-1.412522817,-15.705421457999998,0.10268486727090881,0.0892119128231588,0.990705330885016,Spherical,16.0,Hexagon,0.8,0.0,0.0
80,34,4,6,0.408225083,-2.116956702,-15.705611103999999,-0.025746472116986593,0.13376764630680557,0.9906782201981966,Spherical,16.0,Hexagon,0.8,0.0,0.0
80,35,5,6,2.036664597,-0.70547892,-15.70519818,-0.1283867117974904,0.04451607465989946,0.9907245688538779,Spherical,16.0,Hexagon,0.8,0.0,0.0
80,36,0,8,2.849374917,0.703021126,-15.442738136,-0.1810817709037214,-0.04445719125575483,0.9824626966923585,Spherical,16.0,Hexagon,0.8,0.0,0.0
80,37,1,8,0.8148793799999999,2.818385367,-15.441818338,-0.05182117893362996,-0.17915137492475308,0.9824557752268035,Spherical,16.0,Hexagon,0.8,0.0,0.0
80,38,2,8,-2.034415605,2.114319843,-15.442159276,0.1291972360383526,-0.13442902465676737,0.9824647126130692,Spherical,16.0,Hexagon,0.8,0.0,0.0
80,39,3,8,-2.8493921959999997,-0.705217434,-15.443235247999999,0.18126969788874603,0.04498202396439266,0.9824041501069656,Spherical,16.0,Hexagon,0.8,0.0,0.0
80,40,4,8,-0.81488305,-2.820662054,-15.443717346,0.051881353773220465,0.17977099418539846,0.9823394091556397,Spherical,16.0,Hexagon,0.8,0.0,0.0
80,41,5,8,2.0344813630000003,-2.116574084,-15.443584733,-0.12936402025364602,0.1349168785744283,0.9823758884151967,Spherical,16.0,Hexagon,0.8,0.0,0.0
80,42,0,9,2.437939606,1.406421999,-15.488701894,-0.1545909499292438,-0.08922380334999697,0.9839414368323631,Spherical,16.0,Hexagon,0.8,0.0,0.0
80,43,1,9,1.0848999999999999e-05,2.8137988519999997,-15.488068963,4.111476412583855e-05,-0.17858756804511394,0.9839240208721951,Spherical,16.0,Hexagon,0.8,0.0,0.0
80,44,2,9,-2.4378926780000003,1.406367827,-15.488709891000001,0.15461424189144526,-0.08920143054594183,0.9839398055739442,Spherical,16.0,Hexagon,0.8,0.0,0.0
80,45,3,9,-2.437962175,-1.4085854260000001,-15.489667505,0.1548571299595391,0.08962208238673769,0.9838633805815518,Spherical,16.0,Hexagon,0.8,0.0,0.0
80,46,4,9,1.699e-06,-2.816052934,-15.489958908,2.3418278463473043e-05,0.1792091521299621,0.9838109977248906,Spherical,16.0,Hexagon,0.8,0.0,0.0
80,47,5,9,2.437965299,-1.40858582,-15.489666559,-0.15481822976580734,0.08963435155306976,0.9838683848736285,Spherical,16.0,Hexagon,0.8,0.0,0.0
80,48,0,10,2.034434749,2.114325193,-15.44215482,-0.12913582076631952,-0.1345107885922438,0.9824615959656141,Spherical,16.0,Hexagon,0.8,0.0,0.0
80,49,1,10,-0.8148576929999999,2.818383528,-15.441820479,0.05190294192334287,-0.17912029334062618,0.9824571263588401,Spherical,16.0,Hexagon,0.8,0.0,0.0
80,50,2,10,-2.8493298919999996,0.7030035779999999,-15.442792475,0.18109083130917303,-0.04442777952530373,0.9824623571527835,Spherical,16.0,Hexagon,0.8,0.0,0.0
80,51,3,10,-2.034478405,-2.116573633,-15.443585042,0.1294068481005209,0.13490670471948538,0.9823716448912897,Spherical,16.0,Hexagon,0.8,0.0,0.0
80,52,4,10,0.814886199,-2.820662332,-15.443717747,-0.05183458297623085,0.17977525219059848,0.9823410989607871,Spherical,16.0,Hexagon,0.8,0.0,0.0
80,53,5,10,2.852855408,-0.707717797,-15.441671129,-0.18146456731035207,0.04515775287075822,0.9823601112456318,Spherical,16.0,Hexagon,0.8,0.0,0.0
90,0,0,1,0.818031171,-0.0007805459999999999,-15.958855464,-0.05119166752031769,0.00017997176684191876,0.9986888308110051,Spherical,16.0,Hexagon,0.8,0.0,0.0
90,1,1,1,0.408995357,0.7075380419999999,-15.958550411000001,-0.025640868631191634,-0.044396879383279075,0.9986848666906215,Spherical,16.0,Hexagon,0.8,0.0,0.0
90,2,2,1,-0.408989112,0.707536928,-15.958550832999999,0.02565896148615206,-0.04437534880471373,0.9986853589163667,Spherical,16.0,Hexagon,0.8,0.0,0.0
90,3,3,1,-0.818027626,-0.0007804899999999999,-15.958855851000001,0.051232312084042234,0.00017542105876352666,0.9986867473967879,Spherical,16.0,Hexagon,0.8,0.0,0.0
90,4,4,1,-0.40899582500000004,-0.709108375,-15.959020984999999,0.02561415242251532,0.044602823176204,0.9986763756895366,Spherical,16.0,Hexagon,0.8,0.0,0.0
90,5,5,1,0.408999274,-0.709108417,-15.959020876,-0.02556899978831227,0.04460511440972552,0.9986774304140055,Spherical,16.0,Hexagon,0.8,0.0,0.0
90,6,0,2,1.633834135,-0.000822036,-15.83208079,-0.10288825436880203,0.00034934627138430386,0.9946928596657982,Spherical,16.0,Hexagon,0.8,0.0,0.0
90,7,1,2,0.816950811,1.414192894,-15.831518187000002,-0.05136679757282965,-0.08875090464323028,0.9947284700017991,Spherical,16.0,Hexagon,0.8,0.0,0.0
90,8,2,2,-0.8169422909999999,1.4141906149999999,-15.831519325,0.05141629487176948,-0.0887098552661384,0.9947295744071953,Spherical,16.0,Hexagon,0.8,0.0,0.0
90,9,3,2,-1.6338308369999999,-0.000822075,-15.832081641,0.10292738270985687,0.00034013637256368465,0.9946888147535121,Spherical,16.0,Hexagon,0.8,0.0,0.0
90,10,4,2,-0.8169634170000001,-1.415870212,-15.832458539000001,0.05140411468782,0.08923397912753435,0.9946833234563794,Spherical,16.0,Hexagon,0.8,0.0,0.0
90,11,5,2,0.8169665549999999,-1.4158703110000002,-15.832458445,-0.05135569577104122,0.08923871905314312,0.9946853992763875,Spherical,16.0,Hexagon,0.8,0.0,0.0
90,12,0,3,1.2228196930000002,0.705127605,-15.874911497000001,-0.07661048443475817,-0.04430955802272499,0.9960760496781871,Spherical,16.0,Hexagon,0.8,0.0,0.0
90,13,1,3,4.256999999999999e-06,1.411135914,-15.874620485,2.514018940875098e-05,-0.08842771643497026,0.9960825961405345,Spherical,16.0,Hexagon,0.8,0.0,0.0
90,14,2,3,-1.222795928,0.705117445,-15.874908759,0.07663177122386326,-0.044330481950648926,0.9960734812297318,Spherical,16.0,Hexagon,0.8,0.0,0.0
90,15,3,3,-1.2228167129999998,-0.7067512309999999,-15.875373714,0.07684497090284612,0.044487649541879976,0.9960500486848939,Spherical,16.0,Hexagon,0.8,0.0,0.0
90,16,4,3,1.6930000000000001e-06,-1.412790547,-15.875552680999999,2.434106814803844e-05,0.08886536363937145,0.9960436469114969,Spherical,16.0,Hexagon,0.8,0.0,0.0
90,17,5,3,1.222819984,-0.706751209,-15.875373252,-0.07680071511348027,0.04449447748260208,0.9960531570310935,Spherical,16.0,Hexagon,0.8,0.0,0.0
90,18,0,4,2.4460757810000002,-0.000899671,-15.617641185,-0.15456135253732842,0.00028851024829611063,0.9879831501921823,Spherical,16.0,Hexagon,0.8,0.0,0.0
90,19,1,4,1.224474609,2.118156105,-15.616396108,-0.07734387627893087,-0.13393154118796863,0.987967745970062,Spherical,16.0,Hexagon,0.8,0.0,0.0
90,20,2,4,-1.222973632,2.117302804,-15.616873950999999,0.07732502194058098,-0.1338172667523164,0.9879847064103917,Spherical,16.0,Hexagon,0.8,0.0,0.0
90,21,3,4,-2.446072649,-0.0008997460000000001,-15.617642742,0.15459917285022684,0.00027530327003306624,0.9879772365607091,Spherical,16.0,Hexagon,0.8,0.0,0.0
90,22,4,4,-1.223008639,-2.1191281949999996,-15.618352355999999,0.07736167375417234,0.13440287383246874,0.9879023428150813,Spherical,16.0,Hexagon,0.8,0.0,0.0
90,23,5,4,1.223006585,-2.119136129,-15.61830047,-0.07731035809669953,0.1344142170247183,0.9879048166663588,Spherical,16.0,Hexagon,0.8,0.0,0.0
90,24,0,5,2.0366587,0.703609925,-15.704812419,-0.1282574570234473,-0.04417101025102339,0.9907567544918795,Spherical,16.0,Hexagon,0.8,0.0,0.0
90,25,1,5,0.408221265,2.1150525270000005,-15.704285838,-0.025746962468317276,-0.13327318686980968,0.9907448468628135,Spherical,16.0,Hexagon,0.8,0.0,0.0
90,26,2,5,-1.628392209,1.410632318,-15.70456676,0.10247868360639341,-0.08888931988138563,0.9907556753394479,Spherical,16.0,Hexagon,0.8,0.0,0.0
90,27,3,5,-2.036658029,-0.705354464,-15.705283447,0.1284381299639862,0.044514028572896956,0.9907179962186846,Spherical,16.0,Hexagon,0.8,0.0,0.0
90,28,4,5,-0.40822280499999997,-2.11682383,-15.705703847999999,0.025792679822656088,0.13379462179756715,0.9906733754601523,Spherical,16.0,Hexagon,0.8,0.0,0.0
90,29,5,5,1.6284269770000002,-1.412398903,-15.705514360999999,-0.10265744833061757,0.08922988479223547,0.9907065539110008,Spherical,16.0,Hexagon,0.8,0.0,0.0
90,30,0,6,1.628400643,1.4106370609999999,-15.704564687,-0.10242962000504645,-0.08897200871570626,0.9907533268229354,Spherical,16.0,Hexagon,0.8,0.0,0.0
90,31,1,6,-0.408210569,2.115051442,-15.704286622,0.025825933368988824,-0.13325340334739716,0.9907454525063218,Spherical,16.0,Hexagon,0.8,0.0,0.0
90,32,2,6,-2.036622564,0.703598505,-15.704812989,0.12827473537773254,-0.044166541370245005,0.9907547168129774,Spherical,16.0,Hexagon,0.8,0.0,0.0
90,33,3,6,-1.628424034,-1.412398869,-15.70551495,0.10270488830599672,0.08922119182733564,0.9907024199258637,Spherical,16.0,Hexagon,0.8,0.0,0.0
90,34,4,6,0.408225979,-2.116823889,-15.705703982,-0.025740921039088687,0.13379689888942436,0.99067441414,Spherical,16.0,Hexagon,0.8,0.0,0.0
90,35,5,6,2.036661066,-0.7053544070000001,-15.705282384999999,-0.12839515774709948,0.04452501748329814,0.9907230724502227,Spherical,16.0,Hexagon,0.8,0.0,0.0
90,36,0,8,2.849385665,0.703159156,-15.442833781,-0.18106216940391168,-0.04442738360359431,0.9824676576849175,Spherical,16.0,Hexagon,0.8,0.0,0.0
90,37,1,8,0.814874798,2.818560277,-15.441896003,-0.05181056344146477,-0.17912300676105508,0.9824615076249842,Spherical,16.0,Hexagon,0.8,0.0,0.0
90,38,2,8,-2.0344310009999997,2.114485672,-15.442239627000001,0.12917981126736777,-0.13441110791512906,0.9824694552147435,Spherical,16.0,Hexagon,0.8,0.0,0.0
90,39,3,8,-2.849384259,-0.705081281,-15.443310118,0.18128971095280616,0.045008594125071334,0.9823992402061051,Spherical,16.0,Hexagon,0.8,0.0,0.0
90,40,4,8,-0.814882857,-2.8205165739999996,-15.44379599,0.05188458540551044,0.17981588986661515,0.9823310213715007,Spherical,16.0,Hexagon,0.8,0.0,0.0
90,41,5,8,2.034472224,-2.116438854,-15.443666854,-0.1293809786406858,0.13494156838532645,0.9823702639471976,Spherical,16.0,Hexagon,0.8,0.0,0.0
90,42,0,9,2.437952784,1.406552991,-15.488795259,-0.15456171460686355,-0.0892079732192791,0.9839474650060819,Spherical,16.0,Hexagon,0.8,0.0,0.0
90,43,1,9,6.549e-06,2.813972333,-15.48814733,5.202654575519426e-05,-0.17855743362928722,0.9839294894396454,Spherical,16.0,Hexagon,0.8,0.0,0.0
90,44,2,9,-2.4379093469999997,1.406532083,-15.488799597,0.15459328478030956,-0.08918797280380171,0.9839443184489569,Spherical,16.0,Hexagon,0.8,0.0,0.0
90,45,3,9,-2.437952402,-1.408454637,-15.489745337,0.15488422475595992,0.0896375676096664,0.983857704851046,Spherical,16.0,Hexagon,0.8,0.0,0.0
90,46,4,9,1.5599999999999999e-06,-2.815908643,-15.490036841,2.701652804355041e-05,0.17925263326675156,0.9838030761982006,Spherical,16.0,Hexagon,0.8,0.0,0.0
90,47,5,9,2.437955172,-1.408454607,-15.489744184,-0.1548382081540983,0.08965047631100585,0.9838637717656027,Spherical,16.0,Hexagon,0.8,0.0,0.0
90,48,0,10,2.0344415220000003,2.114491576,-15.442236409000001,-0.12910215164228406,-0.13450937871949276,0.9824662139116177,Spherical,16.0,Hexagon,0.8,0.0,0.0
90,49,1,10,-0.814861704,2.8185580679999997,-15.441897593,0.05191415183331646,-0.17908529004687884,0.9824629151923511,Spherical,16.0,Hexagon,0.8,0.0,0.0
90,50,2,10,-2.8493430199999996,0.7031679289999999,-15.442888151,0.1810767440553932,-0.04439862829848308,0.9824662714655964,Spherical,16.0,Hexagon,0.8,0.0,0.0
90,51,3,10,-2.034469578,-2.116438784,-15.443667428000001,0.1294309659503062,0.13493090012689749,0.9823651445588426,Spherical,16.0,Hexagon,0.8,0.0,0.0
90,52,4,10,0.8148857279999999,-2.820516687,-15.443796232,-0.05183064574311706,0.1798203845924216,0.9823330460932712,Spherical,16.0,Hexagon,0.8,0.0,0.0
90,53,5,10,2.8528470699999997,-0.7075811670000001,-15.441745856999999,-0.18147763699516894,0.04518510463303702,0.9823564391756952,Spherical,16.0,Hexagon,0.8,0.0,0.0
